customerID,Contract,tenure,MonthlyCharges,Churn,Predicted_Churn_Probability,Risk_Tier
9300-AGZNL,Month-to-month,1,94.0,Yes,0.9278703096198629,High
9497-QCMMS,Month-to-month,1,93.55,Yes,0.9274997587628152,High
8149-RSOUN,Month-to-month,1,93.85,Yes,0.9247731343057928,High
4910-GMJOT,Month-to-month,1,94.6,Yes,0.9247731343057928,High
0295-PPHDO,Month-to-month,1,95.45,Yes,0.9219317272641289,High
1069-XAIEM,Month-to-month,1,85.05,Yes,0.921826973911515,High
5192-EBGOV,Month-to-month,1,85.7,Yes,0.9199693520077644,High
5178-LMXOP,Month-to-month,1,95.1,Yes,0.918518527530172,High
9282-IZGQK,Month-to-month,1,85.0,Yes,0.9184434268066171,High
5419-JPRRN,Month-to-month,1,101.45,Yes,0.9180169930041084,High
8603-IJWDN,Month-to-month,1,86.6,Yes,0.9161979436988619,High
7024-OHCCK,Month-to-month,2,93.85,Yes,0.9158224837533204,High
7216-EWTRS,Month-to-month,1,100.8,Yes,0.915718096434768,High
4826-XTSOH,Month-to-month,1,86.05,Yes,0.9147968344252265,High
2720-WGKHP,Month-to-month,2,94.0,Yes,0.9141219102190731,High
4912-PIGUY,Month-to-month,1,84.6,No,0.9137212559580818,High
4424-TKOPW,Month-to-month,2,93.85,Yes,0.9133587198098212,High
3988-RQIXO,Month-to-month,1,91.3,Yes,0.9131480885339855,High
9248-OJYKK,Month-to-month,1,76.45,Yes,0.9129278970598913,High
6894-LFHLY,Month-to-month,1,75.75,Yes,0.912530478206992,High
3158-MOERK,Month-to-month,2,96.0,Yes,0.9121623123149286,High
3068-OMWZA,Month-to-month,1,88.8,Yes,0.9118757903594357,High
6567-HOOPW,Month-to-month,1,79.2,Yes,0.9112503933460835,High
5240-IJOQT,Month-to-month,1,74.7,Yes,0.9108581903167294,High
4988-IQIGL,Month-to-month,1,75.35,Yes,0.9104700304388812,High
3551-HUAZH,Month-to-month,1,74.4,Yes,0.9104181657401059,High
7851-WZEKY,Month-to-month,2,95.15,Yes,0.909978695118516,High
8580-AECUZ,Month-to-month,1,79.1,Yes,0.9089444227104461,High
8058-INTPH,Month-to-month,1,79.65,Yes,0.9087102388131553,High
1415-YFWLT,Month-to-month,1,89.3,Yes,0.9083555197155888,High
2609-IAICY,Month-to-month,1,77.15,Yes,0.9081396878257529,High
5494-HECPR,Month-to-month,1,80.25,Yes,0.9080250488797514,High
1833-VGRUM,Month-to-month,1,74.2,Yes,0.9075859037451882,High
0495-RVCBF,Month-to-month,1,79.7,Yes,0.9071733021504947,High
6358-LYNGM,Month-to-month,1,74.9,Yes,0.906863578292411,High
1157-BQCUW,Month-to-month,1,74.95,Yes,0.906863578292411,High
7274-RTAPZ,Month-to-month,1,90.55,Yes,0.9064718996085452,High
8473-VUVJN,Month-to-month,1,73.65,Yes,0.9064698381372591,High
5550-VFRLC,Month-to-month,1,69.85,Yes,0.9063815645302797,High
1452-VOQCH,Month-to-month,1,75.1,No,0.906358538561697,High
2514-GINMM,Month-to-month,1,79.5,Yes,0.9063200269305456,High
1761-AEZZR,Month-to-month,1,79.55,Yes,0.9063200269305456,High
9300-RENDD,Month-to-month,1,79.95,Yes,0.9063200269305456,High
2004-OCQXK,Month-to-month,1,81.95,Yes,0.906198488432431,High
8775-LHDJH,Month-to-month,1,90.6,Yes,0.9061278268554122,High
5960-WPXQM,Month-to-month,1,79.05,Yes,0.9060793821979933,High
5834-ASPWA,Month-to-month,1,75.45,Yes,0.9060237677672904,High
9787-XVQIU,Month-to-month,1,75.3,Yes,0.9060237677672904,High
8740-CRYFY,Month-to-month,1,78.95,Yes,0.9059336132105937,High
4871-JTKJF,Month-to-month,1,69.65,Yes,0.9059108973394132,High
8375-DKEBR,Month-to-month,1,69.6,Yes,0.9057478536883121,High
2636-ALXXZ,Month-to-month,1,69.6,Yes,0.9057478536883121,High
4614-NUVZD,Month-to-month,1,81.1,Yes,0.9056291655516591,High
8816-VXNZD,Month-to-month,1,75.1,Yes,0.9054073056052943,High
7439-DKZTW,Month-to-month,1,80.55,No,0.9052619855734375,High
4415-IJZTP,Month-to-month,1,74.5,Yes,0.905083712775244,High
1374-DMZUI,Month-to-month,4,94.3,Yes,0.9048899491198371,High
8098-LLAZX,Month-to-month,4,95.45,Yes,0.9048580552945481,High
8000-REIQB,Month-to-month,1,69.95,Yes,0.9048229081945073,High
8062-YBDOE,Month-to-month,1,69.65,Yes,0.9046817584306627,High
5539-TMZLF,Month-to-month,1,69.75,Yes,0.9046817584306627,High
4102-OQUPX,Month-to-month,1,74.4,Yes,0.9045419911809406,High
4603-JANFB,Month-to-month,1,69.85,Yes,0.9041126600221493,High
3722-WPXTK,Month-to-month,1,88.35,Yes,0.9039953047182117,High
3027-ZTDHO,Month-to-month,1,89.9,Yes,0.9039044385911865,High
7665-TOALD,Month-to-month,1,69.6,Yes,0.903677447768971,High
4510-HIMLV,Month-to-month,1,69.8,Yes,0.9036419928312828,High
7254-IQWOZ,Month-to-month,1,69.65,Yes,0.9036419928312828,High
6502-MJQAE,Month-to-month,1,69.6,Yes,0.903478949180182,High
0021-IKXGC,Month-to-month,1,72.1,No,0.9033304211440856,High
9057-SIHCH,Month-to-month,3,96.6,Yes,0.9031444380521136,High
0723-DRCLG,Month-to-month,1,74.45,Yes,0.9031374084615271,High
5150-ITWWB,Month-to-month,3,94.85,No,0.9030429989726085,High
2868-MZAGQ,Month-to-month,1,79.25,Yes,0.9030372965179072,High
5875-YPQFJ,Month-to-month,1,69.9,Yes,0.9029026735698176,High
5542-TBBWB,Month-to-month,1,69.9,No,0.9029026735698176,High
9804-ICWBG,Month-to-month,1,69.9,Yes,0.9029026735698176,High
0970-ETWGE,Month-to-month,1,89.55,Yes,0.9028493473758332,High
6457-USBER,Month-to-month,1,80.8,Yes,0.9027033859268406,High
1455-ESIQH,Month-to-month,1,89.1,Yes,0.902661311751117,High
9681-OXGVC,Month-to-month,5,100.5,Yes,0.9025893738823495,High
7206-GZCDC,Month-to-month,1,69.25,Yes,0.902008583269939,High
1820-TQVEV,Month-to-month,1,69.55,Yes,0.9018516065974175,High
7577-SWIFR,Month-to-month,1,89.25,No,0.9018436811659545,High
5597-GLBUC,Month-to-month,1,85.45,Yes,0.9014296118610361,High
7493-TPUWZ,Month-to-month,1,79.15,Yes,0.9006000379151756,High
3428-XZMAZ,Month-to-month,1,69.35,Yes,0.9003612267743667,High
6457-GIRWB,Month-to-month,1,69.35,Yes,0.9003612267743667,High
6513-EECDB,Month-to-month,1,73.55,Yes,0.9003241131957782,High
0488-GSLFR,Month-to-month,1,69.5,Yes,0.9002971200768902,High
2545-EBUPK,Month-to-month,2,84.05,No,0.9002741347583579,High
6023-YEBUP,Month-to-month,3,100.95,Yes,0.8996074707362698,High
6861-XWTWQ,Month-to-month,7,99.25,Yes,0.8995579371396193,High
6521-YYTYI,Month-to-month,1,93.3,Yes,0.8993479996180378,High
9603-OAIHC,Month-to-month,1,70.05,No,0.8989528053951269,High
1143-NMNQJ,Month-to-month,2,85.7,Yes,0.8989417719413221,High
1846-XWOQN,Month-to-month,1,70.15,Yes,0.8988474628398511,High
2446-BEGGB,Month-to-month,6,98.25,Yes,0.89878728242464,High
5567-WSELE,Month-to-month,3,94.6,Yes,0.8985673121056215,High
4822-RVYBB,Month-to-month,8,100.6,Yes,0.8984412824885246,High
9728-FTTVZ,Month-to-month,1,69.2,Yes,0.8978539239880945,High
7660-HDPJV,Month-to-month,1,69.2,Yes,0.8978539239880945,High
9488-HGMJH,Month-to-month,1,71.15,Yes,0.8977981783016632,High
6474-FVJLC,Month-to-month,2,86.0,Yes,0.8977850091634407,High
3494-JCHRQ,Month-to-month,1,70.05,Yes,0.897772307656813,High
9605-WGJVW,Month-to-month,1,70.2,No,0.8976767288593296,High
4695-WJZUE,Month-to-month,2,88.55,Yes,0.8976039644460136,High
3878-AVSOQ,Month-to-month,1,71.25,No,0.8971533854895839,High
5277-ZLOOR,Month-to-month,2,85.55,Yes,0.8970781785356033,High
0318-QUUOB,Month-to-month,1,80.55,Yes,0.8969177291073542,High
8051-HJRLT,Month-to-month,1,70.55,Yes,0.8966342258973043,High
0328-GRPMV,Month-to-month,1,70.1,Yes,0.8965250526024113,High
4702-IOQDC,Month-to-month,1,70.1,Yes,0.8965250526024113,High
8884-ADFVN,Month-to-month,7,101.95,Yes,0.896493836210423,High
4844-JJWUY,Month-to-month,1,86.0,Yes,0.896384610250973,High
9546-CQJSU,Month-to-month,2,91.4,Yes,0.8962327895625327,High
6230-BSUXY,Month-to-month,1,85.0,Yes,0.8961834523651144,High
8644-XLFBW,Month-to-month,1,71.65,Yes,0.8958253719493151,High
2202-CUYXZ,Month-to-month,1,84.85,Yes,0.8958145122788422,High
9305-CDSKC,Month-to-month,8,99.65,Yes,0.8955098170390327,High
4626-GYCZP,Month-to-month,7,93.85,Yes,0.8952160091466741,High
2725-KXXWT,Month-to-month,1,90.75,Yes,0.8951413381016294,High
1031-IIDEO,Month-to-month,1,70.85,Yes,0.8951367535391387,High
6653-CBBOM,Month-to-month,1,70.3,Yes,0.8949695280293773,High
1640-PLFMP,Month-to-month,1,70.25,No,0.8945379755132635,High
3244-DCJWY,Month-to-month,1,70.25,Yes,0.8945379755132635,High
2446-PLQVO,Month-to-month,1,70.3,Yes,0.8945354937540987,High
2656-TABEH,Month-to-month,4,100.2,Yes,0.8944027489082959,High
0259-GBZSH,Month-to-month,2,85.65,Yes,0.8943320354546564,High
5376-DEQCP,Month-to-month,1,70.6,Yes,0.8942819072505777,High
0107-YHINA,Month-to-month,1,99.75,Yes,0.8941495383711714,High
3049-SOLAY,Month-to-month,3,95.2,Yes,0.8940373721323776,High
7465-ZZRVX,Month-to-month,1,70.35,No,0.8936236307145794,High
3716-BDVDB,Month-to-month,1,69.1,Yes,0.8933891485927393,High
2506-TNFCO,Month-to-month,1,69.55,Yes,0.8928536149984736,High
8161-QYMTT,Month-to-month,7,94.1,No,0.8925207551280954,High
9124-LHCJQ,Month-to-month,1,85.45,Yes,0.8920997368099983,High
4927-WWOOZ,Month-to-month,2,91.45,No,0.8915342724124651,High
0781-LKXBR,Month-to-month,9,100.5,Yes,0.8911511170534573,High
1628-BIZYP,Month-to-month,1,85.0,No,0.8911175933599088,High
5196-SGOAK,Month-to-month,1,75.7,Yes,0.8907104452584217,High
3811-VBYBZ,Month-to-month,7,99.8,Yes,0.8900994292764335,High
2660-EMUBI,Month-to-month,10,95.35,Yes,0.8897847214987307,High
1363-TXLSL,Month-to-month,1,70.3,Yes,0.8887694984367575,High
2462-XIIJB,Month-to-month,5,92.5,Yes,0.8879716026947176,High
3765-JXVKY,Month-to-month,1,74.7,Yes,0.8877283614074647,High
1977-STDKI,Month-to-month,1,73.0,Yes,0.8875413292425783,High
8593-WHYHV,Month-to-month,3,85.3,Yes,0.8868452256364446,High
4750-ZRXIU,Month-to-month,4,84.6,Yes,0.8866317516373886,High
0564-JJHGS,Month-to-month,9,95.5,Yes,0.8859374773460036,High
2865-TCHJW,Month-to-month,4,89.2,Yes,0.8859168287998881,High
5797-APWZC,Month-to-month,1,90.6,Yes,0.885800173305405,High
7294-TMAOP,Month-to-month,1,90.55,Yes,0.885800173305405,High
7488-MXJIV,Month-to-month,4,85.65,Yes,0.8856121809127251,High
1447-GIQMR,Month-to-month,1,69.15,Yes,0.8847835100631483,High
5919-TMRGD,Month-to-month,1,79.35,Yes,0.8845010482260892,High
2205-YMZZJ,Month-to-month,7,84.8,Yes,0.8844369535380245,High
2968-SSGAA,Month-to-month,10,100.6,Yes,0.8844363419283807,High
4548-SDBKE,Month-to-month,5,85.2,Yes,0.884372179530428,High
1455-UGQVH,Month-to-month,10,98.5,Yes,0.8842124366063204,High
7330-WZLNC,Month-to-month,5,90.8,Yes,0.884075727244548,High
0697-ZMSWS,Month-to-month,4,85.65,Yes,0.8840704551702475,High
1624-NALOJ,Month-to-month,5,89.8,Yes,0.8838982955177094,High
9725-SCPZG,Month-to-month,1,90.85,Yes,0.8837425155502344,High
0196-VULGZ,Month-to-month,6,84.35,Yes,0.8837328464907324,High
7594-RQHXR,Month-to-month,1,79.6,Yes,0.8837042077104867,High
4274-OWWYO,Month-to-month,1,74.35,Yes,0.8835719092965981,High
3489-HHPFY,Month-to-month,2,84.05,No,0.8835361528465182,High
8372-JUXUI,Month-to-month,1,74.35,Yes,0.8831680759965682,High
6892-EZDTG,Month-to-month,4,91.65,Yes,0.8829049431193141,High
4550-EVXNY,Month-to-month,1,69.65,Yes,0.8826926619184422,High
2034-GDRCN,Month-to-month,2,90.4,Yes,0.8824214466018864,High
1273-MTETI,Month-to-month,4,88.85,Yes,0.882188348645689,High
4273-MBHYA,Month-to-month,1,89.35,No,0.8820823881998042,High
2012-NWRPA,Month-to-month,11,99.55,Yes,0.8820457814080326,High
3727-RJMEO,Month-to-month,6,82.85,Yes,0.8820151075574326,High
6996-KNSML,Month-to-month,1,74.9,Yes,0.8819208233322583,High
0742-NXBGR,Month-to-month,1,82.3,Yes,0.8816677421549098,High
1925-TIBLE,Month-to-month,7,86.5,Yes,0.8816026735876259,High
6630-UJZMY,Month-to-month,4,83.25,No,0.88133503654298,High
8622-ZLFKO,Month-to-month,6,90.75,No,0.8811101280041231,High
9019-QVLZD,Month-to-month,1,79.55,Yes,0.8806378526896244,High
3276-HDUEG,Month-to-month,1,75.05,Yes,0.8804377065288177,High
8972-HJWNV,Month-to-month,7,84.55,Yes,0.8802891620422088,High
7943-RQCHR,Month-to-month,9,94.75,Yes,0.8800119168209989,High
8739-XNIKG,Month-to-month,5,84.0,No,0.8799847048650941,High
5383-MMTWC,Month-to-month,8,84.0,Yes,0.8795768290407443,High
9025-AOMKI,Month-to-month,6,93.55,Yes,0.879509843285112,High
1579-KLYDT,Month-to-month,7,90.45,Yes,0.8794267247406132,High
8780-IXSTS,Month-to-month,6,90.1,Yes,0.8792554591922243,High
4228-ZGYUW,Month-to-month,4,90.05,Yes,0.8789405104471797,High
4951-UKAAQ,Month-to-month,4,88.95,Yes,0.8788709331210043,High
2982-IHMFT,Month-to-month,1,74.45,Yes,0.8787895482743471,High
3387-VATUS,Month-to-month,5,94.85,Yes,0.8787886453133608,High
9223-UCPVT,Month-to-month,1,94.4,Yes,0.8784273921011048,High
9885-CSMWE,Month-to-month,1,78.45,Yes,0.8782395562155394,High
7409-KIUTL,Month-to-month,1,71.0,Yes,0.8780695175735572,High
7503-ZGUZJ,Month-to-month,1,84.65,Yes,0.8779265689454531,High
6496-SLWHQ,Month-to-month,3,105.0,Yes,0.8768623417823302,High
9451-LPGOO,Month-to-month,7,86.8,Yes,0.876352852260726,High
2777-PHDEI,Month-to-month,1,78.05,Yes,0.8761996148899139,High
7120-RFMVS,Month-to-month,1,84.5,Yes,0.8761590713992119,High
1400-MMYXY,Month-to-month,3,105.9,Yes,0.8760177358950517,High
0334-GDDSO,Month-to-month,3,81.35,Yes,0.8757135056425631,High
7180-PISOG,Month-to-month,1,74.5,Yes,0.8753877059123376,High
3462-BJQQA,Month-to-month,6,89.75,No,0.8752812951029779,High
5380-AFSSK,Month-to-month,5,93.9,Yes,0.8750767843438599,High
7314-OXENN,Month-to-month,2,82.0,Yes,0.8749277037712818,High
0754-UKWQP,Month-to-month,2,95.85,Yes,0.8748804120592746,High
7074-IEVOJ,Month-to-month,3,79.4,Yes,0.8746559354432607,High
4587-VVTOX,Month-to-month,6,105.3,Yes,0.8745645528588881,High
8382-SHQEH,Month-to-month,8,84.9,Yes,0.8745478228493585,High
5393-RXQSZ,Month-to-month,1,79.6,Yes,0.8744866973569259,High
1285-OKIPP,Month-to-month,1,79.9,Yes,0.8744866973569259,High
0637-KVDLV,Month-to-month,2,76.5,Yes,0.874303838208224,High
3389-YGYAI,Month-to-month,8,105.5,Yes,0.8740438271123827,High
8380-PEFPE,Month-to-month,1,71.65,Yes,0.8739525252312096,High
1304-NECVQ,Month-to-month,2,78.55,Yes,0.8739305860053502,High
2867-UIMSS,Month-to-month,1,80.5,Yes,0.8739026803347355,High
4806-HIPDW,Month-to-month,1,68.95,Yes,0.8737675968932732,High
6979-ZNSFF,Month-to-month,8,87.05,Yes,0.8732843133057238,High
4078-SAYYN,Month-to-month,11,100.75,Yes,0.8730110716113029,High
2672-HUYVI,Month-to-month,6,91.1,Yes,0.873001882127975,High
7450-NWRTR,Month-to-month,12,99.45,Yes,0.8729904036276539,High
8058-JMEQO,Month-to-month,9,84.45,Yes,0.8729638946190383,High
5229-PRWKT,Month-to-month,8,86.55,Yes,0.8728426009948017,High
7526-BEZQB,Month-to-month,12,96.05,Yes,0.8726319710358067,High
2642-DTVCO,Month-to-month,9,85.05,Yes,0.8721938970090398,High
1618-CFHME,Month-to-month,2,75.9,Yes,0.8721341618322956,High
8414-MYSHR,Month-to-month,5,91.4,Yes,0.8721126338730253,High
4713-LZDRV,Month-to-month,2,79.6,Yes,0.8717949622191344,High
0897-FEGMU,Month-to-month,11,99.5,Yes,0.8717476418920033,High
6969-MVBAI,Month-to-month,9,90.1,No,0.8712734966823776,High
7576-OYWBN,Month-to-month,3,76.05,Yes,0.8712087696706008,High
9965-YOKZB,Month-to-month,9,83.85,Yes,0.8710426658127072,High
3006-XIMLN,Month-to-month,2,94.2,Yes,0.8708925435512661,High
0137-OCGAB,Month-to-month,1,80.2,Yes,0.870823498311417,High
5299-SJCZT,Month-to-month,3,101.55,Yes,0.8707990208842972,High
8258-GSTJK,Month-to-month,3,77.0,Yes,0.870757097264914,High
7779-LGOVN,Month-to-month,10,86.65,Yes,0.87052394582702,High
6960-HVYXR,Month-to-month,1,76.0,Yes,0.8702448678156939,High
3422-GALYP,Month-to-month,2,79.45,No,0.8699617795217495,High
4143-OOBWZ,Month-to-month,5,81.3,Yes,0.8697199049565243,High
5134-IKDAY,Month-to-month,1,69.8,Yes,0.8697015022111746,High
6618-RYATB,Month-to-month,1,79.55,Yes,0.8696600266397454,High
1853-UDXBW,Month-to-month,1,70.0,Yes,0.8693919157033198,High
7249-WBIYX,Month-to-month,10,85.6,Yes,0.869367886794862,High
0679-IDSTG,Month-to-month,1,69.25,Yes,0.8693279507144617,High
3066-RRJIO,Month-to-month,1,69.95,Yes,0.8692746048570321,High
3746-EUBYR,Month-to-month,1,74.6,Yes,0.8692290569860016,High
1724-BQUHA,Month-to-month,5,89.5,Yes,0.8688558345008496,High
9611-CTWIH,Month-to-month,3,89.45,Yes,0.868828400733167,High
2982-VPSGI,Month-to-month,11,94.0,Yes,0.8687994368743432,High
3318-NMQXL,Month-to-month,3,92.0,No,0.8687408418704152,High
2990-HWIML,Month-to-month,6,89.5,Yes,0.8683139579367516,High
7817-BOQPW,Month-to-month,2,75.55,Yes,0.8682061431252439,High
7548-SEPYI,Month-to-month,5,96.25,Yes,0.8680754056159462,High
6688-UZPWD,Month-to-month,11,102.0,Yes,0.8678587259909702,High
2254-DLXRI,Month-to-month,1,79.15,No,0.8678194917609677,High
7153-OANIO,Month-to-month,1,69.95,Yes,0.8676143817962109,High
9878-TNQGW,Month-to-month,2,80.95,Yes,0.8675822240816327,High
6372-RFVNS,Month-to-month,1,78.8,Yes,0.8675245721164201,High
4847-TAJYI,Month-to-month,6,89.35,No,0.8674618091873874,High
5835-BEQEU,Month-to-month,3,76.95,Yes,0.8674456130757456,High
7760-OYPDY,Month-to-month,2,80.65,Yes,0.8672257336325544,High
4795-KTRTH,Month-to-month,5,81.0,Yes,0.8671108207692335,High
4529-CKBCL,Month-to-month,2,80.2,Yes,0.8667456783547247,High
3707-GNWHM,Month-to-month,1,74.25,Yes,0.8667034423462048,High
1981-INRFU,Month-to-month,2,79.75,Yes,0.8665271548151868,High
4115-NZRKS,Month-to-month,7,89.15,No,0.8663800334829865,High
6350-XFYGW,Month-to-month,4,94.75,No,0.866270110753542,High
9985-MWVIX,Month-to-month,1,70.15,Yes,0.8661240115482678,High
2619-WFQWU,Month-to-month,1,70.15,Yes,0.8661240115482678,High
3319-DWOEP,Month-to-month,6,95.75,Yes,0.866107686136765,High
1941-HOSAM,Month-to-month,1,90.1,No,0.8660525576074278,High
2262-SLNVK,Month-to-month,1,70.1,No,0.8659872078582261,High
1567-DSCIC,Month-to-month,8,94.0,Yes,0.8659629949711183,High
4140-MUHUG,Month-to-month,3,86.85,Yes,0.8656267482906335,High
2952-QAYZF,Month-to-month,5,85.3,Yes,0.865550813769355,High
2454-RPBRZ,Month-to-month,12,98.1,Yes,0.8654595214794739,High
5519-NPHVG,Month-to-month,12,94.2,Yes,0.8651022936250289,High
9689-PTNPG,Month-to-month,2,80.25,Yes,0.8650295773510848,High
3398-FSHON,Month-to-month,12,91.3,Yes,0.8650198022929224,High
7228-OMTPN,Month-to-month,4,88.45,Yes,0.8649234290952525,High
8086-OVPWV,Month-to-month,2,80.2,Yes,0.8649170996049619,High
4192-GORJT,Month-to-month,5,94.45,Yes,0.8648973614569858,High
1915-IOFGU,Month-to-month,1,70.5,Yes,0.8647978084518104,High
2691-NZETQ,Month-to-month,9,85.35,Yes,0.8646683573202913,High
8357-EQXFO,Month-to-month,7,95.35,Yes,0.864623690628271,High
3178-FESZO,Month-to-month,1,100.25,Yes,0.8645753221106751,High
9957-YODKZ,Month-to-month,6,80.8,No,0.8644274340246504,High
2215-ZAFGX,Month-to-month,9,85.5,No,0.8644121713355609,High
8337-UPOAQ,Month-to-month,10,89.8,Yes,0.8643789955740069,High
3177-LASXD,Month-to-month,1,71.35,Yes,0.8642254206818363,High
4145-UQXUQ,Month-to-month,8,92.1,Yes,0.8642099668573303,High
0968-GSIKN,Month-to-month,1,70.8,Yes,0.8641047201382636,High
3422-LYEPQ,Month-to-month,1,71.0,Yes,0.8639927698313457,High
1569-TTNYJ,Month-to-month,5,78.75,Yes,0.8638664738008383,High
2018-QKYGT,Month-to-month,1,81.05,No,0.8636146394713262,High
0702-PGIBZ,Month-to-month,4,101.7,Yes,0.863611213096569,High
0655-RBDUG,Month-to-month,7,98.05,Yes,0.8635506776104184,High
4234-XTNEA,Month-to-month,2,79.95,No,0.8635040102251115,High
0195-IESCP,Month-to-month,10,85.25,Yes,0.8631459738683094,High
8309-IEYJD,Month-to-month,1,70.6,No,0.8630596466524746,High
8931-GJJIQ,Month-to-month,9,83.3,Yes,0.862948267151247,High
9134-CEQMF,Month-to-month,7,89.5,Yes,0.8629381176645512,High
5032-MIYKT,Month-to-month,1,70.7,No,0.8628903133454101,High
0220-EBGCE,Month-to-month,2,85.85,Yes,0.8626657726665081,High
4090-KPJIP,Month-to-month,3,74.95,No,0.8626244428617372,High
4581-SSPWD,Month-to-month,3,75.8,Yes,0.8625977993359139,High
4952-YSOGZ,Month-to-month,4,85.95,Yes,0.8625407090967083,High
1320-HTRDR,Month-to-month,3,75.5,Yes,0.8625149897015192,High
9507-EXLTT,Month-to-month,1,79.35,Yes,0.862449578245194,High
0404-SWRVG,Month-to-month,3,74.4,Yes,0.8621449173617938,High
3643-AHCFP,Month-to-month,7,95.6,Yes,0.861995888995255,High
6108-OQZDQ,Month-to-month,4,97.95,Yes,0.8613414410708244,High
5054-IEXZT,Month-to-month,1,75.35,Yes,0.8613143273984868,High
4759-TRPLW,Month-to-month,1,70.4,Yes,0.8612522264358495,High
3871-IKPYH,Month-to-month,1,69.1,Yes,0.8612269106395758,High
0187-QSXOE,Month-to-month,7,89.0,No,0.8611060692072391,High
9306-CPCBC,Month-to-month,3,74.25,Yes,0.8609860996955336,High
5275-SQEIZ,Month-to-month,1,80.85,Yes,0.8609571729347054,High
2013-SGDXK,Month-to-month,1,84.3,Yes,0.8604335746500826,High
6857-VWJDT,Month-to-month,1,95.65,Yes,0.8602803152741963,High
6356-ELRKD,Month-to-month,1,95.6,Yes,0.8599281472535887,High
9944-HKVVB,Month-to-month,3,95.1,Yes,0.8595634565955862,High
3049-NDXFL,Month-to-month,1,85.8,Yes,0.8594670229178453,High
3902-FOIGH,Month-to-month,12,101.35,Yes,0.8590446342094221,High
4285-GYRQC,Month-to-month,7,86.25,Yes,0.859026657132859,High
5583-SXDAG,Month-to-month,1,70.0,Yes,0.8588088667541683,High
1393-IMKZG,Month-to-month,1,95.85,No,0.8582777764870503,High
8775-ERLNB,Month-to-month,1,74.3,No,0.8582680620724666,High
8443-ZRDBZ,Month-to-month,4,76.05,Yes,0.8581632318375976,High
0722-TROQR,Month-to-month,4,74.9,Yes,0.8578403664274676,High
5186-SAMNZ,Month-to-month,1,69.5,Yes,0.8571934260976758,High
8808-ELEHO,Month-to-month,8,81.25,Yes,0.8571865956643401,High
1678-FYZOW,Month-to-month,3,79.4,Yes,0.8571371092403319,High
4210-QFJMF,Month-to-month,4,79.15,Yes,0.8568366656736665,High
2612-RRIDN,Month-to-month,4,81.0,Yes,0.8566419039211778,High
6357-JJPQT,Month-to-month,3,80.5,No,0.8565116437673652,High
4086-YQSNZ,Month-to-month,3,80.4,Yes,0.8564763038368665,High
6161-UUUTA,Month-to-month,3,79.9,Yes,0.856333753535455,High
3519-ZKXGG,Month-to-month,3,75.85,Yes,0.856158470554601,High
9334-GWGOW,Month-to-month,7,74.85,No,0.8559006713788357,High
6941-PMGEP,Month-to-month,5,80.0,Yes,0.8558669750468784,High
0325-XBFAC,Month-to-month,8,94.7,Yes,0.8558145142132999,High
9061-TIHDA,Month-to-month,13,95.25,Yes,0.8557460981449773,High
8752-STIVR,Month-to-month,4,79.0,Yes,0.8557282359572205,High
8945-GRKHX,Month-to-month,1,78.65,Yes,0.8555902775348327,High
1197-BVMVG,Month-to-month,4,74.45,No,0.855509225907479,High
2645-QTLMB,Month-to-month,7,94.25,Yes,0.8553233558779197,High
7563-BIUPC,Month-to-month,5,80.6,Yes,0.8551320383055047,High
8083-YTZES,Month-to-month,4,74.35,Yes,0.8550206753274411,High
5445-UTODQ,Month-to-month,7,81.1,Yes,0.85483669021323,High
6910-HADCM,Month-to-month,1,76.35,Yes,0.8545257136727419,High
3138-BKYAV,Month-to-month,6,85.35,Yes,0.8543021518299332,High
1450-GALXR,Month-to-month,10,98.5,Yes,0.8542535730172482,High
8185-UPYBR,Month-to-month,6,75.5,Yes,0.8541671791818466,High
2077-MPJQO,Month-to-month,7,75.4,No,0.8541529844021665,High
9399-APLBT,Month-to-month,1,74.7,Yes,0.853981846758519,High
5956-VKDTT,Month-to-month,5,74.35,Yes,0.8539033877995366,High
2379-ENZGV,Month-to-month,6,84.85,Yes,0.8538849383061354,High
4749-OJKQU,Month-to-month,4,75.65,No,0.8535177322994487,High
7341-LXCAF,Month-to-month,4,74.65,Yes,0.8532870238974495,High
7908-QCBCA,Month-to-month,1,69.4,Yes,0.8532424421699821,High
6877-TJMBR,Month-to-month,1,84.8,Yes,0.8532368239362478,High
5564-NEMQO,Month-to-month,1,75.3,Yes,0.8531468564533299,High
0231-LXVAP,Month-to-month,1,75.9,Yes,0.853033061103842,High
2026-TGDHM,Month-to-month,7,79.3,Yes,0.8523755182507748,High
2959-MJHIC,Month-to-month,4,80.35,Yes,0.8522850035160168,High
5167-ZFFMM,Month-to-month,1,90.85,Yes,0.8522189873582922,High
3097-NQYSN,Month-to-month,2,86.85,Yes,0.8518158314349699,High
6140-QNRQQ,Month-to-month,1,71.55,Yes,0.8517996620019199,High
8042-JVNFH,Month-to-month,1,71.35,Yes,0.8517465122130813,High
0390-DCFDQ,Month-to-month,1,70.45,Yes,0.8516940075172408,High
4229-CZMLL,Month-to-month,6,74.9,Yes,0.8516526436944674,High
2856-HYAPG,Month-to-month,1,68.65,Yes,0.8516180863150145,High
5052-PNLOS,Month-to-month,3,105.35,Yes,0.8515586635405408,High
3320-VEOYC,Month-to-month,14,95.6,No,0.8515411901982407,High
9231-ZJYAM,Month-to-month,4,78.85,Yes,0.8514899573941411,High
2265-CYWIV,Month-to-month,4,99.6,Yes,0.8513448417491141,High
2789-HQBOU,Month-to-month,3,80.35,No,0.8511542897189046,High
6437-UKHMV,Month-to-month,7,79.7,Yes,0.8510440647515924,High
7638-QVMVY,Month-to-month,7,79.0,Yes,0.8510207823237558,High
6328-ZPBGN,Month-to-month,11,95.15,Yes,0.850998115110269,High
1875-QIVME,Month-to-month,2,104.4,Yes,0.8506647438923115,High
9617-INGJY,Month-to-month,1,70.6,No,0.8505321054202277,High
4806-KEXQR,Month-to-month,4,79.9,Yes,0.8503034069736679,High
9172-ANCRX,Month-to-month,10,98.7,Yes,0.8501817992616963,High
9837-BMCLM,Month-to-month,3,78.5,Yes,0.850110012550706,High
6229-LSCKB,Month-to-month,6,79.7,No,0.8500411143896001,High
3198-VELRD,Month-to-month,3,84.75,Yes,0.8499391787704208,High
1564-NTYXF,Month-to-month,13,82.0,Yes,0.8497641339522654,High
3045-XETSH,Month-to-month,10,94.85,Yes,0.8493398746811089,High
8242-SOQUO,Month-to-month,5,84.7,No,0.8493082757464643,High
2024-BASKD,Month-to-month,1,74.6,Yes,0.8489834699532167,High
3793-MMFUH,Month-to-month,13,95.05,Yes,0.8489694284157426,High
7130-VTEWQ,Month-to-month,8,75.75,Yes,0.8489459999291084,High
5868-YWPDW,Month-to-month,6,84.2,Yes,0.8489191898226746,High
2123-AGEEN,Month-to-month,7,84.35,No,0.8485153928815681,High
9317-WZPGV,Month-to-month,2,79.75,Yes,0.8480222463670976,High
4884-ZTHVF,Month-to-month,8,87.1,No,0.8475812777370348,High
7613-LLQFO,Month-to-month,12,84.45,Yes,0.8475634231586109,High
4112-LUEIZ,Month-to-month,10,89.5,Yes,0.8474696037889843,High
2472-OVKUP,Month-to-month,6,91.0,Yes,0.8472846524211946,High
1960-UYCNN,Month-to-month,10,95.25,No,0.8472417535043572,High
5159-YFPKQ,Month-to-month,2,75.8,Yes,0.8471760696792953,High
2516-VQRRV,Month-to-month,2,75.45,Yes,0.8470863156831677,High
3296-SILRA,Month-to-month,1,76.4,Yes,0.8469448372476596,High
7398-SKNQZ,Month-to-month,3,94.9,No,0.8468085442103285,High
7595-EUIVN,Month-to-month,1,75.8,Yes,0.8467518703563247,High
4395-PZMSN,Month-to-month,5,85.55,No,0.8466739330481088,High
6856-RAURS,Month-to-month,2,74.9,No,0.8465036781908123,High
6416-TVAIH,Month-to-month,1,68.5,Yes,0.8459266002002077,High
8168-UQWWF,Month-to-month,11,97.85,Yes,0.845640047045879,High
4342-HENTK,Month-to-month,2,70.65,Yes,0.8454609147995049,High
7005-CCBKV,Month-to-month,6,84.4,Yes,0.8453440638721278,High
8087-LGYHQ,Month-to-month,9,94.05,No,0.8452564739690837,High
5348-CAGXB,Month-to-month,12,89.55,No,0.8447731086938275,High
4501-EQDRN,Month-to-month,1,69.7,Yes,0.8442208442968346,High
1173-XZPYF,Month-to-month,11,89.2,No,0.8441528894291591,High
0122-OAHPZ,Month-to-month,7,73.85,Yes,0.8438515660369489,High
9444-JTXHZ,Month-to-month,1,76.2,Yes,0.8437328537928122,High
6711-FLDFB,Month-to-month,7,74.9,Yes,0.8430451864778965,High
5043-TRZWM,Month-to-month,1,75.55,No,0.8430243131095971,High
5276-KQWHG,Month-to-month,2,69.6,Yes,0.8429883607514094,High
5644-PDMZC,Month-to-month,2,89.5,Yes,0.8427930956285815,High
9940-RHLFB,Month-to-month,1,75.3,Yes,0.842517701205044,High
5804-LEPIM,Month-to-month,2,70.35,Yes,0.8425148902265123,High
5349-IECLD,Month-to-month,2,94.95,Yes,0.8424501972484465,High
2761-OCIAX,Month-to-month,2,74.7,Yes,0.8421743103868828,High
3030-YDNRM,Month-to-month,8,74.85,No,0.8419824418459932,High
8183-ONMXC,Month-to-month,2,80.75,Yes,0.8419565556006171,High
1184-PJVDB,Month-to-month,10,79.95,Yes,0.8419448077490629,High
0515-YPMCW,Month-to-month,1,70.45,Yes,0.8418200952006015,High
0235-KGSLC,Month-to-month,1,85.55,Yes,0.8417092902892975,High
7209-JCUDS,Month-to-month,10,94.9,Yes,0.8416972533359082,High
1704-NRWYE,Month-to-month,9,80.85,Yes,0.8416636923753593,High
1389-CXMLU,Month-to-month,3,91.05,Yes,0.8414258593622349,High
0840-DFEZH,Month-to-month,7,75.35,No,0.8414037805631098,High
7234-FECYN,Month-to-month,8,101.35,Yes,0.8410919850197471,High
0709-TVGUR,Month-to-month,9,74.55,Yes,0.8409339566311795,High
3834-XUIFC,Month-to-month,7,85.2,Yes,0.8405258330692046,High
8821-XNHVZ,Month-to-month,1,80.05,Yes,0.8405196110620474,High
3621-CEOVK,Month-to-month,14,100.2,Yes,0.8402661962813475,High
2260-USTRB,Month-to-month,2,70.2,Yes,0.8401420051096363,High
3199-XGZCY,Month-to-month,8,75.25,No,0.839836528251588,High
4110-PFEUZ,Month-to-month,1,69.55,Yes,0.8396531652485723,High
0684-AOSIH,Month-to-month,1,95.0,Yes,0.8395887823264904,High
7693-LCKZL,Month-to-month,5,80.15,Yes,0.8392921072337713,High
3721-CNEYS,Month-to-month,2,70.95,Yes,0.839268585656466,High
7363-QTBIW,Month-to-month,9,79.75,No,0.8389178250189866,High
7858-GTZSP,Month-to-month,12,86.55,No,0.8388818067707191,High
7994-UYIVZ,Month-to-month,8,85.65,No,0.8386200311508492,High
1448-PWKYE,Month-to-month,1,80.0,Yes,0.8384721239821745,High
5889-LFOLL,Month-to-month,13,84.6,Yes,0.8382789167419765,High
9237-HQITU,Month-to-month,2,70.7,Yes,0.8381527407144322,High
7394-LWLYN,Month-to-month,2,70.15,No,0.8381420496062975,High
6772-KSATR,Month-to-month,1,81.7,Yes,0.8379119552306614,High
2612-RANWT,Month-to-month,12,100.15,Yes,0.8378632888077729,High
2180-DXNEG,Month-to-month,12,96.0,Yes,0.8377556406700822,High
5565-FILXA,Month-to-month,16,96.15,Yes,0.8377490629173195,High
1731-TVIUK,Month-to-month,4,93.5,Yes,0.8377408465544485,High
4770-UEZOX,Month-to-month,2,74.75,No,0.8375106849860382,High
0495-ZBNGW,Month-to-month,5,79.9,Yes,0.8373495826968409,High
9717-QEBGU,Month-to-month,2,70.3,No,0.8368361888976223,High
7903-CMPEY,Month-to-month,1,80.3,Yes,0.8366158706540916,High
7235-NXZCP,Month-to-month,2,74.85,Yes,0.8365550755687199,High
2674-MIAHT,Month-to-month,4,80.3,No,0.8365532414684017,High
9185-TQCVP,Month-to-month,14,85.15,Yes,0.8364505336624675,High
9840-EFJQB,Month-to-month,1,74.35,No,0.8364004783953356,High
2737-YNGYW,Month-to-month,2,80.55,Yes,0.8362509208276405,High
4060-LDNLU,Month-to-month,7,96.2,No,0.8357483116291511,High
0872-NXJYS,Month-to-month,9,79.55,Yes,0.8354551009522497,High
4482-EWFMI,Month-to-month,2,69.7,No,0.8348241629663898,High
0151-ONTOV,Month-to-month,1,70.9,Yes,0.8343928931924465,High
0519-XUZJU,Month-to-month,1,70.75,Yes,0.8343928931924465,High
0306-JAELE,Month-to-month,5,96.1,Yes,0.8343813514693997,High
8040-MNRTF,Month-to-month,1,71.1,No,0.8343093819263139,High
0511-JTEOY,Month-to-month,1,71.1,Yes,0.8343093819263139,High
3074-GQWYX,Month-to-month,5,75.9,Yes,0.8342240264742913,High
2688-BHGOG,Month-to-month,9,79.55,No,0.833389500979489,High
6275-YDUVO,Month-to-month,2,86.2,Yes,0.8333586526219277,High
2880-FPNAE,Month-to-month,2,74.2,No,0.8331824007757573,High
9897-KXHCM,Month-to-month,3,80.3,Yes,0.8331081705446649,High
5429-LWCMV,Month-to-month,12,89.15,No,0.8330032716857159,High
1062-LHZOD,Month-to-month,1,69.9,Yes,0.8329117635648918,High
6615-NGGZJ,Month-to-month,14,100.55,Yes,0.8329072196864903,High
7321-VGNKU,Month-to-month,2,70.35,No,0.8329037845942623,High
0094-OIFMO,Month-to-month,11,95.0,Yes,0.8328744901520566,High
6015-VVHHE,Month-to-month,5,83.15,Yes,0.8327742481367225,High
3295-YVUSR,Month-to-month,2,72.6,No,0.8327521123148524,High
2055-PDADH,Month-to-month,3,70.4,Yes,0.8327372581753586,High
5095-AESKG,Month-to-month,3,91.5,Yes,0.8326783028838229,High
4132-KALRO,Month-to-month,4,100.85,No,0.83216880484426,High
6000-APYLU,Month-to-month,9,80.8,Yes,0.8320655378699097,High
8225-BTJAU,Month-to-month,10,79.25,Yes,0.831950747961395,High
9894-EZEWG,Month-to-month,1,74.3,Yes,0.8319359870288451,High
1965-AKTSX,Month-to-month,14,78.95,Yes,0.8319141385051257,High
6860-YRJZP,Month-to-month,9,74.05,No,0.8319027455771291,High
8111-RKSPX,Month-to-month,4,72.2,Yes,0.8317525153901216,High
2897-DOVND,Month-to-month,2,69.8,No,0.8313190888262686,High
8541-QVFKM,Month-to-month,8,73.5,No,0.8312618004244521,High
6407-UTSLV,Month-to-month,2,83.8,No,0.8311266944668821,High
4813-HQMGZ,Month-to-month,8,90.25,No,0.8309036530970431,High
5318-IXUZF,Month-to-month,2,87.15,Yes,0.830850053044683,High
0236-HFWSV,Month-to-month,15,93.35,Yes,0.8306515845216345,High
8835-VSDSE,Month-to-month,2,70.7,Yes,0.8305245826855038,High
5561-NWEVX,Month-to-month,2,79.2,Yes,0.8303625760999258,High
2929-ERCFZ,Month-to-month,8,94.2,Yes,0.8303454745390354,High
6432-TWQLB,Month-to-month,5,85.4,Yes,0.8302748402856286,High
9094-AZPHK,Month-to-month,15,100.15,No,0.8302361019339496,High
7198-GLXTC,Month-to-month,2,79.0,Yes,0.830091393874838,High
1195-OIYEJ,Month-to-month,13,91.1,Yes,0.8298928310131075,High
6168-WFVVF,Month-to-month,3,70.3,Yes,0.829866209207594,High
3191-CSNMG,Month-to-month,3,80.7,No,0.8296838710040532,High
6086-ESGRL,Month-to-month,1,80.15,Yes,0.8295315327039128,High
6435-SRWBJ,Month-to-month,5,82.75,No,0.8295155584645924,High
7354-OIJLX,Month-to-month,9,75.85,No,0.8294854757104742,High
1219-NNDDO,Month-to-month,9,76.85,No,0.8293050333149561,High
6786-OBWQR,Month-to-month,5,80.85,No,0.8292868442692628,High
5928-QLDHB,Month-to-month,9,76.25,No,0.8292509702445564,High
8943-URTMR,Month-to-month,2,79.65,Yes,0.8285943238090113,High
9846-GKXAS,Month-to-month,9,90.8,Yes,0.8285435016555123,High
5685-IIXLY,Month-to-month,5,83.6,Yes,0.828250514650835,High
5884-GCYMI,Month-to-month,1,69.4,Yes,0.8282381574979035,High
1122-JWTJW,Month-to-month,1,70.65,Yes,0.8281125417740373,High
7156-MHUGY,Month-to-month,13,90.5,Yes,0.827980869933431,High
0880-TKATG,Month-to-month,4,101.15,Yes,0.8278742041606783,High
0345-HKJVM,Month-to-month,6,89.3,Yes,0.827566867831917,High
1086-LXKFY,Month-to-month,1,69.1,Yes,0.8275049332223607,High
0680-DFNNY,Month-to-month,15,101.1,Yes,0.8272415314781514,High
8065-YKXKD,Month-to-month,10,74.75,Yes,0.8271755522178111,High
4282-YMKNA,Month-to-month,9,74.75,Yes,0.8268453606443815,High
1342-JPNKI,Month-to-month,10,86.05,Yes,0.8267085320796508,High
4822-NGOCH,Month-to-month,13,84.45,Yes,0.8264855463661136,High
6077-BDPXA,Month-to-month,3,70.15,No,0.8259564977360269,High
6210-KBBPI,Month-to-month,9,99.45,Yes,0.8256717512049658,High
6060-DRTNL,Month-to-month,5,84.85,Yes,0.825505996593659,High
2074-GKOWZ,Month-to-month,2,89.55,Yes,0.8253389369197107,High
3186-BAXNB,Month-to-month,1,91.7,Yes,0.8252413657277116,High
7508-MYBOG,Month-to-month,14,86.1,Yes,0.8250465019698956,High
5168-MSWXT,Month-to-month,8,94.75,No,0.8247191680821893,High
3750-CKVKH,Month-to-month,2,67.75,Yes,0.824600664397684,High
3372-KWFBM,Month-to-month,16,86.6,Yes,0.8244913859448477,High
8245-UMPYT,Month-to-month,16,96.4,Yes,0.8243220652446759,High
8873-GLDMH,Month-to-month,6,73.85,No,0.8242608403941176,High
8510-AWCXC,Month-to-month,13,100.8,Yes,0.8241173049113775,High
5399-ZIMKF,Month-to-month,5,74.65,No,0.8236573663360609,High
3776-EKTKM,Month-to-month,1,36.45,Yes,0.8234951345645297,High
5940-AHUHD,Month-to-month,1,70.6,Yes,0.8233738861999124,High
3606-TWKGI,Month-to-month,13,106.9,Yes,0.8232937040324833,High
0727-IWKVK,Month-to-month,9,79.9,Yes,0.8231707596605576,High
7938-OUHIO,Month-to-month,3,98.7,Yes,0.8229592207344834,High
8361-LTMKD,Month-to-month,4,74.4,Yes,0.8228691148169875,High
7245-NIIWQ,Month-to-month,3,69.85,No,0.8228339490077746,High
5442-UTCVD,Month-to-month,3,91.85,Yes,0.8227881395267672,High
8413-VONUO,Month-to-month,2,95.65,Yes,0.8227113758535014,High
1084-UQCHV,Month-to-month,1,69.75,Yes,0.8224931134978977,High
3473-XIIIT,Month-to-month,16,100.0,Yes,0.8224904125989896,High
8010-EZLOU,Month-to-month,15,80.2,Yes,0.8223482739066917,High
7218-HKQFK,Month-to-month,2,94.2,Yes,0.8222694014707049,High
9799-CAYJJ,Month-to-month,2,69.3,No,0.8220966551495809,High
9685-WKZGT,Month-to-month,14,74.95,Yes,0.8219477813854432,High
9221-OTIVJ,Month-to-month,14,104.85,Yes,0.8217901067606576,High
8132-YPVBX,Month-to-month,6,85.95,No,0.8217749534108114,High
5949-XIKAE,Month-to-month,8,83.55,Yes,0.821655291578659,High
2272-QAGFO,Month-to-month,14,74.3,Yes,0.8216396026084956,High
1024-VRZHF,Month-to-month,11,74.95,Yes,0.8215598349979968,High
1075-BGWOH,Month-to-month,16,98.75,Yes,0.8211217038324878,High
1980-KXVPM,Month-to-month,3,75.05,Yes,0.8209848939436885,High
7379-POKDZ,Month-to-month,3,70.3,Yes,0.8209815529460399,High
9633-XQABV,Month-to-month,3,70.25,No,0.8208664427499137,High
9290-SHCMB,Month-to-month,13,96.85,No,0.8205992184623725,High
5698-BQJOH,Month-to-month,9,94.4,Yes,0.8201141103202564,High
6137-NICCO,Month-to-month,6,94.05,No,0.8200695462099513,High
8107-KNCIM,Month-to-month,14,75.1,No,0.8199278949466338,High
3488-PGMQJ,Month-to-month,8,74.5,Yes,0.819813730126115,High
2424-WVHPL,Month-to-month,1,74.7,No,0.8197642235867436,High
0004-TLHLJ,Month-to-month,4,73.9,Yes,0.8196811465658822,High
7181-BQYBV,Month-to-month,1,102.45,Yes,0.8196588022508334,High
3585-ISXZP,Month-to-month,8,95.65,Yes,0.8194923459004767,High
4445-ZJNMU,Month-to-month,9,99.3,No,0.8192261434621471,High
8779-QRDMV,Month-to-month,1,39.65,Yes,0.8189878762163928,High
3106-ULWFW,Month-to-month,8,85.2,Yes,0.8189528694797924,High
0722-SVSFK,Month-to-month,7,100.4,No,0.8187924158075004,High
7479-NITWS,Month-to-month,7,89.35,Yes,0.8187811741996863,High
2135-DQWAQ,Month-to-month,5,85.3,No,0.8185891719706901,High
9747-DDZOS,Month-to-month,1,73.5,Yes,0.8179234910629409,High
0644-OQMDK,Month-to-month,4,70.65,No,0.8178680227545755,High
0685-MLYYM,Month-to-month,2,70.75,Yes,0.8175644132487767,High
2154-KVJFF,Month-to-month,15,79.75,Yes,0.8174313875249904,High
2276-YDAVZ,Month-to-month,3,75.1,Yes,0.8173572144539154,High
2876-GZYZC,Month-to-month,13,85.95,No,0.8172578069465429,High
9330-IJWIO,Month-to-month,13,100.35,Yes,0.8171842677978983,High
9408-SSNVZ,Month-to-month,4,70.15,Yes,0.8169909434130864,High
1475-VWVDO,Month-to-month,7,74.9,No,0.8167819495338565,High
4059-IIEBK,Month-to-month,7,78.55,No,0.8162447993423677,High
3420-YJLQT,Month-to-month,2,79.55,No,0.815995253350299,High
3370-HXOPH,Month-to-month,3,76.1,No,0.8158942044858243,High
2657-VPXTA,Month-to-month,10,88.85,No,0.8158225385633332,High
2568-BRGYX,Month-to-month,4,70.2,Yes,0.8157973187893369,High
7912-SYRQT,Month-to-month,7,75.1,Yes,0.8157495638084068,High
6221-AVQYL,Month-to-month,2,73.25,Yes,0.8156501505282275,High
8325-QRPZR,Month-to-month,7,75.15,No,0.8155992782102617,High
9391-EOYLI,Month-to-month,12,80.45,Yes,0.8155528375109902,High
3874-EQOEP,Month-to-month,7,95.0,Yes,0.8154504094087511,High
1200-TUZHR,Month-to-month,8,85.2,No,0.8154297430619012,High
3440-JPSCL,Month-to-month,6,99.95,Yes,0.815265465606615,High
0329-GTIAJ,Month-to-month,3,97.9,Yes,0.8151886155563358,High
1508-DFXCU,Month-to-month,12,81.45,No,0.8151694303950243,High
5419-CONWX,Month-to-month,4,99.8,Yes,0.8148411273779129,High
0508-OOLTO,Month-to-month,2,71.65,No,0.8145667785271778,High
5569-KGJHX,Month-to-month,9,85.35,Yes,0.8145313793271481,High
6424-ELEYH,Month-to-month,3,74.75,Yes,0.8144766892217131,High
4514-GFCFI,Month-to-month,16,84.75,Yes,0.8143440500070482,High
4633-MKHYU,Month-to-month,9,88.4,No,0.8143423518414495,High
4585-HETAI,Month-to-month,4,73.75,Yes,0.8143384006375312,High
0219-YTZUE,Month-to-month,4,84.8,Yes,0.8142682403971641,High
9850-OWRHQ,Month-to-month,3,74.1,Yes,0.8142643217980156,High
3801-HMYNL,Month-to-month,1,89.15,Yes,0.8141929797403403,High
0689-NKYLF,Month-to-month,13,83.2,Yes,0.8138836884995517,High
6110-OHIHY,Month-to-month,3,79.25,Yes,0.8138593962650331,High
5570-PTWEH,Month-to-month,3,75.15,Yes,0.8138120316822351,High
0011-IGKFF,Month-to-month,13,98.0,Yes,0.8138079592859682,High
7823-JSOAG,Month-to-month,3,74.5,No,0.8137830027265823,High
7625-XCQRH,Month-to-month,11,76.5,Yes,0.8136544515596141,High
8687-BAFGU,Month-to-month,1,74.0,No,0.8135915218934645,High
8035-PWSEV,Month-to-month,6,89.25,No,0.8135492242532818,High
0947-IDHRQ,Month-to-month,7,80.3,Yes,0.8135252952341395,High
0925-VYDLG,Month-to-month,3,75.25,Yes,0.8132453156890385,High
0916-QOFDP,Month-to-month,14,95.8,No,0.8125037256065781,High
0812-WUPTB,Month-to-month,1,70.85,Yes,0.8123344780285545,High
3091-FYHKI,Month-to-month,1,35.45,Yes,0.8121749427247219,High
0841-NULXI,Month-to-month,1,35.55,Yes,0.8121749427247219,High
9921-ZVRHG,Month-to-month,14,80.45,Yes,0.812033313140388,High
8481-YYXWG,Month-to-month,5,89.35,Yes,0.8118821800697459,High
2027-FECZV,Month-to-month,12,106.7,Yes,0.8117288873966226,High
2868-SNELZ,Month-to-month,2,80.6,Yes,0.8115988002338658,High
5442-BHQNG,Month-to-month,2,70.35,No,0.8115842916743022,High
7044-YAACC,Month-to-month,4,70.2,No,0.8109415539875265,High
2058-DCJBE,Month-to-month,5,69.75,Yes,0.8106860192768163,High
9696-RMYBA,Month-to-month,5,80.1,No,0.8106353625808308,High
3376-BMGFE,Month-to-month,4,70.9,Yes,0.8105115431868398,High
6689-TCZHQ,Month-to-month,5,78.95,Yes,0.8104654710552481,High
8800-JOOCF,Month-to-month,12,84.05,No,0.8104069573359329,High
6047-YHPVI,Month-to-month,5,69.7,Yes,0.8103945864075148,High
9741-YLNTD,Month-to-month,6,87.95,No,0.810211472706649,High
3217-FZDMN,Month-to-month,8,94.45,Yes,0.8101456545869336,High
5299-RULOA,Month-to-month,10,100.25,Yes,0.8100553009309224,High
6683-VLCTZ,Month-to-month,20,98.55,Yes,0.8096876687652125,High
7538-GWHML,Month-to-month,2,69.65,Yes,0.8091562733799165,High
1602-IJQQE,Month-to-month,4,75.35,Yes,0.8091071164485535,High
4929-XIHVW,Month-to-month,2,95.5,No,0.8088437612164245,High
2919-HBCJO,Month-to-month,4,76.65,Yes,0.8088424973712831,High
5378-IKEEG,Month-to-month,1,35.75,Yes,0.8087777145419633,High
4636-QRJKY,Month-to-month,6,80.5,Yes,0.8087675633393583,High
7394-FKDNK,Month-to-month,9,89.45,Yes,0.8085952456186433,High
6496-JDSSB,Month-to-month,8,80.0,No,0.8084531087442821,High
0375-HVGXO,Month-to-month,1,34.7,Yes,0.808392915468034,High
4277-PVRAN,Month-to-month,8,80.1,Yes,0.808343417230027,High
6326-MTTXK,Month-to-month,8,100.85,Yes,0.8080294159180584,High
2737-WFVYW,Month-to-month,2,45.25,Yes,0.8079411627677939,High
9809-IMGCQ,Month-to-month,22,96.7,Yes,0.8077659828365593,High
0135-NMXAP,Month-to-month,12,89.75,Yes,0.8076284893335053,High
8266-VBFQL,Month-to-month,4,90.4,No,0.807578864215561,High
5712-PTIWW,Month-to-month,2,79.85,Yes,0.8072437972488787,High
6993-OHLXR,Month-to-month,2,68.95,Yes,0.8071968393996072,High
9436-ZBZCT,Month-to-month,14,89.95,Yes,0.8069962385431995,High
1658-BYGOY,Month-to-month,18,95.45,Yes,0.8067932728018081,High
2984-AFWNC,Month-to-month,3,95.4,No,0.8067484131516911,High
4559-UWIHT,Month-to-month,14,82.65,No,0.8065229058126451,High
8348-HFYIV,Month-to-month,2,49.25,Yes,0.8059894930227113,High
4439-JMPMT,Month-to-month,5,85.75,Yes,0.8057983724181182,High
8699-ASUFO,Month-to-month,7,74.4,Yes,0.8057502136798242,High
4853-OITSN,Month-to-month,5,89.15,No,0.8056478821878164,High
9274-CNFMO,Month-to-month,4,74.95,Yes,0.8053532967441102,High
7598-UAASY,Month-to-month,2,76.4,Yes,0.8052519503029704,High
5293-WXJAK,Month-to-month,11,104.05,Yes,0.805114364916727,High
6680-WKXRZ,Month-to-month,3,74.4,Yes,0.8050498652843536,High
5091-HFAZW,Month-to-month,2,91.15,No,0.8046559453212274,High
6127-ISGTU,Month-to-month,16,84.95,Yes,0.8045922019040725,High
1907-UBQFC,Month-to-month,10,72.85,Yes,0.8044495642919962,High
2754-SDJRD,Month-to-month,8,100.15,No,0.80421473807657,High
4290-BSXUX,Month-to-month,3,79.65,Yes,0.804116433152283,High
7969-AULMZ,Month-to-month,21,97.35,Yes,0.8036401489576734,High
6918-UMQCG,Month-to-month,5,80.2,No,0.8034615014588687,High
5520-FVEWJ,Month-to-month,12,84.5,Yes,0.8029337276290178,High
2800-VEQXM,Month-to-month,3,74.75,No,0.8027827003573236,High
2038-OEQZH,Month-to-month,4,86.05,No,0.8026912040964974,High
6376-GAHQE,Month-to-month,4,77.85,Yes,0.8026446985259433,High
3908-BLSYF,Month-to-month,6,83.9,Yes,0.8024155615228983,High
1010-DIAUQ,Month-to-month,5,96.5,Yes,0.8023584150378724,High
0822-GAVAP,Month-to-month,2,34.7,Yes,0.8019017068693525,High
7295-JOMMD,Month-to-month,4,98.1,Yes,0.8018690501724315,High
6734-GMPVK,Month-to-month,5,105.3,No,0.8017694184098509,High
5357-TZHPP,Month-to-month,9,84.4,Yes,0.8017379023069997,High
0023-HGHWL,Month-to-month,1,25.1,Yes,0.801322639291832,High
0432-CAJZV,Month-to-month,3,90.7,No,0.8011919120962836,High
7517-LDMPS,Month-to-month,12,84.6,No,0.8010069613748068,High
1077-HUUJM,Month-to-month,7,71.05,No,0.8007197045134454,High
9095-HFAFX,Month-to-month,5,81.0,Yes,0.8005766230973896,High
6087-MVHJH,Month-to-month,16,88.45,Yes,0.8002697424535666,High
3677-IYRBF,Month-to-month,2,30.4,Yes,0.8002452176342487,High
5976-JCJRH,Month-to-month,10,70.3,Yes,0.7998036288012793,High
9576-ANLXO,Month-to-month,3,69.55,Yes,0.7997472389903634,High
3999-QGRJH,Month-to-month,8,69.7,Yes,0.7996912738400591,High
3411-WLRSQ,Month-to-month,3,74.6,No,0.7996122667421752,High
1016-DJTSV,Month-to-month,8,69.7,No,0.7995627921960539,High
4566-NECEV,Month-to-month,5,96.55,No,0.7994512140905962,High
7225-CBZPL,Month-to-month,17,94.8,No,0.799413352339852,High
5027-QPKTE,Month-to-month,7,69.35,Yes,0.799392863135594,High
4547-KQRTM,Month-to-month,10,80.05,Yes,0.7992012361540533,High
3855-ONCAR,Month-to-month,4,78.9,No,0.7991746028305414,High
2468-SJFLM,Month-to-month,1,74.3,No,0.7989395928515169,High
2983-ZANRP,Month-to-month,2,73.55,Yes,0.7988321135983554,High
1379-FRVEB,Month-to-month,15,91.0,No,0.7988057945218353,High
5288-AHOUP,Month-to-month,11,78.5,No,0.7984713493549506,High
1768-ZAIFU,Month-to-month,1,25.2,Yes,0.7984332656547222,High
6215-NQCPY,Month-to-month,15,99.7,No,0.7980391502870775,High
5228-EXCET,Month-to-month,13,80.85,Yes,0.7978375780201938,High
5119-NZPTV,Month-to-month,2,70.1,No,0.7978323493449104,High
9050-IKDZA,Month-to-month,2,81.5,No,0.7978037049690735,High
2799-ARNLO,Month-to-month,5,69.35,No,0.7975152398106002,High
4094-NSEDU,Month-to-month,21,94.25,Yes,0.797425490328322,High
0928-XUTSN,Month-to-month,13,80.5,No,0.7973775882776621,High
4123-DVHPH,Month-to-month,9,88.05,No,0.7972118683214675,High
6702-OHFWR,Month-to-month,1,43.3,Yes,0.7971722917543848,High
2920-RNCEZ,Month-to-month,1,69.95,No,0.7971551240548702,High
5935-FCCNB,Month-to-month,17,94.2,No,0.7971509742733777,High
5883-GTGVD,Month-to-month,19,99.95,Yes,0.7971178805387583,High
0455-XFASS,Month-to-month,3,69.55,No,0.7970644219311354,High
1251-STYSZ,Month-to-month,4,80.25,No,0.7967247089131564,High
4572-DVCGN,Month-to-month,10,80.25,Yes,0.7966852041571766,High
4631-OACRM,Month-to-month,15,79.4,Yes,0.796638432761588,High
9250-WYPLL,Month-to-month,5,75.55,Yes,0.7965652026712189,High
0923-PNFUB,Month-to-month,3,83.75,Yes,0.7964365404053235,High
2984-MIIZL,Month-to-month,4,74.8,Yes,0.7963866864048955,High
5729-KLZAR,Month-to-month,4,80.85,Yes,0.7963666747805904,High
6198-ZFIOJ,Month-to-month,5,75.6,No,0.7963490207550736,High
5701-YVSVF,Month-to-month,11,82.9,No,0.7959963756432858,High
9402-ORRAH,Month-to-month,15,91.5,No,0.7958419373723306,High
6821-BUXUX,Month-to-month,13,96.65,Yes,0.7956566548619025,High
0793-TWELN,Month-to-month,4,80.15,No,0.7953346671708722,High
6379-RXJRQ,Month-to-month,10,70.1,Yes,0.795331361902051,High
3247-ZVOUO,Month-to-month,10,85.55,Yes,0.7953089953691534,High
0013-EXCHZ,Month-to-month,3,83.9,Yes,0.7952226404368872,High
8443-WVPSS,Month-to-month,10,99.85,Yes,0.7951156405101866,High
1918-ZBFQJ,Month-to-month,13,79.25,Yes,0.795003347289432,High
9314-IJWSQ,Month-to-month,14,84.8,No,0.7949858321691136,High
8270-RKSAP,Month-to-month,9,70.5,No,0.7949736222503588,High
0378-TOVMS,Month-to-month,3,85.8,Yes,0.7948979312390082,High
8714-CTZJW,Month-to-month,4,82.85,No,0.7948260649493881,High
0302-JOIVN,Month-to-month,8,101.15,Yes,0.7946541497555403,High
6400-BWQKW,Month-to-month,6,79.05,Yes,0.7945686277931002,High
9625-QSTYE,Month-to-month,13,81.15,Yes,0.7945630591608548,High
4029-HPFVY,Month-to-month,3,70.3,No,0.7941829722190709,High
9430-FRQOC,Month-to-month,4,87.1,Yes,0.7938974988749038,High
1626-ERCMM,Month-to-month,20,94.55,Yes,0.7938441157362558,High
6986-IXNDM,Month-to-month,14,92.9,No,0.7937739549538309,High
7495-OOKFY,Month-to-month,8,80.65,Yes,0.7935680146946471,High
7326-RIGQZ,Month-to-month,6,69.8,No,0.7933732097712488,High
0940-OUQEC,Month-to-month,10,80.7,Yes,0.7932248442765351,High
3904-UKFRE,Month-to-month,4,80.1,No,0.7930136597554335,High
7145-FEJWU,Month-to-month,12,105.3,No,0.792676387516236,High
6583-KQJLK,Month-to-month,15,94.65,No,0.7926348018932424,High
4291-SHSBH,Month-to-month,7,69.55,No,0.7926130356715376,High
7571-YXDAD,Month-to-month,2,74.9,Yes,0.7924785735383338,High
0225-ZORZP,Month-to-month,3,84.3,No,0.7921598360597499,High
5382-SOYZL,Month-to-month,22,95.1,No,0.7921096912357917,High
1428-GTBJJ,Month-to-month,11,74.55,Yes,0.791909959215113,High
4597-NUCQV,Month-to-month,24,101.25,Yes,0.7911644830146729,High
7952-OBOYL,Month-to-month,3,89.85,No,0.7909043279699218,High
6100-QQHEB,Month-to-month,17,92.55,Yes,0.7907065683904839,High
8992-JQYUN,Month-to-month,1,50.35,Yes,0.7906738568139094,High
5364-EVNIB,Month-to-month,13,79.8,Yes,0.7906631323657751,High
3249-ZPQRG,Month-to-month,4,78.45,Yes,0.7905833688233337,High
2082-CEFLT,Month-to-month,1,45.6,Yes,0.7902683505598673,High
9367-WXLCH,Month-to-month,8,84.5,Yes,0.79022196315556,High
4854-CIDCF,Month-to-month,3,73.85,No,0.7902122136470805,High
2135-RXIHG,Month-to-month,1,45.65,Yes,0.7901106436469244,High
8937-RDTHP,Month-to-month,1,84.6,Yes,0.7898999431796628,High
8337-MSSXB,Month-to-month,14,86.3,Yes,0.7893064420056531,High
9191-MYQKX,Month-to-month,7,75.15,Yes,0.7892830116973301,High
2369-UAPKZ,Month-to-month,5,104.1,Yes,0.7892423105844474,High
2845-HSJCY,Month-to-month,14,87.25,Yes,0.7890576848210887,High
6339-YPSAH,Month-to-month,9,73.8,No,0.7889767566792574,High
0772-GYEQQ,Month-to-month,3,88.35,Yes,0.7888796466849185,High
1571-SAVHK,Month-to-month,12,99.95,Yes,0.7888463669857361,High
4629-NRXKX,Month-to-month,2,70.4,Yes,0.7887504082195438,High
9840-DVNDC,Month-to-month,6,80.5,Yes,0.7886376520215572,High
7273-TEFQD,Month-to-month,3,41.15,Yes,0.7886221120751267,High
0258-NOKBL,Month-to-month,3,90.4,No,0.7885889842186717,High
3453-RTHJQ,Month-to-month,6,69.1,No,0.7885502837697093,High
1867-BDVFH,Month-to-month,11,74.35,Yes,0.7883822902507858,High
6128-CZOMY,Month-to-month,1,45.65,Yes,0.7883182297442866,High
5077-DXTCG,Month-to-month,1,45.3,Yes,0.7880186108579234,High
5956-YHHRX,Month-to-month,21,104.35,No,0.7877865917432111,High
4299-SIMNS,Month-to-month,9,81.15,No,0.7877219829699499,High
6166-ILMNY,Month-to-month,2,69.75,Yes,0.7877160429456342,High
2482-CZGBB,Month-to-month,10,70.0,Yes,0.7876440674181142,High
6956-SMUCM,Month-to-month,3,99.0,Yes,0.7875379361175405,High
7392-YYPYJ,Month-to-month,22,100.65,No,0.7875106236861099,High
3452-GWUIN,Month-to-month,19,94.95,No,0.7874543694177,High
2754-VDLTR,Month-to-month,10,95.2,Yes,0.7870358839242654,High
9947-OTFQU,Month-to-month,15,74.4,Yes,0.7869677289825203,High
7089-IVVAZ,Month-to-month,8,103.35,Yes,0.7863980066041633,High
3254-YRILK,Month-to-month,19,88.2,Yes,0.7861870064589496,High
7668-XCFYV,Month-to-month,17,92.55,No,0.7861117885435308,High
5955-ERIHD,Month-to-month,18,94.7,Yes,0.7861016773145484,High
7206-PQBBZ,Month-to-month,11,70.2,No,0.7861016085734401,High
3317-VLGQT,Month-to-month,14,78.1,No,0.7859651094809313,High
4706-AXVKM,Month-to-month,11,84.8,Yes,0.7858391230036582,High
6101-IMRMM,Month-to-month,6,94.5,Yes,0.7858112976827685,High
3420-ZDBMA,Month-to-month,5,71.45,No,0.7858053827224567,High
2815-CPTUL,Month-to-month,5,70.25,Yes,0.7857902768887444,High
3096-GKWEB,Month-to-month,18,94.75,No,0.785682004475786,High
4441-NIHPT,Month-to-month,13,74.3,Yes,0.7854962316417309,High
1465-VINDH,Month-to-month,10,102.1,Yes,0.7853894961482938,High
8676-TRMJS,Month-to-month,3,75.0,Yes,0.7853212367760374,High
7831-QGOXH,Month-to-month,18,85.2,Yes,0.7851155848612429,High
7079-QRCBC,Month-to-month,24,98.75,Yes,0.7848386427568927,High
4983-CCWMC,Month-to-month,3,69.6,No,0.7848332049073942,High
4763-PGDPO,Month-to-month,4,70.4,Yes,0.784745422024885,High
5760-IFJOZ,Month-to-month,3,107.95,No,0.7842779594219,High
4512-ZUIYL,Month-to-month,2,70.0,Yes,0.7840865069760745,High
2485-ITVKB,Month-to-month,2,35.1,Yes,0.7840571561857269,High
3338-CVVEH,Month-to-month,12,94.55,No,0.7839147800609156,High
3663-MITLP,Month-to-month,15,101.25,Yes,0.7837791216329533,High
2398-YPMUR,Month-to-month,13,70.15,Yes,0.7837260521153628,High
8861-HGGKB,Month-to-month,10,86.45,Yes,0.7836541265694013,High
2672-DZUOY,Month-to-month,1,25.15,Yes,0.783557954988238,High
0365-BZUWY,Month-to-month,17,102.55,No,0.7834594373923618,High
7786-WBJYI,Month-to-month,4,77.95,Yes,0.7833034791125209,High
4301-VVZKA,Month-to-month,16,75.4,No,0.782970558399403,High
9565-DJPIB,Month-to-month,4,89.6,Yes,0.7823161921830026,High
5832-XKAES,Month-to-month,2,69.8,Yes,0.782310692040367,High
2430-USGXP,Month-to-month,24,101.05,Yes,0.7819354202979828,High
9734-YWGEX,Month-to-month,9,98.3,Yes,0.7815977283072771,High
7932-WPTDS,Month-to-month,1,24.8,Yes,0.7813544744763846,High
1196-AMORA,Month-to-month,7,73.6,Yes,0.7813051193806853,High
2754-XBHTB,Month-to-month,9,77.65,Yes,0.781243650253308,High
7861-UVUFT,Month-to-month,15,84.3,Yes,0.7812136582371882,High
5405-ZMYXQ,Month-to-month,8,74.6,No,0.7810338932850033,High
2080-GKCWQ,Month-to-month,2,74.95,No,0.7810160228487314,High
9919-KNPOO,Month-to-month,21,94.3,No,0.7806994946086264,High
6608-QQLVK,Month-to-month,1,50.5,Yes,0.780485831182392,High
2081-VEYEH,Month-to-month,3,107.95,No,0.7804331565459586,High
8433-WXGNA,Month-to-month,2,75.7,Yes,0.7803652910629759,High
4816-JBHOV,Month-to-month,2,44.7,Yes,0.7803299818953614,High
8854-CCVSQ,Month-to-month,18,80.65,Yes,0.7800982587010087,High
2608-BHKFN,Month-to-month,4,70.05,Yes,0.7796521921517957,High
2114-MGINA,Month-to-month,14,89.8,Yes,0.7795255721161226,High
2905-KFQUV,Month-to-month,2,70.4,No,0.7793764496389552,High
1565-RHDJD,Month-to-month,4,84.05,Yes,0.7791460289967557,High
4373-VVHQL,Month-to-month,1,44.75,No,0.779138707323467,High
8705-WZCYL,Month-to-month,1,44.8,No,0.779138707323467,High
5995-SNNEW,Month-to-month,23,104.45,No,0.7791199368687817,High
6892-XPFPU,Month-to-month,24,104.25,Yes,0.7789797791790858,High
1689-YQBYY,Month-to-month,12,76.6,No,0.7786912532453729,High
3393-FMZPV,Month-to-month,25,100.25,Yes,0.7786601647932442,High
9189-JWSHV,Month-to-month,24,93.55,Yes,0.7783894815112566,High
3754-DXMRT,Month-to-month,2,44.15,Yes,0.778343405541583,High
7402-EYFXX,Month-to-month,26,93.6,No,0.7780833821771845,High
6818-DJXAA,Month-to-month,10,91.1,No,0.7778073713070206,High
9360-OMDZZ,Month-to-month,24,94.1,No,0.7777931963249797,High
4450-DLLMH,Month-to-month,2,71.3,No,0.7777752163635121,High
4910-AQFFX,Month-to-month,9,79.35,Yes,0.7775360965911171,High
8875-AKBYH,Month-to-month,20,84.35,No,0.7774078203329999,High
4817-QRJSX,Month-to-month,10,81.0,Yes,0.777267138877854,High
6331-EWIEB,Month-to-month,20,85.25,Yes,0.7770950400925725,High
0018-NYROU,Month-to-month,5,68.95,No,0.7770359352907498,High
5937-EORGB,Month-to-month,15,96.5,No,0.7766953834168174,High
0958-YHXGP,Month-to-month,7,69.9,No,0.776646122477517,High
6390-DSAZX,Month-to-month,1,73.6,Yes,0.7766171277437268,High
3717-OEAUQ,Month-to-month,2,70.7,No,0.7765299564262983,High
2985-FMWYF,Month-to-month,23,93.5,No,0.7764903978088332,High
4855-SNKMY,Month-to-month,1,44.1,Yes,0.7756015529591045,High
1746-TGTWV,Month-to-month,1,75.35,No,0.7755829615543199,High
0506-LVNGN,Month-to-month,5,75.55,Yes,0.7755283319790581,High
0388-EOPEX,Month-to-month,2,74.4,Yes,0.7752801852787372,High
5605-IYGFG,Month-to-month,7,69.85,No,0.7750447114999076,High
1513-XNPPH,Month-to-month,12,89.4,Yes,0.7749238907968132,High
4919-MOAVT,Month-to-month,3,69.65,Yes,0.7745812968637599,High
7384-GHBPI,Month-to-month,3,35.15,Yes,0.7745121140215157,High
0224-RLWWD,Month-to-month,2,44.3,No,0.7742899856298469,High
7780-OTDSO,Month-to-month,18,99.4,Yes,0.7742806573364227,High
4735-ASGMA,Month-to-month,26,98.35,Yes,0.7741713619778593,High
5652-MSDEY,Month-to-month,10,75.75,No,0.7741539642940499,High
9547-ITEFG,Month-to-month,9,102.6,No,0.7739741866509013,High
6330-JKLPC,Month-to-month,11,80.5,Yes,0.7738715379934099,High
2325-NBPZG,Month-to-month,3,74.55,No,0.773770599635682,High
9643-AVVWI,Month-to-month,3,80.0,No,0.773624608939339,High
2079-FBMZK,Month-to-month,6,69.25,Yes,0.7735462178290523,High
8642-GVWRF,Month-to-month,2,79.7,Yes,0.773212258587074,High
8118-LSUEL,Month-to-month,23,106.4,Yes,0.7726150925573182,High
9102-IAYHT,Month-to-month,17,85.45,Yes,0.7722347623972242,High
9253-QXKBE,Month-to-month,29,94.45,Yes,0.7720966839561602,High
3496-LFSZU,Month-to-month,4,70.5,No,0.7717891623953483,High
6923-JHPMP,Month-to-month,2,80.45,No,0.7717634485134539,High
4021-RQSNY,Month-to-month,29,98.5,Yes,0.7716736945939279,High
8063-RJYNF,Month-to-month,16,94.25,Yes,0.7716641078499177,High
8625-AZYZY,Month-to-month,24,104.65,Yes,0.7715079061335712,High
0674-EYYZV,Month-to-month,1,54.65,No,0.7714264668740191,High
6705-LXORM,Month-to-month,5,70.05,No,0.7713298880131768,High
0330-IVZHA,Month-to-month,5,69.95,Yes,0.7711436044557705,High
6959-UWKHF,Month-to-month,1,42.9,Yes,0.7710956257791559,High
5940-NFXKV,Month-to-month,19,83.65,Yes,0.7709354864076118,High
1792-UXAFY,Month-to-month,17,89.15,Yes,0.7708260396551555,High
6034-YMTOB,Month-to-month,5,75.65,No,0.7708174812074007,High
5628-FCGYG,Month-to-month,21,84.1,No,0.7706545127024608,High
6185-TASNN,Month-to-month,1,46.3,No,0.7705946593442327,High
0876-WDUUZ,Month-to-month,5,85.4,Yes,0.7705496309011652,High
3583-EKAPL,Month-to-month,1,55.0,Yes,0.7705108739424892,High
5923-GXUOC,Month-to-month,10,104.4,Yes,0.7703295463912576,High
5366-IJEQJ,Month-to-month,20,88.7,Yes,0.7702334856379753,High
6519-CFDBX,Month-to-month,2,45.4,No,0.7699846254018328,High
4298-OYIFC,Month-to-month,15,103.45,No,0.7693468847660014,High
4480-QQRHC,Month-to-month,8,74.05,No,0.769134002990588,High
4236-XPXAV,Month-to-month,5,99.15,Yes,0.7690600861433545,High
5590-BYNII,Month-to-month,22,100.75,Yes,0.7690185554493316,High
4706-DGAHW,Month-to-month,1,45.2,No,0.768788977015656,High
5138-WVKYJ,Month-to-month,10,98.55,Yes,0.7687372798341728,High
7767-UXAGJ,Month-to-month,1,50.45,Yes,0.7684817422691609,High
5519-YLDGW,Month-to-month,21,103.9,Yes,0.7684749024026659,High
8313-NDOIA,Month-to-month,24,104.15,No,0.7681646651073508,High
5609-CEBID,Month-to-month,20,94.1,Yes,0.7681472039953051,High
0196-JTUQI,Month-to-month,9,75.2,No,0.7680482534339106,High
2959-FENLU,Month-to-month,9,85.3,No,0.7679895738987088,High
2962-XPMCQ,Month-to-month,2,45.15,Yes,0.7678770829397759,High
8417-FMLZI,Month-to-month,6,83.55,Yes,0.7676948893567203,High
3744-ZRRDZ,Month-to-month,21,82.35,Yes,0.7676574798799898,High
3292-PBZEJ,Month-to-month,11,111.4,No,0.7675393341761209,High
8080-DDEMJ,Month-to-month,1,45.1,Yes,0.7674114597185635,High
5501-TVMGM,Month-to-month,1,55.25,No,0.7673581324249523,High
0168-XZKBB,Month-to-month,19,86.85,No,0.7673554825791828,High
4587-NUKOX,Month-to-month,3,79.1,Yes,0.7673267344018221,High
2371-JQHZZ,Month-to-month,24,93.0,No,0.7671822323348741,High
6347-DCUIK,Month-to-month,10,74.15,Yes,0.7671027883169373,High
2740-TVLFN,Month-to-month,1,50.15,No,0.767092925704101,High
1226-IENZN,Month-to-month,16,78.75,No,0.767069480389226,High
8617-ENBDS,Month-to-month,3,73.6,No,0.7667429910003734,High
0875-CABNR,Month-to-month,10,84.6,Yes,0.7663940836964853,High
7426-RHZGU,Month-to-month,9,95.9,No,0.7663365021569433,High
5931-FLJJF,Month-to-month,7,70.1,Yes,0.7661287937132475,High
0581-BXBUB,Month-to-month,4,72.75,No,0.7660987278716836,High
7365-BVCJH,Month-to-month,1,24.4,No,0.766090659159024,High
9752-ZNQUT,Month-to-month,1,48.6,No,0.765815126528472,High
6595-YGXIT,Month-to-month,25,88.95,Yes,0.7657700464279963,High
9506-UXUSK,Month-to-month,13,70.15,No,0.7657107620860024,High
5649-ANRML,Month-to-month,2,95.1,Yes,0.7656589193446025,High
4505-EXZHB,Month-to-month,6,74.4,Yes,0.7655483261371926,High
8739-WWKDU,Month-to-month,25,89.5,Yes,0.7653323702904421,High
7854-FOKSF,Month-to-month,1,35.9,Yes,0.7653170877231767,High
0248-IPDFW,Month-to-month,1,50.1,No,0.7651537949711139,High
3223-DWFIO,Month-to-month,4,69.35,No,0.7651202937912002,High
8104-OSKWT,Month-to-month,12,79.8,No,0.7649663582930365,High
3671-SHRSP,Month-to-month,4,80.6,Yes,0.764600277204437,High
5339-PXDVH,Month-to-month,4,90.65,No,0.7645392478510392,High
1262-OPMFY,Month-to-month,9,75.75,Yes,0.764478345674786,High
5842-POCOP,Month-to-month,5,88.9,Yes,0.7644605738328752,High
4283-FUTGF,Month-to-month,19,79.85,Yes,0.7644399464041274,High
8637-XJIVR,Month-to-month,12,78.95,Yes,0.7642580731701971,High
2495-INZWQ,Month-to-month,4,44.55,Yes,0.7641534882982719,High
1522-VVDMG,Month-to-month,7,89.75,Yes,0.7638681667960256,High
7410-YTJIK,Month-to-month,7,75.45,Yes,0.7638615759955718,High
1334-FJSVR,Month-to-month,1,24.25,Yes,0.7637173853194759,High
6175-IRFIT,Month-to-month,5,78.75,No,0.7636499086180671,High
5989-PGKJB,Month-to-month,16,86.25,No,0.7635125273937614,High
2774-LVQUS,Month-to-month,15,83.05,Yes,0.762856049517183,High
8485-GJCDN,Month-to-month,5,69.05,Yes,0.7627925068590999,High
8120-JDCAM,Month-to-month,4,69.55,No,0.7627024170208409,High
4317-VTEOA,Month-to-month,1,50.75,Yes,0.7626084237332498,High
8999-BOHSE,Month-to-month,11,89.7,Yes,0.7625123545857797,High
8356-WUAOJ,Month-to-month,1,45.0,No,0.7621852628305825,High
5599-HVLTW,Month-to-month,14,80.35,No,0.7621643461877533,High
1658-TJVOA,Month-to-month,6,74.1,No,0.761854641622441,High
2575-GFSOE,Month-to-month,7,69.0,Yes,0.7618176134078622,High
4369-HTUIF,Month-to-month,6,85.15,Yes,0.7618017397221192,High
9992-RRAMN,Month-to-month,22,85.1,Yes,0.7617644366553307,High
0746-JTRFU,Month-to-month,2,25.05,Yes,0.7614403271821295,High
9560-ARGQJ,Month-to-month,16,81.0,Yes,0.7611605671606857,High
5909-ECHUI,Month-to-month,1,56.25,Yes,0.7610927961399576,High
8734-DKSTZ,Month-to-month,10,85.95,No,0.7610564735330746,High
3427-GGZZI,Month-to-month,19,89.1,No,0.7609201206292645,High
9822-OAOVB,Month-to-month,1,55.45,No,0.7608390132749608,High
3063-QFSZL,Month-to-month,1,55.4,Yes,0.7608390132749608,High
7321-PKUYW,Month-to-month,11,90.15,Yes,0.7606507333257698,High
4919-IKATY,Month-to-month,5,84.5,Yes,0.7603703127852893,High
8844-TONUD,Month-to-month,13,96.65,Yes,0.760367333685489,High
1024-GUALD,Month-to-month,1,24.8,Yes,0.760103585823514,High
3629-ZNKXA,Month-to-month,17,101.8,No,0.7599140364848599,High
3235-ETOOB,Month-to-month,8,74.5,Yes,0.759910660823207,High
5022-JNQEQ,Month-to-month,9,75.85,No,0.7598436504346692,High
7590-VHVEG,Month-to-month,1,29.85,No,0.7598292879215219,High
5760-FXFVO,Month-to-month,6,78.95,No,0.7591704818044365,High
2057-ZBLPD,Month-to-month,21,86.5,Yes,0.7589853010873124,High
3318-OSATS,Month-to-month,35,95.45,Yes,0.7587762897491116,High
7359-PTSXY,Month-to-month,1,45.75,Yes,0.7581542039145778,High
7928-VJYAB,Month-to-month,11,90.6,No,0.758077075366431,High
4385-GZQXV,Month-to-month,16,94.45,Yes,0.7577618835422342,High
8519-IMDHU,Month-to-month,15,85.6,Yes,0.7577506406676154,High
3799-ISUZQ,Month-to-month,7,69.95,Yes,0.7575116144424185,High
2696-NARTR,Month-to-month,11,73.85,Yes,0.7572846606442405,High
8128-YVJRG,Month-to-month,7,79.65,Yes,0.7572496019979041,High
5028-GZLDO,Month-to-month,2,70.7,Yes,0.7572339878835086,High
1866-OBPNR,Month-to-month,1,74.6,No,0.7571135657448272,High
2187-PKZAY,Month-to-month,12,79.95,No,0.7570831227775747,High
3365-SAIGS,Month-to-month,17,83.55,No,0.7570815967939379,High
3966-HRMZA,Month-to-month,3,75.05,No,0.7568814717044253,High
9540-JYROE,Month-to-month,8,70.1,Yes,0.7567997565800626,High
6692-UDPJC,Month-to-month,14,91.65,Yes,0.7565153215736543,High
3916-NRPAP,Month-to-month,3,85.7,No,0.7564684961133147,High
0480-BIXDE,Month-to-month,19,96.8,No,0.7562564671499146,High
8922-LIEGH,Month-to-month,25,89.7,Yes,0.7558911213615553,High
1212-GLHMD,Month-to-month,3,86.05,No,0.7558662813022615,High
2397-BRLOM,Month-to-month,8,80.45,Yes,0.7556426384294599,High
6502-HCJTI,Month-to-month,7,94.7,Yes,0.7556357065163417,High
8778-LMWTJ,Month-to-month,9,74.85,No,0.7554614662869237,High
4822-YCXMX,Month-to-month,25,84.8,Yes,0.7553338183345589,High
8118-TJAFG,Month-to-month,9,101.5,No,0.7553159681414933,High
3992-YWPKO,Month-to-month,6,109.9,Yes,0.755033022922781,High
5244-IRFIH,Month-to-month,33,94.5,Yes,0.7550033147571201,High
8064-RAVOH,Month-to-month,1,49.85,No,0.754961668772813,High
0067-DKWBL,Month-to-month,2,49.25,Yes,0.7549197867899431,High
2656-FMOKZ,Month-to-month,15,74.45,Yes,0.7548011989456316,High
6298-QDFNH,Month-to-month,22,79.35,Yes,0.7540306997749621,High
5552-ZNFSJ,Month-to-month,1,45.3,Yes,0.7539525220145477,High
1963-SVUCV,Month-to-month,1,45.3,Yes,0.7539525220145477,High
6005-OBZPH,Month-to-month,26,89.15,Yes,0.7537723688129802,High
9692-TUSXH,Month-to-month,18,96.05,Yes,0.7537002162223442,High
1866-RZZQS,Month-to-month,41,98.4,Yes,0.7531186458366558,High
7825-GKXMW,Month-to-month,1,45.8,Yes,0.7529653034108147,High
3538-WZPHD,Month-to-month,3,29.6,Yes,0.7528759521431753,High
1309-BXVOQ,Month-to-month,21,106.1,Yes,0.7528540699324507,High
2528-HFYZX,Month-to-month,17,76.45,Yes,0.7528397562556447,High
9093-FPDLG,Month-to-month,11,94.2,No,0.7528369861580899,High
6899-PPEEA,Month-to-month,37,96.55,Yes,0.7525902025084746,High
9514-JDSKI,Month-to-month,1,40.2,Yes,0.7524222770342556,High
1976-CFOCS,Month-to-month,1,46.0,Yes,0.7522361688232633,High
9658-WYUFB,Month-to-month,17,94.4,Yes,0.7520897912345018,High
9734-UYXQI,Month-to-month,2,49.4,Yes,0.7518911851591148,High
8878-HMWBV,Month-to-month,3,49.15,Yes,0.7516811216239322,High
1078-TDCRN,Month-to-month,3,30.75,No,0.7506151287647506,High
7028-DVOIQ,Month-to-month,35,99.05,Yes,0.750589130330754,High
6645-MXQJT,Month-to-month,2,97.1,No,0.750201638007646,High
9606-PBKBQ,Month-to-month,32,85.0,Yes,0.7500342854061773,High
8290-YWKHZ,Month-to-month,32,93.2,Yes,0.7500265351949245,High
4361-JEIVL,Month-to-month,1,44.4,Yes,0.749700946335501,High
4958-XCBDQ,Month-to-month,35,101.4,Yes,0.7496393082281909,High
2344-JMOGN,Month-to-month,9,94.85,Yes,0.7495741300078645,High
2845-AFFTX,Month-to-month,41,99.8,Yes,0.749568528950666,High
5117-IFGPS,Month-to-month,29,84.3,No,0.7492870819153971,High
0133-BMFZO,Month-to-month,2,86.25,Yes,0.7492866347162398,High
3223-WZWJM,Month-to-month,26,83.95,Yes,0.7492861479075438,High
3070-DVEYC,Month-to-month,7,73.75,Yes,0.7490901449504811,High
7568-PODML,Month-to-month,1,45.3,Yes,0.7490617164897738,High
1612-EOHDH,Month-to-month,1,45.15,Yes,0.7490286002197675,High
5600-KTXFM,Month-to-month,2,69.95,No,0.7490062441533545,High
1589-AGTLK,Month-to-month,3,45.35,Yes,0.7485471240373153,High
5044-LRQAQ,Month-to-month,7,69.2,No,0.7485116289826739,High
4741-WWJQZ,Month-to-month,2,80.15,No,0.7484872905968643,High
5673-FSSMF,Month-to-month,1,60.15,Yes,0.7484454672130518,High
5899-MQZZL,Month-to-month,13,75.0,Yes,0.7480184849220952,High
4598-XLKNJ,Month-to-month,25,98.5,Yes,0.7479677025590933,High
8017-LXHFA,Month-to-month,23,94.75,Yes,0.7477506691926071,High
6029-WTIPC,Month-to-month,37,101.1,Yes,0.7477456800987308,High
3329-WDIOK,Month-to-month,3,50.6,Yes,0.7474535337359703,High
8063-GBATB,Month-to-month,27,85.25,Yes,0.7473558136035082,High
6851-WEFYX,Month-to-month,35,100.8,No,0.7472764232415,High
5747-PMBSQ,Month-to-month,10,92.5,Yes,0.7471625053091254,High
8868-WOZGU,Month-to-month,28,105.7,Yes,0.7466388836233614,High
6543-XRMYR,Month-to-month,30,99.7,Yes,0.7462057682132761,High
6127-IYJOZ,Month-to-month,1,45.85,No,0.7461317943455312,High
5914-DVBWJ,Month-to-month,18,85.45,Yes,0.7459939141869601,High
0871-URUWO,Month-to-month,13,102.25,Yes,0.7459810290678173,High
6507-ZJSUR,Month-to-month,23,90.45,No,0.7459296688776815,High
9494-MRNYX,Month-to-month,10,75.05,No,0.7455665404866931,High
7278-CKDNC,Month-to-month,24,80.5,No,0.7455043990585805,High
8720-RQSBJ,Month-to-month,1,44.0,No,0.7453827823202521,High
1740-CSDJP,Month-to-month,1,35.25,Yes,0.7445369291729784,High
9874-QLCLH,Month-to-month,17,104.2,Yes,0.7444421587798993,High
0620-DLSLK,Month-to-month,13,81.9,No,0.7442867433893722,High
1319-YLZJG,Month-to-month,12,84.6,No,0.7442812220007149,High
5442-XSDCW,Month-to-month,11,79.5,Yes,0.7441979559657087,High
3001-UNBTL,Month-to-month,29,103.95,No,0.7440832611000009,High
4137-BTIKL,Month-to-month,2,90.75,No,0.7440764099012106,High
1766-GKNMI,Month-to-month,29,84.9,No,0.7438514989708178,High
4315-MURBD,Month-to-month,12,98.9,Yes,0.7434680215807737,High
4873-ILOLJ,Month-to-month,24,90.35,Yes,0.7432317458873722,High
9415-DPEWS,Month-to-month,18,88.35,Yes,0.7426886738463323,High
7377-DMMRI,Month-to-month,2,47.8,Yes,0.742649398674354,High
6393-WRYZE,Month-to-month,34,97.65,Yes,0.7426396729980523,High
8837-VVWLQ,Month-to-month,8,84.95,Yes,0.7425468210938607,High
3914-FDRHP,Month-to-month,9,86.25,No,0.7419298111466978,High
0529-ONKER,Month-to-month,15,75.65,Yes,0.7419272768123096,High
4817-VYYWS,Month-to-month,30,100.2,Yes,0.7417988615224658,High
3627-FHKBK,Month-to-month,1,75.3,Yes,0.7417880753844533,High
0125-LZQXK,Month-to-month,15,101.35,Yes,0.7416311698043929,High
4009-ALQFH,Month-to-month,25,99.5,Yes,0.7416286436195537,High
4325-NFSKC,Month-to-month,19,90.6,Yes,0.7415880614223321,High
8445-DNBAE,Month-to-month,1,50.05,No,0.7415810237673467,High
0612-RTZZA,Month-to-month,1,25.25,Yes,0.7414989704054561,High
0139-IVFJG,Month-to-month,2,90.35,No,0.7414322617003829,High
7379-FNIUJ,Month-to-month,2,100.2,No,0.7413325391882946,High
9208-OLGAQ,Month-to-month,18,84.95,No,0.741307154094807,High
9763-PDTKK,Month-to-month,4,94.4,Yes,0.7411211112260637,High
9588-OZDMQ,Month-to-month,2,45.0,No,0.7408157770371948,High
4659-NZRUF,Month-to-month,19,95.15,Yes,0.7404871424045788,High
9524-EGPJC,Month-to-month,18,90.1,Yes,0.7404794186049067,High
2840-XANRC,Month-to-month,24,93.15,Yes,0.7404276629169393,High
3990-QYKBE,Month-to-month,37,92.5,Yes,0.7403045866322017,High
3797-FKOGQ,Month-to-month,11,86.2,No,0.7401006682998659,High
1771-OADNZ,Month-to-month,29,95.9,Yes,0.7398168516307886,High
6319-IEJWJ,Month-to-month,20,90.2,Yes,0.7397620754861045,High
2951-QOQTK,Month-to-month,4,80.8,Yes,0.739756514194669,High
9274-UARKJ,Month-to-month,15,83.2,No,0.7396135176010226,High
3884-HCSWG,Month-to-month,17,70.0,Yes,0.7395437215104343,High
9903-LYSAB,Month-to-month,18,73.15,No,0.7394766466593465,High
3672-YITQD,Month-to-month,36,84.1,Yes,0.7393058694996629,High
5216-WASFJ,Month-to-month,31,84.85,No,0.7392019932964529,High
3315-TOTBP,Month-to-month,15,76.0,Yes,0.7390986313186106,High
3317-HRTNN,Month-to-month,5,45.7,Yes,0.739088337118344,High
4373-MAVJG,Month-to-month,14,90.9,Yes,0.7390784240912974,High
7783-YKGDV,Month-to-month,12,99.7,Yes,0.7390424227939084,High
5655-JSMZM,Month-to-month,49,96.2,Yes,0.738876472807085,High
9828-AOQLM,Month-to-month,1,45.7,Yes,0.7387994726040295,High
5108-ADXWO,Month-to-month,11,73.5,Yes,0.7387968888815298,High
3143-JQEGI,Month-to-month,13,88.35,Yes,0.7386978030617865,High
0576-WNXXC,Month-to-month,27,95.55,Yes,0.7385925920899278,High
7270-BDIOA,Month-to-month,22,90.0,Yes,0.7382736922595357,High
7615-ESMYF,Month-to-month,2,44.6,Yes,0.7382482865047073,High
7242-QZLXF,Month-to-month,1,25.3,Yes,0.7382233651120966,High
2018-PZKMU,Month-to-month,9,103.1,No,0.7381567021582456,High
3841-CONLJ,Month-to-month,1,35.0,No,0.7380636164074283,High
8584-KMVXD,Month-to-month,8,75.6,No,0.7380047122053134,High
0023-XUOPT,Month-to-month,13,94.1,Yes,0.737953072894137,High
9054-FOWNV,Month-to-month,22,88.75,No,0.7378448851929708,High
5934-RMPOV,Month-to-month,22,84.75,No,0.737668490947345,High
7801-KICAO,Month-to-month,18,74.15,No,0.7375387785814628,High
6712-OAWRH,Month-to-month,26,91.25,Yes,0.7374247796583937,High
9912-GVSEQ,Month-to-month,26,93.85,Yes,0.7370169890544389,High
2792-LSHWX,Month-to-month,1,83.4,No,0.7369535286120645,High
9637-EIHEQ,Month-to-month,1,50.8,Yes,0.7368960925968338,High
3550-SAHFP,Month-to-month,33,83.35,Yes,0.7367778417398245,High
4030-VPZBD,Month-to-month,2,30.9,Yes,0.7366822823331304,High
3957-LXOLK,Month-to-month,28,106.15,Yes,0.7366205718238565,High
6352-TWCAU,Month-to-month,35,86.45,Yes,0.7364172769892088,High
2722-JMONI,Month-to-month,1,49.55,Yes,0.7363308348075127,High
3753-TSEMP,Month-to-month,15,88.15,Yes,0.7362069061383322,High
8212-DJRCH,Month-to-month,5,90.35,No,0.7361727846676956,High
2359-KMGLI,Month-to-month,24,80.25,Yes,0.7360079680594395,High
9773-PEQBZ,Month-to-month,10,79.85,No,0.7359850649199766,High
8374-XGEJJ,Month-to-month,43,101.0,Yes,0.7356973739856201,High
8182-BJDSI,Month-to-month,28,89.95,Yes,0.7356949192389174,High
6178-KFNHS,Month-to-month,12,78.3,Yes,0.7354354040705807,High
3877-JRJIP,Month-to-month,1,59.85,Yes,0.7353762848317613,High
2025-JKFWI,Month-to-month,13,99.0,Yes,0.7353482182998536,High
2362-IBOOY,Month-to-month,36,84.75,Yes,0.7352180986631102,High
1254-IZEYF,Month-to-month,31,99.95,Yes,0.735125621477048,High
3627-FCRDW,Month-to-month,9,71.0,Yes,0.7350676010160829,High
7480-QNVZJ,Month-to-month,50,95.7,Yes,0.7348315033876817,High
0928-JMXNP,Month-to-month,4,29.9,No,0.7345881745601104,High
8650-RHRKE,Month-to-month,4,29.65,Yes,0.7344021107311082,High
1406-PUQVY,Month-to-month,1,49.9,No,0.7343355521011569,High
3797-VTIDR,Month-to-month,1,23.45,Yes,0.7342735920841325,High
1536-HBSWP,Month-to-month,1,49.9,No,0.7340931661245064,High
0524-IAVZO,Month-to-month,30,85.0,Yes,0.734089131157422,High
7315-WYOAW,Month-to-month,13,100.75,No,0.7338094909063634,High
9279-CJEOJ,Month-to-month,21,95.4,No,0.7338067830444939,High
4237-RLAQD,Month-to-month,1,45.85,Yes,0.7338008885001883,High
0988-JRWWP,Month-to-month,3,54.2,No,0.7337098333020604,High
0947-MUGVO,Month-to-month,20,73.65,Yes,0.7335066569831101,High
0420-HLGXF,Month-to-month,39,99.75,No,0.7334050615532209,High
0887-HJGAR,Month-to-month,1,45.7,Yes,0.7333337003234641,High
9117-SHLZX,Month-to-month,1,45.7,Yes,0.7333337003234641,High
5133-POWUA,Month-to-month,1,45.8,No,0.7333337003234641,High
0362-ZBZWJ,Month-to-month,36,84.9,Yes,0.7328931740886278,High
1624-WOIWJ,Month-to-month,10,84.7,Yes,0.7325988895233048,High
2386-LAHRK,Month-to-month,1,53.5,Yes,0.7325282525284349,High
7587-RZNME,Month-to-month,3,43.3,Yes,0.7322846278529892,High
3716-UVSPD,Month-to-month,1,49.3,No,0.7322551635560383,High
4929-BSTRX,Month-to-month,1,53.55,Yes,0.7320917764744151,High
5183-SNMJQ,Month-to-month,10,95.1,No,0.7315334098461349,High
2809-ZMYOQ,Month-to-month,32,101.35,No,0.7314910198399482,High
8111-SLLHI,Month-to-month,39,105.65,Yes,0.7313510785103442,High
0491-KAPQG,Month-to-month,21,73.7,No,0.7313079296235478,High
0322-CHQRU,Month-to-month,2,45.35,Yes,0.7310744042647599,High
2685-SREOM,Month-to-month,25,89.1,Yes,0.7310529817027198,High
0616-ATFGB,Month-to-month,1,25.05,Yes,0.7309422658088167,High
3566-HJGPK,Month-to-month,1,45.55,No,0.7308639034213084,High
0939-YAPAF,Month-to-month,35,100.25,Yes,0.7306075218796338,High
7065-YUNRY,Month-to-month,1,45.3,Yes,0.7305887610926445,High
2275-RBYQS,Month-to-month,1,45.4,No,0.7305887610926445,High
5692-FPTAH,Month-to-month,1,45.4,Yes,0.7305887610926445,High
1723-HKXJQ,Month-to-month,42,101.75,Yes,0.7304030161627805,High
0661-XEYAN,Month-to-month,1,25.8,Yes,0.7300372826676317,High
5696-QURRL,Month-to-month,1,45.05,Yes,0.7299838956000841,High
0818-OCPZO,Month-to-month,27,81.45,Yes,0.729767238320189,High
3951-NJCVI,Month-to-month,42,95.05,No,0.7296153397598697,High
1496-GGSUK,Month-to-month,1,25.7,Yes,0.7295726536923397,High
3644-QXEHN,Month-to-month,13,97.0,No,0.7295226507256493,High
0396-YCHWO,Month-to-month,36,95.4,No,0.7290048022082163,High
3640-PHQXK,Month-to-month,31,89.9,Yes,0.7289428872346019,High
1112-CUNAO,Month-to-month,15,89.85,Yes,0.7289373468359552,High
5879-SESNB,Month-to-month,11,75.25,No,0.7288978778519036,High
4749-VFKVB,Month-to-month,1,50.1,Yes,0.7287588930248229,High
3926-CUQZX,Month-to-month,1,45.1,Yes,0.7287448415602146,High
8397-MVTAZ,Month-to-month,34,100.05,Yes,0.7285984341838218,High
4184-TJFAN,Month-to-month,3,88.3,Yes,0.7283993437323146,High
4678-DVQEO,Month-to-month,1,52.2,Yes,0.728350710752118,High
2862-PFNIK,Month-to-month,1,24.7,No,0.7283240077843574,High
1942-OQFRW,Month-to-month,1,44.0,No,0.7283119150130802,High
9796-BPKIW,Month-to-month,8,69.95,No,0.7282306359806694,High
0315-LVCRK,Month-to-month,11,84.8,No,0.7281798168821929,High
8903-XEBGX,Month-to-month,2,55.3,No,0.7281269725770533,High
1660-HSOOQ,Month-to-month,1,49.65,Yes,0.7280790839346643,High
7142-HVGBG,Month-to-month,43,103.0,Yes,0.7279201505551708,High
2357-COQEK,Month-to-month,28,103.3,Yes,0.7278955174731926,High
4433-JCGCG,Month-to-month,46,101.0,Yes,0.727556921424393,High
4521-YEEHE,Month-to-month,18,88.85,No,0.7275482671699237,High
0570-BFQHT,Month-to-month,9,80.55,No,0.727322375927702,High
2439-LYPMQ,Month-to-month,38,102.6,No,0.72697819479725,High
8981-FJGLA,Month-to-month,11,78.0,No,0.7269328874223392,High
0439-IFYUN,Month-to-month,18,74.7,No,0.7266822534590509,High
5047-LHVLY,Month-to-month,1,50.15,Yes,0.7266497273399999,High
4484-CGXFK,Month-to-month,3,55.3,Yes,0.7265166642649803,High
4818-QIUFN,Month-to-month,20,79.15,Yes,0.726414517564828,High
7675-OZCZG,Month-to-month,3,45.0,Yes,0.7263555113639747,High
6198-RTPMF,Month-to-month,17,92.6,No,0.7262969027588301,High
1751-NCDLI,Month-to-month,46,98.85,No,0.7262877017663601,High
2207-NHRJK,Month-to-month,1,50.8,Yes,0.7259554679077665,High
5271-DBYSJ,Month-to-month,11,79.15,No,0.7259438213366523,High
4816-LXZYW,Month-to-month,23,79.15,Yes,0.7257550644776132,High
6032-KRXXO,Month-to-month,30,90.25,Yes,0.7257177418662041,High
3334-CTHOL,Month-to-month,1,49.95,Yes,0.7255096320789486,High
7137-RYLPP,Month-to-month,37,85.7,Yes,0.7254513704156685,High
1666-JXLKU,Month-to-month,37,100.05,No,0.7254276929737413,High
4537-DKTAL,Month-to-month,2,45.55,No,0.7253510598664832,High
4013-TLDHQ,Month-to-month,19,78.25,Yes,0.7252615131435758,High
6876-ADESB,Month-to-month,1,48.95,Yes,0.7252234227606872,High
5908-QMGOE,Month-to-month,15,74.2,Yes,0.7248994609162087,High
1268-ASBGA,Month-to-month,16,85.35,Yes,0.7248932405591363,High
9600-NAXZN,Month-to-month,43,101.4,Yes,0.7248833697750653,High
8280-MQRQN,Month-to-month,1,50.45,Yes,0.7247262358718694,High
6906-ANDWJ,Month-to-month,15,74.9,Yes,0.7245048779344124,High
2107-FBPTK,Month-to-month,30,104.1,No,0.7244843919561185,High
4349-GFQHK,Month-to-month,1,54.35,Yes,0.724452363487893,High
4074-SJFFA,Month-to-month,1,54.75,Yes,0.7243668497691014,High
4195-NZGTA,Month-to-month,1,25.25,No,0.7240788114063035,High
3703-VAVCL,Month-to-month,2,90.0,Yes,0.7238384867918622,High
1028-FFNJK,Month-to-month,30,101.5,No,0.7237967490932645,High
7703-ZEKEF,Month-to-month,23,81.0,Yes,0.7237211578395879,High
6116-RFVHN,Month-to-month,34,100.45,No,0.7235084461133409,High
8950-MTZNV,Month-to-month,1,44.95,No,0.7235016367072902,High
8710-YGLWG,Month-to-month,1,44.9,No,0.7235016367072902,High
4847-QNOKA,Month-to-month,1,44.9,Yes,0.7234060422714328,High
2235-DWLJU,Month-to-month,6,44.4,No,0.7229788536045467,High
2636-OHFMN,Month-to-month,4,48.55,Yes,0.7229571911150636,High
6204-IEUXJ,Month-to-month,3,80.1,Yes,0.722875854952,High
4039-HEUNW,Month-to-month,36,96.5,Yes,0.722850309975044,High
9172-JITSM,Month-to-month,26,90.8,Yes,0.7227194228419223,High
4536-PLEQY,Month-to-month,12,85.05,No,0.7225354672552325,High
8224-DWCKX,Month-to-month,12,73.3,No,0.7224552745659033,High
8709-KRDVL,Month-to-month,33,100.0,No,0.7222726259936888,High
8634-MPHTR,Month-to-month,47,100.05,Yes,0.7222655715228034,High
9647-ERGBE,Month-to-month,30,100.05,Yes,0.7220176412539632,High
7881-EVUAD,Month-to-month,2,42.6,Yes,0.7218900146775682,High
6551-GNYDG,Month-to-month,14,80.9,No,0.7216954813954654,High
4612-SSVHJ,Month-to-month,20,81.45,No,0.7216350879623736,High
7892-POOKP,Month-to-month,28,104.8,Yes,0.7210018008146309,High
3798-EPWRR,Month-to-month,2,43.95,No,0.7209589932913668,High
9432-VOFYX,Month-to-month,17,70.8,No,0.7207355928893211,High
0650-BWOZN,Month-to-month,18,73.55,No,0.7205244620885487,High
2568-OIADY,Month-to-month,37,99.5,Yes,0.7200452803528172,High
5692-ICXLW,Month-to-month,31,90.7,No,0.7198351745555606,High
0378-NHQXU,Month-to-month,17,88.25,Yes,0.719819717620814,High
2372-HWUHI,Month-to-month,2,44.35,Yes,0.7195263862052057,High
1845-ZLLIG,Month-to-month,1,50.15,No,0.7194724084631949,High
6413-XKKPU,Month-to-month,17,89.4,Yes,0.7194379015163191,High
9824-BEMCV,Month-to-month,17,69.0,Yes,0.719392172775035,High
6267-DCFFZ,Month-to-month,30,90.05,No,0.719383988387839,High
5980-NOPLP,Month-to-month,44,96.1,Yes,0.7192984214791206,High
4351-QLCSU,Month-to-month,1,55.0,Yes,0.718978165128147,High
6689-KXGBO,Month-to-month,1,50.55,Yes,0.7188930781818677,High
1478-VPOAD,Month-to-month,1,43.8,No,0.7185814740275192,High
6595-COKXZ,Month-to-month,1,44.45,Yes,0.7184599859398139,High
5947-SGKCL,Month-to-month,15,105.35,No,0.7184390272832317,High
4065-JJAVA,Month-to-month,1,49.5,No,0.7184101902684764,High
1092-GANHU,Month-to-month,17,76.65,Yes,0.7183645808653035,High
6907-NZZIJ,Month-to-month,36,99.15,Yes,0.7183501855642608,High
0082-LDZUE,Month-to-month,1,44.3,No,0.7180867095021383,High
0927-LCSMG,Month-to-month,7,74.65,Yes,0.7178712306986559,High
2082-OJVTK,Month-to-month,29,89.2,Yes,0.7177496369963482,High
7534-BFESC,Month-to-month,24,76.1,Yes,0.7176686429719654,High
6017-PPLPX,Month-to-month,20,70.45,Yes,0.7174064499691788,High
5226-NOZFC,Month-to-month,26,85.75,No,0.7172734146308706,High
3858-VOBET,Month-to-month,23,74.95,Yes,0.7168367172276514,High
9851-QXEEQ,Month-to-month,41,104.7,Yes,0.7165670042934079,High
4289-DTDKW,Month-to-month,40,101.3,Yes,0.7165473911077445,High
0848-ZGQIJ,Month-to-month,16,94.65,No,0.7164408248224641,High
1471-GIQKQ,Month-to-month,1,49.95,No,0.7161781372729656,High
9620-ENEJV,Month-to-month,6,70.55,No,0.7161732050724539,High
5019-GQVCR,Month-to-month,43,84.85,No,0.7158783185541708,High
2506-CLAKW,Month-to-month,6,98.15,Yes,0.7158265681007049,High
5035-BVCXS,Month-to-month,11,75.9,No,0.7155212318348778,High
9389-ACWBI,Month-to-month,5,69.95,No,0.7154266693913514,High
4201-JMNGR,Month-to-month,1,55.8,Yes,0.7153557651910294,High
5219-YIPTK,Month-to-month,33,104.4,Yes,0.715259477318005,High
6103-BOCOU,Month-to-month,26,80.7,No,0.7148721412879065,High
6629-CZTTH,Month-to-month,1,55.7,Yes,0.7148071911694014,High
2189-WWOEW,Month-to-month,15,85.9,Yes,0.7145826497143895,High
0376-YMCJC,Month-to-month,23,90.6,Yes,0.7144676636254426,High
4183-MYFRB,Month-to-month,21,90.05,No,0.7143069935200039,High
9239-ZBZZV,Month-to-month,6,47.95,Yes,0.7142749928702263,High
7663-RGWBC,Month-to-month,1,44.15,Yes,0.7141004842510766,High
3398-ZOUAA,Month-to-month,21,69.1,Yes,0.7139917734835233,High
9058-CBREO,Month-to-month,1,50.55,Yes,0.7139535530773726,High
5968-VXZLG,Month-to-month,2,46.6,No,0.7138695965141576,High
5896-NPFWW,Month-to-month,3,50.15,Yes,0.7138555196386183,High
5022-KVDQT,Month-to-month,27,81.3,No,0.7137181968452505,High
6833-JMZYP,Month-to-month,15,94.0,No,0.7135452580145425,High
8436-BJUMM,Month-to-month,26,83.75,Yes,0.7133474848721808,High
7562-UXTPG,Month-to-month,13,70.15,No,0.7133329909424989,High
9490-DFPMD,Month-to-month,42,84.65,Yes,0.7133115287513607,High
8393-DLHGA,Month-to-month,25,95.9,Yes,0.7131575998355525,High
4583-PARNH,Month-to-month,16,91.55,No,0.7126908561325854,High
3278-FSIXX,Month-to-month,2,45.25,No,0.7126680571218881,High
4423-YLHDV,Month-to-month,21,104.4,Yes,0.7125748464138123,High
7442-YGZFK,Month-to-month,1,49.8,No,0.7121671326854473,High
7537-RBWEA,Month-to-month,1,25.15,No,0.7121483403230281,High
6032-IGALN,Month-to-month,1,25.1,Yes,0.7121483403230281,High
9227-LUNBG,Month-to-month,1,24.6,Yes,0.7121263404316823,High
7967-HYCDE,Month-to-month,8,70.7,No,0.7118541343542756,High
2831-EBWRN,Month-to-month,4,45.9,No,0.7118459888218994,High
5606-AMZBO,Month-to-month,10,78.15,No,0.7116691133919553,High
0027-KWYKW,Month-to-month,23,83.75,No,0.711528350735509,High
8276-MQBYC,Month-to-month,51,97.8,Yes,0.7114498001642405,High
6242-MBHPK,Month-to-month,23,95.1,No,0.7114171810202755,High
9714-EDSUC,Month-to-month,4,94.9,No,0.7112579414822271,High
7729-JTEEC,Month-to-month,2,44.5,No,0.7109344691240059,High
7586-ZATGZ,Month-to-month,40,84.9,No,0.7109148856229609,High
2969-QWUBZ,Month-to-month,2,51.4,No,0.7109108893186715,High
5960-MVTUK,Month-to-month,3,29.75,No,0.7107303438986385,High
9398-MMQTO,Month-to-month,3,74.45,No,0.7106086672023711,High
9136-ALYBR,Month-to-month,1,24.45,Yes,0.7105678297643979,High
1891-UAWWU,Month-to-month,20,90.8,Yes,0.7103213276276468,High
3934-HXCFZ,Month-to-month,23,99.25,Yes,0.7102998869786219,High
4367-NHWMM,Month-to-month,1,24.9,No,0.7102624442667802,High
8802-UNOJF,Month-to-month,12,83.8,Yes,0.7101486284185993,High
9214-EKVXR,Month-to-month,1,44.0,No,0.7100958777439297,High
3737-GCSPV,Month-to-month,11,96.2,Yes,0.7094510586544386,High
3088-LHEFH,Month-to-month,11,79.0,No,0.7091042948651851,High
5666-CYCYZ,Month-to-month,24,89.55,No,0.7086958410175168,High
5380-WJKOV,Month-to-month,34,106.35,Yes,0.708571078681458,High
8990-ZXLSU,Month-to-month,9,69.05,No,0.7084890924474715,High
0654-HMSHN,Month-to-month,21,104.4,Yes,0.708485131776166,High
9961-JBNMK,Month-to-month,21,96.8,Yes,0.708370774761859,High
1728-BQDMA,Month-to-month,2,44.45,No,0.7082428825635317,High
9885-AIBVB,Month-to-month,29,85.8,No,0.7081476772007042,High
8486-AYEQH,Month-to-month,31,76.05,No,0.7081270830969242,High
2665-NPTGL,Month-to-month,26,98.1,No,0.7080824788542128,High
3961-SXAXY,Month-to-month,1,44.05,No,0.7080789113607757,High
6311-UEUME,Month-to-month,29,78.9,Yes,0.7079921090446335,High
2694-CIUMO,Month-to-month,12,79.55,No,0.7077421531116973,High
0265-EDXBD,Month-to-month,32,74.9,Yes,0.7077063329533515,High
1583-IHQZE,Month-to-month,12,112.95,Yes,0.7076929988279362,High
3658-KIBGF,Month-to-month,1,54.9,Yes,0.7076763934052815,High
7841-TZDMQ,Month-to-month,2,46.0,Yes,0.7075287800951842,High
2460-NGXBJ,Month-to-month,11,75.2,No,0.7074797372170096,High
6650-VJONK,Month-to-month,1,43.85,No,0.7073574816512902,High
7890-VYYWG,Month-to-month,3,36.45,Yes,0.7073030208512768,High
6907-FLBER,Month-to-month,1,54.3,No,0.7071368468145596,High
2080-CAZNM,Month-to-month,41,104.4,No,0.7070905950672453,High
9940-HPQPG,Month-to-month,9,91.75,Yes,0.7070065455471394,High
8286-AFUYI,Month-to-month,1,47.95,No,0.7069815663800626,High
4671-LXRDQ,Month-to-month,2,45.0,Yes,0.7069366053359032,High
9058-MJLZC,Month-to-month,24,94.6,No,0.7069073646878427,High
5650-YLIBA,Month-to-month,31,81.15,No,0.7068725857149711,High
5261-QSHQM,Month-to-month,4,24.45,Yes,0.7065311469201712,High
0221-WMXNQ,Month-to-month,4,75.35,No,0.7063526566619063,High
4803-AXVYP,Month-to-month,38,99.55,Yes,0.7062719200429934,High
3001-CBHLQ,Month-to-month,32,104.9,Yes,0.7061372569054876,High
3413-BMNZE,Month-to-month,1,45.25,No,0.7058673069454884,High
9821-POOTN,Month-to-month,35,75.2,Yes,0.7056275042510679,High
3130-ICDUP,Month-to-month,2,80.55,No,0.7055947680554674,High
4193-ORFCL,Month-to-month,1,45.1,Yes,0.705568975049556,High
4686-UXDML,Month-to-month,21,99.85,No,0.7054933836208118,High
9801-GDWGV,Month-to-month,39,103.45,Yes,0.7052928138709916,High
6719-OXYBR,Month-to-month,15,85.3,No,0.7049914979803558,High
5522-JBWMO,Month-to-month,1,44.0,No,0.7049822934294335,High
8020-BWHYL,Month-to-month,15,75.3,Yes,0.7048458307300793,High
0641-EVBOJ,Month-to-month,3,82.3,No,0.7046967932659977,High
0337-CNPZE,Month-to-month,41,106.3,Yes,0.7046481308741348,High
5480-HPRRX,Month-to-month,3,25.3,Yes,0.7043668552657446,High
8819-IMISP,Month-to-month,31,80.45,No,0.7042303108038523,High
1902-XBTFB,Month-to-month,22,89.4,Yes,0.7042089180543873,High
7511-YMXVQ,Month-to-month,9,45.4,Yes,0.7041745122905528,High
0886-QGENL,Month-to-month,27,101.25,Yes,0.7040526631510408,High
8696-JKZNU,Month-to-month,37,76.25,Yes,0.7038716651740877,High
2103-ZRXFN,Month-to-month,1,50.75,No,0.7034586277693491,High
0148-DCDOS,Month-to-month,25,94.7,Yes,0.7032463464077572,High
9465-RWMXL,Month-to-month,32,78.9,Yes,0.7032461126032536,High
2408-WITXK,Month-to-month,10,34.7,Yes,0.7032369021008488,High
1769-GRUIK,Month-to-month,18,71.1,No,0.7030482644512385,High
8695-ARGXZ,Month-to-month,34,75.55,No,0.7029290523754974,High
9420-LOJKX,Month-to-month,15,99.1,Yes,0.7026196666578836,High
7029-RPUAV,Month-to-month,17,100.45,Yes,0.7025554841062104,High
7072-MBHEV,Month-to-month,11,78.1,No,0.7024574911737633,High
8180-AKMJV,Month-to-month,1,44.55,No,0.702407231037662,High
2249-YPRNG,Month-to-month,20,105.85,Yes,0.7022201547022173,High
4412-YLTKF,Month-to-month,27,78.05,Yes,0.7020211849949587,High
6212-ATMLK,Month-to-month,50,95.7,No,0.7016621788160881,High
0637-YLETY,Month-to-month,16,95.6,Yes,0.7012186741906014,High
7714-YXSMB,Month-to-month,26,100.5,No,0.7011961631308372,High
3071-VBYPO,Month-to-month,3,89.85,No,0.7011443603547834,High
8630-FJLIB,Month-to-month,18,69.8,No,0.7010671046711784,High
5365-LLFYV,Month-to-month,2,45.85,No,0.7006693095913377,High
7748-UMTRK,Month-to-month,30,101.3,No,0.7005235969427375,High
4846-WHAFZ,Month-to-month,37,76.5,Yes,0.7003825863413896,High
9572-WUKSB,Month-to-month,3,29.9,No,0.7003207985542131,High
9992-UJOEL,Month-to-month,2,50.3,No,0.7003131810883106,High
3755-JBMNH,Month-to-month,16,71.8,Yes,0.700138785882423,High
9121-PHQSR,Month-to-month,16,85.05,No,0.7000730409089762,High
8429-XIBUM,Month-to-month,22,101.35,Yes,0.6999766733825832,High
2916-BQZLN,Month-to-month,19,84.75,No,0.6999637691014338,High
2800-QQUSO,Month-to-month,42,100.3,No,0.699891677273457,High
7312-XSBAT,Month-to-month,1,49.75,No,0.6996452524748956,High
0447-RXSGD,Month-to-month,24,99.65,No,0.6992084221155528,High
3703-KBKZP,Month-to-month,16,74.45,No,0.6991914401915756,High
7593-XFKDI,Month-to-month,1,46.3,Yes,0.6991819391464701,High
2091-RFFBA,Month-to-month,31,73.9,Yes,0.6991551851746319,High
2501-XWWTZ,Month-to-month,11,70.2,No,0.6991064865500182,High
5364-XYIRR,Month-to-month,51,94.65,Yes,0.6989522396358917,High
7054-LGEQW,Month-to-month,1,45.95,Yes,0.6987909604543349,High
5233-AOZUF,Month-to-month,29,74.95,No,0.6987426953305076,High
2903-YYTBW,Month-to-month,1,44.55,No,0.6981061412118681,High
4546-FOKWR,Month-to-month,16,74.75,No,0.6980075524337183,High
3097-NNSPB,Month-to-month,2,49.05,Yes,0.6979836619972782,High
1302-UHBDD,Month-to-month,20,89.95,No,0.6978629591093126,High
9779-DPNEJ,Month-to-month,22,80.15,No,0.6978499087238043,High
5482-PLVPE,Month-to-month,2,24.35,Yes,0.6977853170135777,High
1580-BMCMR,Month-to-month,19,87.3,No,0.6977669482516209,High
5233-GEEAX,Month-to-month,8,29.4,Yes,0.6976229317730548,High
8993-IZEUX,Month-to-month,7,69.15,No,0.6975906961390713,High
1989-PRJHP,Month-to-month,27,75.5,Yes,0.6975801101094651,High
6458-CYIDZ,Month-to-month,5,80.7,No,0.6975041091700119,High
7993-PYKOF,Month-to-month,8,75.0,Yes,0.6974871652326065,High
4124-MMETB,Month-to-month,22,94.65,Yes,0.6974813389617373,High
0112-QAWRZ,Month-to-month,16,90.8,No,0.6966441212246998,High
6365-MTGZX,Month-to-month,24,96.0,Yes,0.6965467471397492,High
5868-CZJDR,Month-to-month,1,31.35,Yes,0.6964886837526856,High
0147-ESWWR,Month-to-month,39,101.25,No,0.6964387978443467,High
9492-TOKRI,Month-to-month,18,90.0,Yes,0.6963500443646278,High
3165-HDOEW,Month-to-month,1,45.85,Yes,0.6961340655423738,High
5669-SRAIP,Month-to-month,5,39.5,Yes,0.6960921951447298,High
9552-TGUZV,Month-to-month,8,75.0,No,0.6959819706954825,High
7603-USHJS,Month-to-month,12,73.75,Yes,0.6958027424758926,High
9529-OFXHY,Month-to-month,15,87.75,No,0.6956369099479305,High
9866-QEVEE,Month-to-month,19,86.0,Yes,0.6953453396976913,High
3677-TNKIO,Month-to-month,14,71.0,Yes,0.6952809073969746,High
1260-TTRXI,Month-to-month,4,54.3,Yes,0.6952174624389973,High
3946-MHCZW,Month-to-month,1,50.9,Yes,0.6951621924579056,High
7517-SAWMO,Month-to-month,19,73.2,Yes,0.6950341645354197,High
3751-KTZEL,Month-to-month,1,35.05,Yes,0.694965439454622,High
4704-ERYFC,Month-to-month,22,69.25,Yes,0.6948708727363277,High
9851-KIELU,Month-to-month,10,110.1,Yes,0.6948393385277651,High
9244-ZVAPM,Month-to-month,1,45.6,No,0.6946617094885369,High
9889-TMAHG,Month-to-month,8,100.3,Yes,0.6943904239135675,High
2719-BDAQO,Month-to-month,17,93.85,Yes,0.6941725756203829,High
0374-AACSZ,Month-to-month,1,50.15,No,0.6938071165517663,High
2034-CGRHZ,Month-to-month,24,102.95,Yes,0.6934200973695259,High
5857-TYBCJ,Month-to-month,44,89.2,No,0.6934089459011807,High
7018-WBJNK,Month-to-month,13,78.3,No,0.6933661681944311,High
3518-PZXZQ,Month-to-month,1,55.3,No,0.6932499500969216,High
3096-IZETN,Month-to-month,12,78.1,Yes,0.6931577366627483,High
6557-BZXLQ,Month-to-month,16,69.65,No,0.6928524518716019,High
3866-MDTUB,Month-to-month,2,70.75,Yes,0.6927478036653366,High
3597-MVHJT,Month-to-month,27,95.6,No,0.6925780987446674,High
2833-SLKDQ,Month-to-month,1,45.05,Yes,0.6925207538623113,High
3891-PUQOD,Month-to-month,1,59.2,Yes,0.6922736879837331,High
3748-FVMZZ,Month-to-month,4,40.05,No,0.692204750025969,High
3002-WQZWT,Month-to-month,29,74.2,No,0.6921705339405383,High
0682-USIXD,Month-to-month,21,86.05,No,0.6918186169770318,High
1307-ATKGB,Month-to-month,24,89.55,No,0.6917824749318391,High
9133-AYJZG,Month-to-month,23,98.7,No,0.6916145363386098,High
7754-IXRMC,Month-to-month,1,45.35,No,0.6915514776451352,High
0434-CSFON,Month-to-month,47,100.5,No,0.6914844925543345,High
1264-BYWMS,Month-to-month,55,96.8,Yes,0.691409898842084,High
3956-MGXOG,Month-to-month,28,80.6,No,0.6912655169789403,High
7252-NTGSS,Month-to-month,1,45.15,No,0.6912253850820034,High
5449-FIBXJ,Month-to-month,19,103.3,Yes,0.691115432379136,High
8519-QJGJD,Month-to-month,14,75.35,Yes,0.6910481417682469,High
6582-OIVSP,Month-to-month,1,45.3,No,0.6910180974214454,High
2842-JTCCU,Month-to-month,2,46.05,Yes,0.6904941901687729,High
8993-PHFWD,Month-to-month,3,25.25,Yes,0.690420981666951,High
4154-AQUGT,Month-to-month,13,89.05,Yes,0.6902728646699456,High
3565-UNOCC,Month-to-month,29,99.05,Yes,0.6902202487258542,High
6900-PXRMS,Month-to-month,26,105.75,Yes,0.6900612493085135,High
0374-IOEGQ,Month-to-month,3,44.6,No,0.6899745457482176,High
8263-JQAIK,Month-to-month,2,24.45,Yes,0.6898316200771288,High
8665-UTDHZ,Month-to-month,1,30.2,Yes,0.6898194240418852,High
7240-ETPTR,Month-to-month,9,48.75,Yes,0.6896761425535319,High
4815-GBTCD,Month-to-month,4,25.15,No,0.6896500032102371,High
4547-LYTDD,Month-to-month,16,72.65,Yes,0.6896362560419921,High
3669-OYSJI,Month-to-month,1,46.2,Yes,0.6896287550500854,High
4503-BDXBD,Month-to-month,11,74.95,Yes,0.6896100001134858,High
5998-VVEJY,Month-to-month,26,80.5,Yes,0.6895425977882982,High
1754-GKYPY,Month-to-month,22,89.75,No,0.6894288950467712,High
2824-MYYBN,Month-to-month,37,95.25,No,0.6892148281014477,High
1391-UBDAR,Month-to-month,11,72.9,No,0.6889847273671169,High
2979-SXESE,Month-to-month,17,94.4,Yes,0.6889705245508875,High
6518-LGAOV,Month-to-month,38,105.0,Yes,0.6889531987831896,High
4652-NNHNY,Month-to-month,16,73.85,Yes,0.6888025629997073,High
3374-LXDEV,Month-to-month,13,89.4,Yes,0.68872373788545,High
4116-TZAQJ,Month-to-month,9,74.25,Yes,0.6886266125328333,High
9743-DQKQW,Month-to-month,3,25.1,No,0.6884706919832945,High
9283-LZQOH,Month-to-month,13,74.4,Yes,0.688407193197115,High
2592-SEIFQ,Month-to-month,3,24.75,Yes,0.6882422727704782,High
2122-YWVYA,Month-to-month,18,75.4,No,0.6880567714606164,High
6877-LGWXO,Month-to-month,18,78.55,Yes,0.6879397630062601,High
2232-DMLXU,Month-to-month,1,55.2,Yes,0.6879021018728823,High
2955-BJZHG,Month-to-month,17,80.85,Yes,0.6877591074485504,High
4729-XKASR,Month-to-month,1,24.75,Yes,0.6873994650796286,High
4971-PUYQO,Month-to-month,27,94.55,Yes,0.6872098912090688,High
4727-MCYZG,Month-to-month,1,55.55,No,0.6869979326632218,High
0623-GDISB,Month-to-month,1,48.45,No,0.686941491405258,High
7901-HXJVA,Month-to-month,14,76.45,No,0.6869075627471217,High
7802-EFKNY,Month-to-month,5,24.95,Yes,0.6868012196084831,High
1104-TNLZA,Month-to-month,28,105.8,No,0.6867567350416395,High
3932-CMDTD,One year,4,105.65,Yes,0.6866922102098367,High
0115-TFERT,Month-to-month,21,111.2,Yes,0.6865802920434549,High
2504-DSHIH,Month-to-month,23,86.8,No,0.6864194673155126,High
8903-WMRNW,Month-to-month,15,101.75,No,0.6863800646036862,High
7056-IMHCC,Month-to-month,53,101.9,Yes,0.6863547831585094,High
1730-ZMAME,Month-to-month,32,79.5,No,0.6858402896585895,High
0674-DGMAQ,Month-to-month,32,93.5,No,0.6857395923458672,High
8012-SOUDQ,Month-to-month,43,90.25,No,0.6856386793264206,High
1597-LHYNC,Month-to-month,26,95.0,Yes,0.6855893281177576,High
4236-UJPWO,Month-to-month,2,24.5,No,0.6855176956763747,High
0224-HJAPT,Month-to-month,5,47.15,Yes,0.6853472540506853,High
0411-EZJZE,Month-to-month,3,60.25,No,0.6852890868833069,High
6142-VSJQO,Month-to-month,1,44.35,Yes,0.6850679867266026,High
9518-XXBXE,Month-to-month,10,75.3,No,0.6844500766677357,High
5895-QSXOD,Month-to-month,9,70.05,No,0.684214771693052,High
6905-NIQIN,Month-to-month,1,50.65,Yes,0.684123028072633,High
3384-CTMSF,Month-to-month,47,104.1,No,0.6839014244402947,High
1236-WFCDV,Month-to-month,14,90.45,Yes,0.6837772450614534,High
3806-DXQOM,Month-to-month,4,33.65,Yes,0.6836753108632401,High
0322-YINQP,Month-to-month,1,48.55,Yes,0.6834824977907562,High
8708-XPXHZ,Month-to-month,42,94.2,Yes,0.6831654988239686,High
2672-OJQZP,Month-to-month,1,44.75,No,0.6830715073545311,High
1384-RCUXW,Month-to-month,16,80.55,No,0.6827001255654327,High
4146-SVFUD,Month-to-month,1,44.6,No,0.6823445117471261,High
5858-EAFCZ,Month-to-month,1,44.45,No,0.6823445117471261,High
6982-SSHFK,Month-to-month,1,44.4,Yes,0.6823445117471261,High
7296-PIXQY,Month-to-month,14,70.2,No,0.6821048940090607,High
9190-MFJLN,Month-to-month,19,95.9,Yes,0.6821007485159398,High
6583-QGCSI,Month-to-month,50,88.05,Yes,0.6820360845098762,High
6778-YSNIH,Month-to-month,2,59.0,No,0.6819514899112004,High
7020-OZKXZ,Month-to-month,9,75.5,No,0.6819227080469105,High
1794-HBQTJ,Month-to-month,1,48.6,Yes,0.6818932736340005,High
9355-NPPFS,Month-to-month,26,78.8,No,0.6817780553348033,High
2603-HVKCG,Month-to-month,31,101.4,No,0.6817119872698346,High
2832-KJCRD,Month-to-month,38,103.65,No,0.6816894140882195,High
2252-ISRNH,One year,9,90.35,No,0.6816722919685251,High
6646-VRFOL,Month-to-month,53,103.85,Yes,0.6816482810843447,High
2718-GAXQD,Month-to-month,4,46.0,Yes,0.6814666409743072,High
3536-IQCTX,Month-to-month,32,85.3,Yes,0.6813700378585053,High
0415-MOSGF,Month-to-month,1,44.4,Yes,0.681175133532311,High
9026-RNUJS,Month-to-month,5,50.35,Yes,0.6810318327112516,High
6145-NNPNO,Month-to-month,1,44.15,No,0.6808591874922438,High
0921-OHLVP,Month-to-month,22,83.05,No,0.6803806167595109,High
7901-TBKJX,Month-to-month,56,101.05,No,0.6802557634731735,High
1501-SGHBW,Month-to-month,2,45.85,Yes,0.680240162719428,High
3540-RZJYU,Month-to-month,15,86.2,Yes,0.6799504728110763,High
1346-UFHAX,Month-to-month,13,80.0,No,0.6799396858435098,High
5144-TVGLP,Month-to-month,38,94.75,No,0.6797979096975559,High
0256-LTHVJ,Month-to-month,28,81.05,Yes,0.6797035561350854,High
0611-DFXKO,Month-to-month,20,89.0,Yes,0.6796689192031349,High
1894-IGFSG,Month-to-month,22,89.25,Yes,0.6794580254354035,High
9053-EJUNL,Month-to-month,41,89.2,No,0.6792550052790548,High
8818-DOPVL,Month-to-month,46,104.45,No,0.6790192868046344,High
2860-RANUS,Month-to-month,20,85.8,Yes,0.6789364166748056,High
6260-ONULR,Month-to-month,1,62.8,No,0.6788036408055239,High
0895-DQHEW,Month-to-month,54,104.3,Yes,0.6787370647832156,High
0952-KMEEH,Month-to-month,13,98.15,Yes,0.678182431144712,High
4959-JOSRX,Month-to-month,2,44.6,Yes,0.678047941933312,High
5959-BELXA,Month-to-month,32,96.15,Yes,0.6780454370549026,High
5899-OUVKV,Month-to-month,31,94.5,No,0.6777277489158224,High
2956-GGUCQ,Month-to-month,24,78.85,Yes,0.6774119342428304,High
3312-ZWLGF,Month-to-month,29,79.3,No,0.677377447432173,High
6559-PDZLR,Month-to-month,26,98.65,No,0.6771640323398238,High
6317-YPKDH,Month-to-month,1,29.95,Yes,0.6770636702681277,High
3987-KQDDU,Month-to-month,9,75.6,No,0.6770634541571631,High
7339-POGZN,Month-to-month,4,50.7,No,0.6769642612568,High
2027-CWDNU,Month-to-month,18,85.6,No,0.6766836219539777,High
5103-MHMHY,Month-to-month,1,45.95,Yes,0.6762978635796466,High
6235-VDHOM,Month-to-month,5,28.45,Yes,0.676072062768087,High
7825-ECJRF,Month-to-month,19,106.6,Yes,0.6759942132200899,High
8757-TFHHJ,Month-to-month,1,49.8,No,0.6759101233091304,High
5453-AXEPF,Month-to-month,17,80.5,No,0.6758136282918948,High
0637-UBJRP,Month-to-month,13,84.05,Yes,0.6757081801555559,High
9732-KPKBW,Month-to-month,1,53.95,Yes,0.6753838939484041,High
6338-AVWCY,Month-to-month,3,40.15,Yes,0.6751036731137766,High
0946-CLJTI,Month-to-month,58,98.7,Yes,0.6749089674815882,High
9907-SWKKF,Month-to-month,1,25.05,Yes,0.6747383387248056,High
4077-CROMM,Month-to-month,31,104.2,Yes,0.6745634465161782,High
5482-VXSXJ,Month-to-month,22,93.2,No,0.6743616688176015,High
0093-EXYQL,Month-to-month,40,91.55,No,0.6743308039626877,High
3714-NTNFO,Month-to-month,49,84.5,No,0.6740487801289946,High
8949-JTMAY,Month-to-month,29,98.6,Yes,0.6739924307958495,High
4690-PKDQG,Month-to-month,42,95.55,No,0.6739140708123915,High
1226-UDFZR,Month-to-month,2,49.6,Yes,0.6738971041719398,High
6888-SBYAI,Month-to-month,1,50.7,No,0.6735464778576475,High
7794-JASDG,Month-to-month,1,50.75,No,0.6735464778576475,High
2070-FNEXE,Month-to-month,7,76.45,Yes,0.6734768096684517,High
6366-ZGQGL,Month-to-month,1,24.8,Yes,0.6734372352211263,High
3085-QUOZK,Month-to-month,1,43.95,Yes,0.673279669968519,High
4647-MUZON,Month-to-month,18,95.95,No,0.6732474887090639,High
1641-RQDAY,Month-to-month,32,100.4,No,0.6732390625719575,High
8167-GJLRN,Month-to-month,3,30.4,No,0.6732064691740559,High
2626-URJFX,Month-to-month,4,50.9,Yes,0.6731065271281876,High
3003-CMDUU,Month-to-month,25,95.15,No,0.6730071199772735,High
6022-UGGSO,Month-to-month,32,74.4,Yes,0.6720731180994043,High
7410-OIEDU,Month-to-month,10,79.85,No,0.6720583626295338,High
8648-PFRMP,Month-to-month,14,46.35,No,0.6718356715042901,High
3500-RMZLT,Month-to-month,15,96.3,Yes,0.671691616421369,High
4062-HBMOS,Month-to-month,52,103.05,No,0.6716051900852703,High
4716-HHKQH,Month-to-month,20,107.05,No,0.6715494268910965,High
3269-ATYWD,Month-to-month,39,95.65,Yes,0.6710828510809901,High
5630-IXDXV,Month-to-month,47,106.35,No,0.6709745766691679,High
4208-UFFGW,Month-to-month,2,44.95,Yes,0.6709633052091107,High
6416-YJTTB,Month-to-month,11,79.5,No,0.6709586792902574,High
5480-TBGPH,Month-to-month,24,99.3,Yes,0.6708880724129451,High
0311-UNPFF,Month-to-month,26,88.8,Yes,0.6705557994442131,High
6402-ZFPPI,Month-to-month,25,102.8,Yes,0.6705182499637183,High
0207-MDKNV,Month-to-month,15,105.1,Yes,0.6705173193590099,High
1251-KRREG,Month-to-month,2,54.4,Yes,0.670474741046333,High
7562-GSUHK,Month-to-month,16,93.2,Yes,0.6704617868130671,High
2640-PMGFL,Month-to-month,27,79.5,Yes,0.6703979153871402,High
2604-IJPDU,Month-to-month,20,96.55,No,0.6703082286859037,High
2311-QYMUQ,Month-to-month,16,89.45,Yes,0.6702791089096096,High
2523-EWWZL,Month-to-month,27,76.1,No,0.6702511784357967,High
4432-ADRLB,Month-to-month,2,44.65,Yes,0.6701641483737875,High
2884-GBPFB,Month-to-month,35,70.3,Yes,0.6699109411107258,High
8621-MNIHH,Month-to-month,34,94.25,Yes,0.6695890492078214,High
1216-JWVUX,Month-to-month,25,75.5,No,0.6695598573233728,High
7978-DKUQH,Month-to-month,25,74.6,No,0.6694943821752039,High
2209-XADXF,Month-to-month,1,25.25,No,0.6694789776968887,High
3587-PMCOY,One year,10,98.9,No,0.6693487073317893,High
9167-APMXZ,Month-to-month,22,84.15,No,0.669346587227328,High
2507-QZPQS,Month-to-month,15,95.7,No,0.6691946275638457,High
6633-MPWBS,Month-to-month,5,49.2,Yes,0.6690668767723762,High
8784-CGILN,Month-to-month,18,99.85,Yes,0.6688732005567453,High
3969-GYXEL,Month-to-month,11,76.4,No,0.668591832339441,High
6715-OFDBP,Month-to-month,5,70.05,Yes,0.6685039904728849,High
7855-DIWPO,Month-to-month,21,68.65,No,0.6683694990134721,High
0817-HSUSE,Month-to-month,1,75.5,No,0.6672818732931746,High
8364-TRMMK,Month-to-month,3,50.65,Yes,0.6664250046290809,High
9638-JIQYA,Month-to-month,2,24.9,No,0.6664184705485123,High
9601-BRXPO,Month-to-month,25,104.95,Yes,0.6664105106292099,High
3481-JHUZH,Month-to-month,41,80.25,No,0.6663060015009367,High
5295-PCJOO,Month-to-month,4,49.4,Yes,0.6660578989380342,High
6158-HDPXZ,Month-to-month,1,25.35,No,0.6660563260609889,High
4902-OHLSK,Month-to-month,29,98.65,Yes,0.6659068145602497,High
9448-REEVD,Month-to-month,1,44.7,Yes,0.6654080379595357,High
3050-GBUSH,Month-to-month,3,34.8,No,0.6652438995495964,High
0475-RIJEP,Month-to-month,43,77.85,Yes,0.6649836188340705,High
8490-BXHEO,Month-to-month,18,80.55,No,0.6649380054386376,High
1932-UEDCX,Month-to-month,33,100.6,No,0.6645719687646702,High
0082-OQIQY,Month-to-month,29,94.2,No,0.6645222513297773,High
4484-GLZOU,Month-to-month,52,105.05,Yes,0.6644894456965535,High
7734-DBOAI,Month-to-month,1,40.1,Yes,0.6641079496987274,High
1895-QTKDO,Month-to-month,1,43.95,No,0.6640509366125766,High
6088-BXMRG,Month-to-month,32,98.85,No,0.6640373747383379,High
9600-UDOPK,Month-to-month,30,94.05,Yes,0.6638115744805089,High
9365-SRSZE,Month-to-month,27,70.55,No,0.663793942835929,High
7250-EQKIY,Month-to-month,1,50.45,Yes,0.6634806009165466,High
4658-HCOHW,Month-to-month,21,102.8,Yes,0.6634418122118468,High
9272-LSVYH,Month-to-month,10,70.15,No,0.6632421297555968,High
0899-LIIBW,Month-to-month,34,100.85,No,0.6631069909772055,High
8938-UMKPI,Month-to-month,47,106.4,Yes,0.6628929554096378,High
6304-IJFSQ,Month-to-month,3,49.9,Yes,0.6627614065864733,High
7503-QQRVF,Month-to-month,16,74.3,Yes,0.6627236604213373,High
8066-POXGX,Month-to-month,13,35.1,Yes,0.6626887822858617,High
4828-FAZPK,Month-to-month,16,79.95,No,0.6619647341233768,High
8260-NGFNY,Month-to-month,1,25.2,Yes,0.6619104100113975,High
4223-WOZCM,Month-to-month,2,49.95,No,0.661272474695831,High
0354-WYROK,Month-to-month,31,98.9,Yes,0.6610948382423225,High
7924-GJZFI,Month-to-month,25,69.3,No,0.6605864237592486,High
7718-RXDGG,Month-to-month,15,68.6,No,0.6605707078576459,High
3439-GVUSX,Month-to-month,1,24.4,No,0.6603055802037154,High
8544-GOQSH,Month-to-month,14,80.05,No,0.6601571071836456,High
0577-WHMEV,Month-to-month,16,90.7,No,0.659920511800215,High
4391-RESHN,Month-to-month,23,104.05,Yes,0.6596981480925699,High
2480-SQIOB,Month-to-month,4,44.8,No,0.6596547212737511,High
7404-JLKQG,Month-to-month,3,57.55,No,0.6596540936064315,High
4625-EWPTF,Month-to-month,8,30.45,Yes,0.6592296464058788,High
7422-WNBTY,Month-to-month,33,93.35,No,0.6591640732415391,High
3995-WFCSM,Month-to-month,2,60.85,No,0.6587442943940071,High
3346-BRMIS,Month-to-month,18,48.35,Yes,0.6584597286003768,High
8714-EUHJO,Month-to-month,31,91.15,Yes,0.657035017230925,High
0867-MKZVY,Month-to-month,20,82.4,Yes,0.656978080896505,High
6048-QBXKL,Month-to-month,2,56.55,No,0.656851714929167,High
9564-KCLHR,Month-to-month,1,51.25,Yes,0.6565662593247051,High
9895-VFOXH,Month-to-month,1,24.4,No,0.656396079459664,High
6651-AZVTJ,Month-to-month,49,99.8,Yes,0.6563668780097158,High
2739-CACDQ,Month-to-month,17,82.65,No,0.656339368550834,High
3647-GMGDH,Month-to-month,22,94.7,Yes,0.6562747418012184,High
6078-VESFR,Month-to-month,13,70.45,No,0.6560639541734083,High
9722-UJOJR,Month-to-month,29,70.75,Yes,0.6556026978390922,High
4360-PNRQB,Month-to-month,18,75.6,No,0.6555891336843458,High
5626-MGTUK,Month-to-month,20,89.1,No,0.6555830323714137,High
5981-ITEMU,Month-to-month,40,97.1,Yes,0.6553959323009703,High
3588-WSTTJ,Month-to-month,35,99.05,No,0.6553734995812154,High
4558-FANTW,Month-to-month,17,91.85,Yes,0.655310021329363,High
9508-ILZDG,Month-to-month,34,96.35,No,0.6549212559523448,High
2675-DHUTR,Month-to-month,58,98.9,No,0.6547458198107077,High
0320-JDNQG,Month-to-month,23,99.85,Yes,0.6547360174242749,High
4998-IKFSE,Month-to-month,30,100.45,No,0.6545906347677116,High
7126-RBHSD,Month-to-month,17,78.9,No,0.6544554121435541,High
3211-ILJTT,Month-to-month,17,70.4,Yes,0.6543674378797687,High
6080-TCMYC,Month-to-month,40,81.2,No,0.6540731332675384,High
0578-SKVMF,Month-to-month,22,83.3,Yes,0.6540603448747887,High
6961-VCPMC,Month-to-month,46,80.4,Yes,0.6536549871711769,High
2683-BPJSO,Month-to-month,29,84.45,Yes,0.6535820907247707,High
9450-TRJUU,Month-to-month,35,83.15,No,0.6535058648265829,High
8610-WFCJF,Month-to-month,49,95.6,Yes,0.6533387584610282,High
5572-ZDXHY,Month-to-month,22,84.3,Yes,0.653268450707121,High
8456-QDAVC,Month-to-month,19,78.7,No,0.6531735079881024,High
6994-KERXL,Month-to-month,4,55.9,No,0.6531150469709922,High
9979-RGMZT,One year,7,94.05,No,0.6530836656325502,High
5153-RTHKF,Month-to-month,34,85.35,No,0.6530462788971466,High
5167-GBFRE,Month-to-month,4,25.2,Yes,0.6528486175286171,High
7508-SMHXL,Month-to-month,15,89.0,No,0.6527776836918734,High
9927-DSWDF,Month-to-month,22,104.6,No,0.6527756365943911,High
0537-QYZZN,Month-to-month,24,79.85,No,0.652616887495221,High
7623-TRNQN,Month-to-month,1,49.9,Yes,0.6525738372908075,High
5439-WIKXB,Month-to-month,41,94.55,No,0.6524280620372737,High
4248-QPAVC,Month-to-month,17,85.35,Yes,0.65226265201064,High
6637-KYRCV,Month-to-month,5,30.5,No,0.6519439145356749,High
7979-CORPM,Month-to-month,24,90.55,Yes,0.6518535935390953,High
4398-HSCJH,Month-to-month,3,63.6,Yes,0.651594363156902,High
9129-UXERG,Month-to-month,18,103.6,No,0.6514764481038042,High
8008-HAWED,Month-to-month,14,50.75,Yes,0.6513556814133966,High
3196-NVXLZ,Month-to-month,25,84.6,No,0.6513038757888115,High
7853-OETYL,Month-to-month,4,29.05,No,0.6512887459695791,High
0771-WLCLA,Month-to-month,16,112.95,No,0.6510205322580878,High
5651-YLPRD,Month-to-month,32,86.1,No,0.6509469494404982,High
3211-AAPKX,Month-to-month,20,98.55,No,0.650898360225639,High
5141-ZUVBH,Month-to-month,9,93.0,No,0.650434275628166,High
8565-CLBZW,Month-to-month,24,89.85,Yes,0.6502733213795486,High
2657-ALMWY,Month-to-month,26,84.95,Yes,0.6500891440397921,High
9269-CQOOL,Month-to-month,3,54.7,Yes,0.6500412977828641,High
6987-XQSJT,Month-to-month,54,79.5,Yes,0.6499180763705354,High
7851-FLGGQ,Month-to-month,1,44.65,Yes,0.6496810307680573,High
8685-WHQPW,Month-to-month,22,74.4,Yes,0.6494987786308387,High
1597-FZREH,Month-to-month,2,76.4,Yes,0.6494748428269109,High
3955-JBZZM,Month-to-month,20,78.8,No,0.6494679380214302,High
5130-IEKQT,Month-to-month,25,105.95,Yes,0.6493910508711505,High
5307-DZCVC,Month-to-month,32,85.95,Yes,0.6491852209169815,High
8019-ENHXU,Month-to-month,42,99.45,Yes,0.6490426158625499,High
0963-ZBDRN,Month-to-month,32,96.2,Yes,0.6490404342939052,High
8676-OOQEJ,Month-to-month,4,30.5,No,0.6489841313839857,High
2697-NQBPF,Month-to-month,34,105.35,No,0.6489135805664958,High
5569-OUICF,Month-to-month,28,101.3,Yes,0.6488276490616977,High
2607-FBDFF,Month-to-month,1,49.0,No,0.6488156923284301,High
2322-VCZHZ,Month-to-month,23,90.0,No,0.6486300231191032,High
2273-QCKXA,Month-to-month,1,49.05,No,0.6480285671712207,High
8849-AYPTR,Month-to-month,33,91.25,No,0.6478076218435374,High
4446-BZKHU,Month-to-month,61,105.55,Yes,0.6476938257880692,High
1343-EHPYB,Month-to-month,63,103.4,Yes,0.6471624826031943,High
5281-BUZGT,Month-to-month,36,90.85,Yes,0.6471452984363751,High
3771-PZOBW,Month-to-month,20,90.7,No,0.6470245671547846,High
4013-UBXWQ,Month-to-month,7,74.65,Yes,0.6467225852140606,High
9048-JVYVF,Month-to-month,3,69.35,Yes,0.6467214222071643,High
2108-XWMPY,Month-to-month,3,35.45,Yes,0.6465410277815382,High
3370-GQEAL,Month-to-month,30,85.45,No,0.6465398582363135,High
5208-HFSBT,Month-to-month,2,55.05,Yes,0.6463686730469783,High
7395-IGJOS,Month-to-month,17,81.5,Yes,0.6462858018290374,High
0402-CQAJN,Month-to-month,37,101.9,Yes,0.6462820368660946,High
6646-JPPHA,Month-to-month,14,78.85,No,0.6461396286469442,High
7892-QVYKW,Month-to-month,23,85.6,No,0.6457821996699202,High
6817-WTYHE,Month-to-month,2,44.9,No,0.6457418617575541,High
5759-RCVCB,Month-to-month,3,35.2,Yes,0.6454161894138044,High
5222-IMUKT,Month-to-month,32,91.05,No,0.6451969121206296,High
5119-KEPFY,Month-to-month,36,95.0,No,0.6451684885334408,High
3234-VKACU,Month-to-month,2,70.3,No,0.6450913734110467,High
7233-DRTRF,Month-to-month,63,102.4,No,0.644959764532957,High
9050-QLROH,Month-to-month,18,90.7,Yes,0.6446600038812382,High
2637-FKFSY,Month-to-month,3,46.1,No,0.644437239965585,High
5143-EGQFK,Month-to-month,10,29.65,Yes,0.6444177841004299,High
8885-QSQBX,Month-to-month,1,49.55,No,0.644378386437609,High
6661-HBGWL,Month-to-month,42,104.75,Yes,0.6442630260069769,High
5016-IBERQ,Month-to-month,23,84.25,No,0.6436524626075008,High
9526-BIHHD,Month-to-month,1,29.7,Yes,0.6432268407493404,High
6656-JWRQX,Month-to-month,1,30.55,No,0.6431678760697512,High
1142-WACZW,Month-to-month,2,29.85,Yes,0.6424663694599554,High
2692-BUCFV,Month-to-month,29,101.45,No,0.6419948666495388,High
6599-SFQVE,Month-to-month,6,55.0,No,0.6419240164810543,High
7277-OZCGZ,Month-to-month,22,89.05,No,0.6416577681078146,High
6844-DZKRF,Month-to-month,2,50.2,No,0.6415463882416318,High
2181-UAESM,Month-to-month,2,53.45,No,0.6413873322566297,High
0428-IKYCP,Month-to-month,22,87.0,No,0.6412247779197915,High
1452-KIOVK,Month-to-month,22,89.1,No,0.6411976734324648,High
0581-MDMPW,Month-to-month,24,88.95,No,0.640907552285138,High
1608-GMEWB,Month-to-month,45,93.9,No,0.6406515224985683,High
4471-KXAUH,Month-to-month,42,84.3,Yes,0.6405885055463478,High
5889-JTMUL,Month-to-month,50,95.05,Yes,0.6405810309386458,High
9661-ACXBS,Month-to-month,42,105.2,Yes,0.6404793471858522,High
2519-FAKOD,Month-to-month,38,99.25,Yes,0.6403199200247004,High
8189-XRIKE,Month-to-month,32,90.95,No,0.6402461286649408,High
7240-FQLHE,Month-to-month,18,99.75,Yes,0.64024300867307,High
4128-ETESU,Month-to-month,47,99.7,No,0.6400855300432009,High
8058-DMYRU,Month-to-month,54,90.05,No,0.6400265083139162,High
4553-DVPZG,Month-to-month,62,101.35,No,0.6395922668655077,High
1816-FLZDK,Month-to-month,1,29.15,No,0.6394492171689027,High
9944-AEXBM,Month-to-month,32,85.65,No,0.6392068049511643,High
9631-XEYKE,Month-to-month,3,50.4,No,0.638894893219592,High
1396-QWFBJ,Month-to-month,21,74.05,Yes,0.6388234244014898,High
3668-QPYBK,Month-to-month,2,53.85,Yes,0.6382280627630109,High
4662-EKDPQ,Month-to-month,2,62.05,Yes,0.6382055750577901,High
8543-MSDMF,Month-to-month,3,77.4,No,0.6380090832687767,High
0141-YEAYS,Month-to-month,27,86.45,No,0.637891372158413,High
3197-ARFOY,Month-to-month,19,105.0,No,0.6376725554375898,High
2227-JRSJX,Month-to-month,21,99.15,No,0.6376008077125067,High
5027-XWQHA,Month-to-month,6,44.75,Yes,0.6375881229213322,High
7389-KBFIT,Month-to-month,2,30.25,No,0.6373848197977158,High
4911-BANWH,Month-to-month,31,86.55,Yes,0.637258683588537,High
6692-YQHXC,Month-to-month,16,69.95,No,0.6372266737908754,High
2495-KZNFB,Month-to-month,33,90.65,No,0.6371161957463846,High
0015-UOCOJ,Month-to-month,7,48.2,No,0.6366881446598667,High
5999-LCXAO,Month-to-month,1,29.9,No,0.6366255965684163,High
8695-WDYEA,Month-to-month,1,51.25,No,0.6366058852100341,High
5175-AOBHI,Month-to-month,4,46.0,Yes,0.6363997014699663,High
5948-UJZLF,Month-to-month,2,49.25,No,0.6363410517628538,High
5498-TXHLF,Month-to-month,34,87.45,Yes,0.6359893088786555,High
3352-ALMCK,Month-to-month,40,102.65,No,0.6357930178809827,High
7852-LECYP,Month-to-month,13,93.8,No,0.6355044614077566,High
1335-NTIUC,Month-to-month,9,24.95,No,0.6354472039640261,High
3096-JRDSO,Month-to-month,27,104.3,Yes,0.6354141398759678,High
4343-EJVQB,Month-to-month,7,74.35,No,0.6350179907711507,High
9661-MHUMO,Month-to-month,1,49.25,Yes,0.634900036545186,High
5207-PLSTK,Month-to-month,1,48.75,No,0.634431547370902,High
5609-IMCGG,Month-to-month,15,84.35,No,0.634219434340798,High
3208-YPIOE,Month-to-month,39,75.25,Yes,0.6342049996713427,High
1670-SVOWZ,Month-to-month,14,89.65,Yes,0.6341199426764842,High
9667-TKTVZ,Month-to-month,2,54.35,No,0.6340714998137478,High
3312-UUMZW,Month-to-month,32,98.85,No,0.6335989717534791,High
4918-QLLIW,Month-to-month,3,53.4,Yes,0.6329633465379314,High
0621-TWIEM,Month-to-month,10,45.55,Yes,0.6328882318209147,High
7460-ITWWP,Month-to-month,45,86.1,No,0.6326225255361385,High
5433-KYGHE,Month-to-month,14,86.0,No,0.6326162984371783,High
5673-TIYIB,Month-to-month,2,40.4,Yes,0.6325503696923361,High
0634-SZPQA,Month-to-month,23,90.05,Yes,0.6318036512551373,High
5515-AKOAJ,Month-to-month,54,100.1,Yes,0.6317258761430066,High
8563-OYMQY,Month-to-month,17,90.95,No,0.6316236932730395,High
4570-QHXHL,Month-to-month,9,43.75,No,0.6311884531263269,High
5543-QDCRY,Month-to-month,4,56.4,No,0.6311053837120051,High
0324-BRPCJ,Month-to-month,68,100.2,Yes,0.6310543682704959,High
4430-UZIPO,Month-to-month,3,36.85,Yes,0.6310385085322402,High
8654-DHAOW,Month-to-month,2,54.15,No,0.6309804705931771,High
0531-ZZJWQ,Month-to-month,55,74.0,No,0.6309369022580145,High
2672-TGEFF,Month-to-month,37,88.8,No,0.6308445840713696,High
3167-SNQPL,Month-to-month,38,101.15,No,0.6307396382200887,High
8229-TNIQA,Month-to-month,4,45.3,Yes,0.630467453941447,High
8805-JNRAZ,Month-to-month,2,49.2,No,0.6304345042806678,High
8785-CJSHH,Month-to-month,60,99.8,No,0.6300755552921505,High
1785-BPHTP,Month-to-month,28,85.45,No,0.630012841518742,High
6284-AHOOQ,Month-to-month,22,90.5,Yes,0.6299440495932283,High
3144-AUDBS,Month-to-month,6,49.15,Yes,0.6299169517631881,High
0311-QYWSS,Month-to-month,6,49.45,No,0.6297488140636617,High
0280-XJGEX,Month-to-month,49,103.7,Yes,0.6296711175774939,High
2038-LLMLM,Month-to-month,48,103.85,No,0.6296636712104071,High
3737-XBQDD,Month-to-month,24,84.85,No,0.6295190128071261,High
6467-CHFZW,Month-to-month,47,99.35,Yes,0.6295074382503324,High
2786-GCDPI,Month-to-month,50,104.95,No,0.6291423347253156,High
2873-ZLIWT,Month-to-month,40,84.85,Yes,0.6290914594714162,High
9576-SYUHJ,Month-to-month,37,91.15,No,0.6288995476494064,High
2391-SOORI,Month-to-month,4,49.35,Yes,0.6287808868989341,High
4143-HHPMK,Month-to-month,52,85.35,Yes,0.6287310204815509,High
8059-UDZFY,Month-to-month,33,105.35,No,0.6286835482956084,High
8806-EAGWC,Month-to-month,3,55.15,Yes,0.6284689383304356,High
7129-ACFOG,Month-to-month,5,53.8,No,0.6283255325600245,High
1818-ESQMW,Month-to-month,27,89.2,No,0.6281860547689548,High
9108-EJFJP,Month-to-month,1,53.55,No,0.6278826424937549,High
0829-XXPLX,Month-to-month,20,89.4,No,0.6278586473625957,High
2474-BRUCM,Month-to-month,40,101.85,Yes,0.6277153503400629,High
5204-QZXPU,Month-to-month,19,39.65,Yes,0.6275756331658064,High
4860-IJUDE,Month-to-month,13,73.75,No,0.6274913643955283,High
6377-WHAOX,Month-to-month,60,106.15,No,0.627467785287673,High
3569-EDBPQ,Month-to-month,24,84.35,No,0.6273543674209685,High
5175-WLYXL,Month-to-month,22,78.85,No,0.6271280650507747,High
1013-QCWAM,Month-to-month,66,100.8,No,0.6271217784313524,High
9898-KZQDZ,Month-to-month,40,94.55,Yes,0.6270598046982885,High
2378-VTKDH,Month-to-month,65,104.35,No,0.6269085344062832,High
7752-XUSCI,Month-to-month,60,105.9,Yes,0.6266853858361361,High
2195-ZRVAX,Month-to-month,47,85.3,Yes,0.626587958028985,High
5404-GGUKR,Month-to-month,5,51.35,No,0.6265519612825242,High
6030-REHUX,Month-to-month,28,110.85,No,0.6264091381096765,High
1965-DDBWU,Month-to-month,16,89.05,Yes,0.6260004373128829,High
5294-DMSFH,Month-to-month,29,87.8,No,0.625956223914369,High
7401-RUBNK,Month-to-month,18,74.8,No,0.6259291303216142,High
8718-PTMEZ,Month-to-month,13,31.05,Yes,0.6256867753738773,High
9090-SGQXL,Month-to-month,68,105.3,Yes,0.6256171107558712,High
6439-GTPCA,Month-to-month,45,87.25,Yes,0.6255963909532324,High
8496-EJAUI,Month-to-month,19,73.85,Yes,0.6255181280929755,High
2101-RANCD,Month-to-month,55,73.1,No,0.6253542314733832,High
9281-OFDMF,Month-to-month,39,90.7,No,0.6253219751613309,High
5533-NHFRF,Month-to-month,7,44.4,No,0.6252896467487727,High
5373-SFODM,Month-to-month,36,85.25,Yes,0.6249538145908389,High
5649-RXQTV,Month-to-month,51,99.0,No,0.6245602882504997,High
1035-IPQPU,Month-to-month,63,103.5,No,0.624236943486163,High
3656-TKRVZ,Month-to-month,3,55.35,Yes,0.6241414870467251,High
5351-QESIO,Month-to-month,1,24.2,No,0.6238340758937134,High
2933-FILNV,Month-to-month,2,24.4,Yes,0.6238000179772338,High
9348-YVOMK,Month-to-month,4,44.8,No,0.6237733599866423,High
7579-OOPEC,Month-to-month,2,50.15,Yes,0.623606017933773,High
2911-WDXMV,Month-to-month,18,80.55,No,0.6235435829658469,High
0093-XWZFY,Month-to-month,40,104.5,Yes,0.6234563071419146,High
5356-CSVSQ,Month-to-month,3,64.6,No,0.6232519385462474,High
3768-NLUBH,Month-to-month,57,100.6,Yes,0.6232189494307337,High
0585-EGDDA,Month-to-month,40,80.0,No,0.6229811994290043,High
2538-OIMXF,Month-to-month,1,24.7,No,0.6229352283698776,High
1928-BXYIV,Month-to-month,1,61.15,No,0.6226630339765434,High
9800-ONTFE,Month-to-month,22,75.8,No,0.6225312338008661,High
5922-ABDVO,Month-to-month,19,89.65,Yes,0.6219686995138418,High
4550-VBOFE,Month-to-month,70,102.95,Yes,0.6219355027365484,High
8623-TMRBY,Month-to-month,51,84.2,Yes,0.6217847975567531,High
2947-DOMLJ,Month-to-month,1,50.6,Yes,0.6217734240188374,High
5087-SUURX,Month-to-month,18,39.05,Yes,0.6217392637986829,High
3348-CFRNX,Month-to-month,28,92.35,Yes,0.6217267390192691,High
5536-SLHPM,Month-to-month,55,77.75,Yes,0.621639465169628,High
8212-CRQXP,Month-to-month,22,80.0,No,0.6215495451107611,High
2049-BAFNW,Month-to-month,1,35.9,No,0.6212525753212752,High
5647-FXOTP,Month-to-month,60,105.9,No,0.6212054475627469,High
1689-MRZQR,Month-to-month,34,78.3,Yes,0.6211273939812378,High
2277-VWCNI,Month-to-month,4,48.75,No,0.6210705195514059,High
2960-NKRSO,Month-to-month,24,85.95,No,0.6207525212873902,High
0533-BNWKF,Month-to-month,55,85.45,Yes,0.6203116503470294,High
1636-NTNCO,Month-to-month,4,50.95,No,0.6202271039155635,High
7599-FKVXZ,Month-to-month,42,106.15,Yes,0.6201836834465915,High
0599-XNYDO,Month-to-month,20,69.8,No,0.6200849975215126,High
4026-SKKHW,Month-to-month,3,50.25,No,0.6200738524070061,High
1763-WQFUK,Month-to-month,3,50.5,No,0.6199070845440146,High
5129-JLPIS,Month-to-month,25,105.5,No,0.6196487295089099,High
0623-IIHUG,Month-to-month,21,41.9,Yes,0.6192577405278273,High
6339-DKLMK,Month-to-month,13,31.65,No,0.6191858058365102,High
0265-PSUAE,Month-to-month,16,100.7,No,0.6190895046427458,High
9261-WDCAF,Month-to-month,3,54.65,No,0.6190136845151707,High
0114-PEGZZ,Month-to-month,33,107.55,No,0.6185667088428514,High
5493-SDRDQ,Month-to-month,2,55.1,Yes,0.6184785681507282,High
3336-JORSO,Month-to-month,33,110.45,Yes,0.6184462811170856,High
0587-DMGBH,Month-to-month,8,49.85,Yes,0.6183590894783202,High
7181-OQCUT,Month-to-month,21,103.85,No,0.6181388252085865,High
0749-IRGQE,Month-to-month,13,45.3,No,0.6181020916312996,High
9526-JAWYF,Month-to-month,26,89.8,Yes,0.6180795769218399,High
3943-KDREE,Month-to-month,26,74.95,Yes,0.6180203843746835,High
4061-UKJWL,Month-to-month,3,45.45,No,0.6178472002990185,High
3082-VQXNH,Month-to-month,3,29.8,No,0.6178000538443824,High
5536-RTPWK,Month-to-month,49,99.05,Yes,0.6176397715269456,High
3733-LSYCE,Month-to-month,15,75.35,No,0.6173756822743857,High
1469-LBJQJ,Month-to-month,66,105.2,No,0.6171686125361572,High
9537-VHDTA,Month-to-month,1,51.2,No,0.6170024972388551,High
1453-RZFON,Month-to-month,1,49.9,No,0.6168403526195461,High
7964-VEXDG,Month-to-month,21,80.35,No,0.6166735462736819,High
5650-VDUDS,Month-to-month,4,24.25,Yes,0.6165537027789295,High
0410-IPFTY,Month-to-month,31,83.85,No,0.616520429005145,High
1833-TCXKK,Month-to-month,45,107.75,No,0.6162938496532907,High
8640-SDGKB,Month-to-month,4,74.4,Yes,0.6162419698017068,High
4465-VDKIQ,Month-to-month,18,77.8,No,0.6158801014393799,High
2070-XYMFH,Month-to-month,23,79.35,No,0.6157889399765399,High
2811-POVEX,Month-to-month,23,88.45,No,0.6156872713272102,High
0365-GXEZS,Month-to-month,18,78.2,No,0.6155720988695368,High
8155-IBNHG,Month-to-month,24,75.4,Yes,0.6155124657222764,High
0929-HYQEW,Month-to-month,3,50.15,No,0.6153105204838152,High
5389-FFVKB,Month-to-month,32,80.3,Yes,0.6147844506457651,High
4660-IRIBM,Month-to-month,18,87.9,No,0.6145979075393118,High
2037-SGXHH,Month-to-month,38,94.65,Yes,0.6145552444293254,High
3577-AMVUX,Month-to-month,1,55.05,No,0.6142134435132998,High
5122-CYFXA,Month-to-month,3,75.3,No,0.6140472948037348,High
4183-WCSEP,Month-to-month,31,78.45,Yes,0.6139529042664517,High
2856-NNASM,Month-to-month,43,89.55,Yes,0.6139003022188002,High
1271-SJBGZ,Month-to-month,12,43.65,Yes,0.6137216991437435,High
6172-FECYY,Month-to-month,49,84.5,Yes,0.6137024533372857,High
6394-MFYNG,Month-to-month,48,107.4,Yes,0.6129827009725772,High
5385-SUIRI,Month-to-month,52,104.2,Yes,0.612951376749484,High
9369-XFEHK,Month-to-month,33,80.6,Yes,0.6127982669012817,High
8378-LKJAF,Month-to-month,38,101.15,No,0.6126486416394902,High
0601-WZHJF,Month-to-month,14,46.35,Yes,0.6125511828232767,High
0032-PGELS,Month-to-month,1,30.5,Yes,0.6124762934663486,High
0407-BDJKB,Month-to-month,60,95.75,Yes,0.6115314507500893,High
9512-UIBFX,Month-to-month,18,95.15,Yes,0.6112833459863454,High
3923-CSIHK,Month-to-month,50,71.05,Yes,0.6112731512712133,High
5982-FPVQN,Month-to-month,37,95.15,No,0.61115428050249,High
7246-ZGQDF,Month-to-month,1,54.5,No,0.6111406997772836,High
2203-GHNWN,Month-to-month,24,79.65,No,0.6109543401960149,High
7501-VTYLJ,Month-to-month,2,51.55,No,0.6105106325668499,High
6988-CJEYV,Month-to-month,49,98.7,No,0.6103801926855352,High
6923-EFPNL,Month-to-month,4,51.75,Yes,0.6103300410375174,High
3524-WQDSG,Month-to-month,43,99.3,No,0.6102303602791963,High
9168-INPSZ,Month-to-month,44,104.15,No,0.6099009101163174,High
6135-OZQVA,Month-to-month,7,53.65,No,0.6098162636628996,High
8160-HOWOX,Month-to-month,7,66.85,No,0.6096324717327456,High
3018-TFTSU,Month-to-month,12,81.7,Yes,0.609530312511245,High
7739-LAXOG,Month-to-month,32,91.05,Yes,0.6094571639579908,High
7758-XKCBS,Month-to-month,15,29.7,Yes,0.6094284199657912,High
4947-DSMXK,Month-to-month,34,97.7,No,0.6093783871649466,High
4238-JSSWH,Month-to-month,35,102.05,No,0.6091144504224637,High
5828-AVIPD,One year,19,100.95,Yes,0.608609613823716,High
5461-QKNTN,Month-to-month,43,94.3,No,0.6084574634998335,High
6481-ESCNL,Month-to-month,29,100.55,No,0.6081992127851903,High
1482-OXZSY,Month-to-month,30,100.4,No,0.6081479532184101,High
7881-INRLC,Month-to-month,45,100.85,Yes,0.6078627368086774,High
9112-WSNPU,Month-to-month,35,70.55,No,0.6078288558879397,High
3545-CNWRG,Month-to-month,49,98.35,No,0.6076189613870964,High
1095-JUDTC,Month-to-month,47,95.05,Yes,0.6075259851689871,High
8914-RBTSB,Month-to-month,31,93.8,Yes,0.6075152076031156,High
3665-JATSN,Month-to-month,19,39.7,No,0.6074763003239871,High
7529-ZDFXI,Month-to-month,57,89.85,No,0.6071526225301351,High
1871-MOWRM,Month-to-month,12,80.85,Yes,0.6070200264222858,High
5839-SUYVZ,Month-to-month,16,74.55,No,0.6068956334200097,High
7730-IUTDZ,Month-to-month,43,75.2,Yes,0.6068362017159126,High
2476-YGEFM,Month-to-month,29,76.0,No,0.6063733886596044,High
6537-QLGEX,Month-to-month,16,38.9,No,0.6055958949293677,High
1891-FZYSA,Month-to-month,69,89.95,Yes,0.6055875289284404,High
8660-BUETV,Month-to-month,3,44.75,No,0.6055554368681688,High
1910-FMXJM,Month-to-month,36,80.4,No,0.6055111966818377,High
4948-WBBKL,Month-to-month,36,74.9,No,0.6055093796438047,High
9462-MJUAW,Month-to-month,4,50.4,Yes,0.6054653079392867,High
2974-GGUXS,Month-to-month,36,91.95,No,0.6054512768342422,High
7483-IQWIB,Month-to-month,37,92.95,No,0.6054026349618744,High
2823-LKABH,Month-to-month,18,95.05,No,0.6052136904385431,High
6581-NQCBA,Month-to-month,16,49.95,Yes,0.6050817776367747,High
6693-FRIRW,Month-to-month,18,101.3,No,0.6050083401538084,High
7048-GXDAY,Month-to-month,39,106.4,No,0.6049173652211319,High
3005-NFMTA,Month-to-month,55,98.8,Yes,0.6045976373635519,High
0111-KLBQG,Month-to-month,32,93.95,No,0.6045187885441385,High
3757-NJYBX,Month-to-month,32,106.35,Yes,0.604482878201367,High
5419-KLXBN,Month-to-month,25,89.15,Yes,0.6044787647673073,High
0430-IHCDJ,Month-to-month,15,49.0,No,0.6044364284079812,High
4818-DRBQT,Month-to-month,29,80.15,Yes,0.6042404075028353,High
8728-SKJLR,Month-to-month,41,74.25,No,0.6041090922295899,High
2921-XWDJH,Month-to-month,38,83.45,No,0.6040233832786807,High
6362-QHAFM,One year,42,108.3,No,0.6039142757438,High
1777-JYQPJ,Month-to-month,2,24.3,No,0.6038987327212173,High
9286-DOJGF,Month-to-month,38,74.95,Yes,0.6032647010061805,High
2853-CWQFQ,Month-to-month,1,59.55,No,0.6030928314467717,High
2675-OTVVJ,Month-to-month,31,89.45,No,0.6029705054198529,High
0869-PAPRP,Month-to-month,26,85.7,No,0.6028895217279341,High
2178-PMGCJ,Month-to-month,22,69.7,No,0.6026993201526835,High
4797-AXPXK,Month-to-month,1,60.0,Yes,0.6026935497219912,High
5071-FBJFS,Month-to-month,4,50.3,No,0.6025024497917832,High
8614-VGMMV,Month-to-month,15,49.1,Yes,0.601966876177594,High
3415-TAILE,Month-to-month,2,65.7,Yes,0.6008834757538591,High
7774-OJSXI,One year,31,103.45,Yes,0.6008662643600057,High
1194-HVAIF,Month-to-month,27,95.0,No,0.6008350650420256,High
9003-CPATH,Month-to-month,42,79.9,No,0.6006561018776128,High
6227-HWPWX,Month-to-month,15,69.0,Yes,0.6004931845758648,High
5916-QEWPT,Month-to-month,2,69.0,No,0.6003805735834791,High
3859-CVCET,Month-to-month,4,45.65,Yes,0.6002402060636401,High
5950-AAAGJ,Month-to-month,18,84.3,No,0.6000555350522938,High
7567-ECMCM,Month-to-month,24,79.85,No,0.5999596666044547,Medium
7504-UWHNB,Month-to-month,25,69.75,No,0.5997520103371706,Medium
2347-WKKAE,Month-to-month,42,94.4,No,0.5993035260473095,Medium
3669-LVWZB,Month-to-month,5,51.0,Yes,0.5992427622820287,Medium
4897-QSUYC,Month-to-month,1,20.15,Yes,0.5990115877752553,Medium
1472-TNCWL,Month-to-month,36,94.7,No,0.5988503602858137,Medium
9904-EHEVJ,Month-to-month,32,91.35,No,0.5985209462292105,Medium
2041-JIJCI,Month-to-month,5,64.0,No,0.5985010702311336,Medium
5712-AHQNN,Month-to-month,43,91.65,No,0.5983054290018585,Medium
5813-UECBU,Month-to-month,33,83.85,Yes,0.598273591439261,Medium
3853-LYGAM,Month-to-month,17,95.65,No,0.5982672011066311,Medium
1582-RAFML,Month-to-month,1,60.1,Yes,0.5982279867758351,Medium
3058-HJCUY,One year,41,102.6,Yes,0.5979821733253048,Medium
7318-EIVKO,Month-to-month,8,59.25,No,0.5979330566238946,Medium
1635-FJFCC,Month-to-month,5,44.05,No,0.5976212764873909,Medium
3791-LGQCY,Month-to-month,56,100.65,Yes,0.5974455762046568,Medium
1240-KNSEZ,Month-to-month,1,20.1,Yes,0.5973316128080656,Medium
1000-AJSLD,Month-to-month,1,20.1,Yes,0.5973316128080656,Medium
5485-WUYWF,Month-to-month,2,66.4,Yes,0.5973192637496165,Medium
1575-KRZZE,Month-to-month,4,55.2,No,0.5972175774260767,Medium
7580-UGXNC,Month-to-month,2,54.85,Yes,0.5969292312025064,Medium
9948-YPTDG,Month-to-month,38,79.45,Yes,0.5963619566108922,Medium
0096-BXERS,Month-to-month,6,50.35,No,0.5963500046869885,Medium
6410-LEFEN,Month-to-month,9,45.15,Yes,0.5962446196531588,Medium
7658-UYUQS,Month-to-month,21,86.55,No,0.5962339418827457,Medium
8631-WUXGY,Month-to-month,46,99.8,No,0.5961890267913009,Medium
7839-QRKXN,Month-to-month,1,20.2,Yes,0.5960751288884466,Medium
7030-NJVDP,Month-to-month,24,89.25,No,0.5960213508829644,Medium
9505-SQFSW,Month-to-month,3,40.3,No,0.5955343568380381,Medium
4879-GZLFH,Month-to-month,42,92.15,No,0.5953059958189197,Medium
7743-EXURX,Month-to-month,8,51.05,Yes,0.5952366918391835,Medium
8824-RWFXJ,Month-to-month,3,56.15,Yes,0.5952320806411541,Medium
0504-HHAPI,Month-to-month,27,88.3,Yes,0.5950060518024181,Medium
8601-QACRS,Month-to-month,5,50.6,Yes,0.594568691986478,Medium
7486-KSRVI,One year,43,100.0,Yes,0.5942691546173643,Medium
5301-GAUUY,Month-to-month,32,80.35,Yes,0.5941689756705986,Medium
8305-VHZBZ,Month-to-month,1,20.2,Yes,0.5941285389895563,Medium
5356-RHIPP,Month-to-month,1,20.2,Yes,0.5941285389895563,Medium
1399-UBQIU,Month-to-month,11,69.35,No,0.5940351435823031,Medium
1518-VOWAV,Month-to-month,9,74.65,Yes,0.5940183451601363,Medium
9584-EXCDZ,Month-to-month,17,70.5,No,0.5938249511673356,Medium
2108-YKQTY,Month-to-month,4,50.7,Yes,0.5934833660663565,Medium
8327-LZKAS,One year,43,107.55,Yes,0.5934627132713589,Medium
3237-AJGEH,Month-to-month,3,31.0,Yes,0.5934331206656315,Medium
4690-LLKUA,Month-to-month,17,45.05,Yes,0.5928140787897912,Medium
3804-RVTGV,Month-to-month,50,103.85,Yes,0.5925625442695757,Medium
0376-OIWME,Month-to-month,36,93.6,No,0.5922231292902582,Medium
6599-RCLCJ,Month-to-month,47,109.55,Yes,0.592198654419678,Medium
4523-WXCEF,Month-to-month,59,101.1,Yes,0.5921219884926117,Medium
4800-VHZKI,Month-to-month,1,19.9,Yes,0.5920438976051499,Medium
3932-IJWDZ,Month-to-month,45,103.65,No,0.5920020778919306,Medium
5392-AKEMH,Month-to-month,12,45.05,No,0.5919955879860574,Medium
1541-ETJZO,Month-to-month,1,62.05,Yes,0.5919141392324664,Medium
6240-EURKS,Month-to-month,18,35.0,Yes,0.5917484447796031,Medium
9776-CLUJA,Month-to-month,51,77.5,Yes,0.591604683774699,Medium
4661-NJEUX,Month-to-month,1,20.05,No,0.5913043488958664,Medium
3620-MWJNE,Month-to-month,2,54.45,No,0.5912534595084763,Medium
5707-ORNDZ,Month-to-month,9,54.55,Yes,0.5909599208720325,Medium
4329-YPDDQ,Month-to-month,20,108.2,No,0.5907674894401672,Medium
4958-GZWIY,Month-to-month,7,48.7,Yes,0.5906926849804388,Medium
5522-NYKPB,Month-to-month,25,85.9,No,0.5906654069350136,Medium
7634-WSWDB,Month-to-month,8,38.5,No,0.5903843845508248,Medium
4067-HLYQI,Month-to-month,33,70.4,No,0.5902644976029429,Medium
6599-CEBNN,Month-to-month,34,73.95,Yes,0.5901767450536085,Medium
6729-GDNGC,Month-to-month,20,80.7,No,0.590042253054301,Medium
6259-WJQLC,Month-to-month,32,81.1,No,0.5897313729408679,Medium
6711-VTNRE,Month-to-month,36,87.55,Yes,0.589250710270623,Medium
4824-GUCBY,Month-to-month,22,81.7,No,0.5891101196419254,Medium
7927-AUXBZ,Month-to-month,30,85.15,Yes,0.5889961351991037,Medium
5331-RGMTT,Month-to-month,54,99.05,No,0.5889295087938458,Medium
3351-NGXYI,Month-to-month,16,54.1,No,0.58867663893036,Medium
7627-JKIAZ,Month-to-month,37,78.95,Yes,0.58843416214611,Medium
0975-VOOVL,Month-to-month,3,29.2,No,0.588307546437673,Medium
9644-UMGQA,Month-to-month,6,49.15,No,0.5880405487896199,Medium
6591-QGOYB,Month-to-month,17,106.65,No,0.5880326330975548,Medium
2208-UGTGR,Month-to-month,56,98.6,No,0.588029916116264,Medium
5716-LIBJC,One year,13,104.15,No,0.5880230472517786,Medium
2369-FEVNO,Month-to-month,1,19.9,No,0.5879850529367977,Medium
7963-GQRMY,Month-to-month,3,44.3,Yes,0.5878259232295614,Medium
8272-ONJLV,One year,12,95.7,No,0.5877083335324241,Medium
6402-EJMWF,Month-to-month,4,55.3,No,0.5874232556949068,Medium
2876-VBBBL,Month-to-month,1,20.25,Yes,0.5871280408569478,Medium
0670-KDOMA,Month-to-month,1,20.25,No,0.5871280408569478,Medium
2277-DJJDL,Month-to-month,60,99.0,No,0.5870912799224093,Medium
7248-VZQLC,Month-to-month,47,85.2,Yes,0.5864587112537617,Medium
6543-CPZMK,Month-to-month,9,29.95,Yes,0.5862413376764345,Medium
9574-RKJIF,Month-to-month,30,94.4,Yes,0.586146447151073,Medium
5502-RLUYV,Month-to-month,69,103.95,Yes,0.5857467822586744,Medium
3466-RITXD,Month-to-month,26,92.4,No,0.5856948386031396,Medium
4989-LIXVT,Month-to-month,68,95.9,No,0.5855359942393538,Medium
1845-CSBRZ,Month-to-month,22,85.35,No,0.5848199293190417,Medium
7129-CAKJW,Month-to-month,17,80.05,No,0.5847169695163721,Medium
0064-YIJGF,Month-to-month,27,75.75,No,0.5847168039417248,Medium
7813-ZGGAW,Month-to-month,31,96.6,No,0.5845789646102735,Medium
6629-LADHQ,Month-to-month,2,50.95,No,0.5841437323914088,Medium
9445-SZLCH,Month-to-month,36,97.35,Yes,0.5839846670840956,Medium
4566-QVRRW,Month-to-month,11,44.05,Yes,0.5838357142216886,Medium
7284-BUYEC,Month-to-month,5,50.95,No,0.5838079173960063,Medium
8404-GFGCZ,Month-to-month,4,65.6,No,0.5837712845304046,Medium
3323-CPBWR,Month-to-month,23,96.9,No,0.5836734257299138,Medium
1767-TGTKO,Month-to-month,8,45.45,No,0.5836378973071364,Medium
2037-XJFUP,One year,33,95.8,Yes,0.5834078186656971,Medium
4607-CHPCA,One year,25,90.4,Yes,0.5832994268482294,Medium
7916-VCCPB,Month-to-month,16,73.25,No,0.5832989736385166,Medium
2081-KJSQF,Month-to-month,1,20.25,No,0.5829052025686289,Medium
7682-AZNDK,Month-to-month,34,89.85,No,0.5826179887984999,Medium
2582-FFFZR,Month-to-month,22,50.6,No,0.5822827155743441,Medium
6522-YRBXD,Month-to-month,35,94.55,No,0.5822777924011013,Medium
4248-HCETZ,Month-to-month,30,79.65,Yes,0.5822148019047036,Medium
8073-IJDCM,Month-to-month,1,20.3,Yes,0.5820145264187502,Medium
8384-FZBJK,Month-to-month,57,100.6,No,0.5820121248865134,Medium
0564-MUUQK,Month-to-month,20,95.5,No,0.5818165495219003,Medium
2810-FTLEM,Month-to-month,16,50.15,Yes,0.5813112798949526,Medium
6982-UQZLY,Month-to-month,1,20.85,Yes,0.5812621161918892,Medium
9793-WECQC,Month-to-month,23,95.3,No,0.5811315800438644,Medium
0118-JPNOY,Month-to-month,26,85.8,No,0.5810276689961765,Medium
0701-RFGFI,Month-to-month,49,95.4,No,0.5809805516388757,Medium
6022-KOUQO,Month-to-month,2,29.05,No,0.5809500981917995,Medium
7396-VJUZB,Month-to-month,4,45.25,No,0.5809368608212869,Medium
7207-RMRDB,Month-to-month,65,105.5,Yes,0.5809355348634572,Medium
1481-ZUWZA,Month-to-month,28,94.5,Yes,0.5800756493464351,Medium
9921-QFQUL,Month-to-month,23,90.15,No,0.5799424226088519,Medium
6257-RJOHI,Month-to-month,4,50.8,No,0.5799275232294321,Medium
5780-INQIK,Month-to-month,8,49.4,No,0.5798402017566262,Medium
6542-LWGXJ,Month-to-month,3,25.0,No,0.5795824607640022,Medium
0212-ISBBF,Month-to-month,22,50.35,No,0.5793540023265575,Medium
5649-VUKMC,One year,12,95.5,Yes,0.5792816123659501,Medium
6908-VVYHM,Month-to-month,65,90.65,No,0.5792216314042742,Medium
0397-GZBBC,Month-to-month,59,93.85,Yes,0.5790643149828398,Medium
1213-NGCUN,Month-to-month,6,49.65,Yes,0.5787736933807153,Medium
4634-JLRJT,Month-to-month,1,20.35,No,0.5787293787361392,Medium
9026-LHEVG,Month-to-month,9,40.75,No,0.5786254188218753,Medium
1323-OOEPC,Month-to-month,53,98.4,Yes,0.5785103843124126,Medium
1685-BQULA,Month-to-month,40,93.4,No,0.5783012925775937,Medium
4931-TRZWN,Month-to-month,13,71.95,No,0.578298608919208,Medium
0516-WJVXC,Month-to-month,5,54.2,Yes,0.5781919891593909,Medium
2373-NTKOD,Month-to-month,8,66.25,No,0.5780703000592172,Medium
0257-ZESQC,Month-to-month,27,75.2,Yes,0.5780651844718278,Medium
7112-OPOTK,Month-to-month,33,68.25,Yes,0.5780509456026627,Medium
0468-YRPXN,Month-to-month,29,98.8,No,0.5780248252000891,Medium
9699-UBQFS,Month-to-month,43,94.5,No,0.577840793346565,Medium
3683-QKIUE,Month-to-month,6,50.8,Yes,0.5778375959707996,Medium
2043-WVTQJ,Month-to-month,1,55.7,No,0.5775133635287194,Medium
8818-XYFCQ,Month-to-month,32,99.55,Yes,0.5770985832322593,Medium
4581-LNWUM,Month-to-month,13,49.15,No,0.5770291212977435,Medium
1791-PQHBB,Month-to-month,2,61.2,No,0.5770229838297768,Medium
0666-UXTJO,Month-to-month,34,85.2,No,0.5769222474618205,Medium
5156-UMKOW,Month-to-month,3,29.65,No,0.5767671352545187,Medium
6917-IAYHD,Month-to-month,1,33.6,No,0.5765982859756721,Medium
7133-VBDCG,Month-to-month,25,79.85,Yes,0.576466713901389,Medium
2606-RMDHZ,Month-to-month,6,30.5,Yes,0.5764212774963501,Medium
3452-ABWRL,Month-to-month,47,86.05,No,0.5762787096290117,Medium
1450-SKCVI,Month-to-month,56,73.85,Yes,0.5761238509565122,Medium
2141-RRYGO,Month-to-month,4,68.65,Yes,0.5760726212245592,Medium
8262-COGGB,Month-to-month,1,20.45,No,0.5760044768790554,Medium
5996-DAOQL,Month-to-month,1,20.45,No,0.5760044768790554,Medium
6927-WTFIV,Month-to-month,20,71.3,Yes,0.5759587362780703,Medium
5312-UXESG,Month-to-month,41,98.05,No,0.5759586059702819,Medium
4391-LNRXK,Month-to-month,22,94.95,No,0.5759001248257152,Medium
2874-YXVVA,Month-to-month,34,105.1,No,0.5757430729009568,Medium
8647-SDTWQ,Month-to-month,57,74.3,No,0.5757114053123744,Medium
5934-TSSAU,Month-to-month,23,75.3,No,0.5756112238019138,Medium
3503-TYDAY,Month-to-month,43,80.45,No,0.5752698866890914,Medium
6741-EGCBI,Month-to-month,30,90.5,No,0.5752639660085676,Medium
2971-SGAFL,Month-to-month,13,78.75,No,0.5752275431621043,Medium
4526-ZJJTM,Month-to-month,25,88.4,No,0.5750794201964045,Medium
4238-HFHSN,Month-to-month,61,82.15,No,0.5748367460431019,Medium
3094-JOJAI,Month-to-month,18,74.15,No,0.5747791366161901,Medium
9170-CCKOU,Month-to-month,17,90.2,Yes,0.5747414342062047,Medium
3685-YLCMQ,One year,58,104.65,Yes,0.5747191210067162,Medium
5977-CKHON,Month-to-month,43,92.55,No,0.5746921685029245,Medium
7878-JGDKK,Month-to-month,4,44.55,No,0.5745722904687258,Medium
0319-QZTCO,Month-to-month,3,58.7,No,0.5744563139045336,Medium
3161-GETRM,Month-to-month,34,90.05,No,0.5741704757524413,Medium
8800-ZKRFW,Month-to-month,30,107.5,No,0.5740243871077256,Medium
7547-EKNFS,Month-to-month,42,95.25,Yes,0.5739592994822263,Medium
8313-KTIHG,Month-to-month,4,61.3,No,0.5739338204090232,Medium
7268-IGMFD,Month-to-month,18,93.9,No,0.5737978597249199,Medium
4088-YLDSU,One year,55,104.15,Yes,0.5737906780932706,Medium
2187-LZGPL,Month-to-month,7,40.1,Yes,0.5736791569265224,Medium
8988-ECPJR,Month-to-month,34,79.6,Yes,0.5735798461092041,Medium
9732-EQMWY,Month-to-month,49,99.4,No,0.5735611080045678,Medium
6862-CQUMB,Month-to-month,37,96.1,No,0.5735538984532289,Medium
5146-CBVOE,Month-to-month,16,75.1,No,0.5735441243346857,Medium
3956-CJUST,Month-to-month,23,75.4,No,0.5734636503250248,Medium
4840-ORQXB,Month-to-month,56,104.75,No,0.5733109733761529,Medium
5302-BDJNT,Month-to-month,35,95.5,No,0.5731247474091038,Medium
8761-NSOBC,Month-to-month,44,100.55,Yes,0.5730030141499523,Medium
8782-LKFPK,Month-to-month,44,90.4,No,0.5728837489037554,Medium
4680-KUTAJ,Month-to-month,11,55.6,No,0.5728199512849457,Medium
9332-GYWLO,Month-to-month,6,54.85,No,0.5725964451339054,Medium
0178-SZBHO,Month-to-month,47,87.2,No,0.5725139963987396,Medium
8158-WPEZG,Month-to-month,11,35.65,No,0.5719146150290398,Medium
6641-XRPSU,Month-to-month,34,70.0,Yes,0.5717681751254169,Medium
0310-MVLET,Month-to-month,61,99.15,Yes,0.5713433677446311,Medium
5215-LNLDJ,Month-to-month,7,24.7,No,0.5712981880333108,Medium
4720-VSTSI,Month-to-month,44,84.8,Yes,0.5708681075005394,Medium
9174-FKWZE,Month-to-month,1,19.45,Yes,0.5706997183689372,Medium
2573-GYRUU,Month-to-month,48,91.05,No,0.5704906069125866,Medium
1934-SJVJK,Month-to-month,1,20.15,Yes,0.5702694657690318,Medium
1066-JKSGK,Month-to-month,1,20.15,Yes,0.5702694657690318,Medium
3148-BLQJT,Month-to-month,1,20.1,Yes,0.5702694657690318,Medium
3023-GFLBR,Month-to-month,33,86.15,Yes,0.5700352513801542,Medium
9470-XCCEM,Month-to-month,35,89.65,No,0.5699926201239746,Medium
2465-BLLEU,Month-to-month,1,19.75,No,0.5699764533490089,Medium
8645-KWHJO,Month-to-month,14,55.0,No,0.5696341377488039,Medium
1173-NOEYG,Month-to-month,27,90.15,No,0.5695968684655117,Medium
5028-HTLJB,Month-to-month,1,20.05,Yes,0.569546551378571,Medium
1919-RTPQD,Month-to-month,7,44.75,No,0.5691947901926239,Medium
8149-AIQCG,Month-to-month,39,73.15,No,0.5691381837854304,Medium
2869-ADAWR,Month-to-month,45,89.3,Yes,0.5691211958846852,Medium
9819-FBNSV,Month-to-month,37,72.25,No,0.56891993105394,Medium
9971-ZWPBF,Month-to-month,34,108.9,No,0.5684827124320601,Medium
7481-ATQQS,Month-to-month,49,90.85,Yes,0.5681838895463481,Medium
4588-YBNIB,Month-to-month,1,19.6,Yes,0.5681652349543039,Medium
2988-PLAHS,One year,3,69.95,No,0.5678506235486026,Medium
1101-SSWAG,Month-to-month,15,51.1,No,0.5678501607399523,Medium
3945-GFWQL,Month-to-month,12,44.55,Yes,0.567701630023615,Medium
3583-KRKMD,Month-to-month,18,75.9,No,0.5676531348867585,Medium
9469-WEJBT,Month-to-month,37,90.35,No,0.5673197618974577,Medium
6845-RGTYS,Month-to-month,47,98.75,Yes,0.567193596027045,Medium
6652-YFFJO,Month-to-month,11,64.9,No,0.5670345655017631,Medium
5882-CMAZQ,Month-to-month,5,34.25,No,0.5668912169347943,Medium
0596-BQCEQ,Month-to-month,62,100.15,Yes,0.5665714368038967,Medium
8048-DSDFQ,Month-to-month,1,20.2,No,0.5665627412009305,Medium
6380-ARCEH,Month-to-month,1,20.2,No,0.5665627412009305,Medium
3247-MHJKM,Month-to-month,1,20.2,No,0.5665627412009305,Medium
4786-UKSNZ,Month-to-month,1,20.2,Yes,0.5665627412009305,Medium
6834-NXDCA,Month-to-month,13,23.9,Yes,0.566250883852478,Medium
1307-TVUFB,Month-to-month,42,79.35,No,0.5659179397922127,Medium
9626-WEQRM,Month-to-month,4,29.15,No,0.5657324716095034,Medium
6896-SRVYQ,Month-to-month,44,73.85,No,0.5656557750204046,Medium
7096-UCLNH,Month-to-month,1,20.05,No,0.5656323367197287,Medium
3030-ZKIWL,Month-to-month,1,20.05,No,0.5656323367197287,Medium
8749-CLJXC,Month-to-month,1,20.05,No,0.5656323367197287,Medium
1456-TWCGB,Month-to-month,4,49.25,No,0.5656269348646089,Medium
4482-FTFFX,Month-to-month,5,56.15,No,0.5656161599206283,Medium
4220-TINQT,Month-to-month,61,106.35,No,0.5653469295982628,Medium
2480-JZOSN,Month-to-month,1,20.65,No,0.5652525883571785,Medium
7011-CVEUC,Month-to-month,25,95.7,No,0.5652414788664823,Medium
7989-CHGTL,Month-to-month,1,19.6,Yes,0.5651350940800105,Medium
0277-BKSQP,Month-to-month,8,54.4,No,0.5651111954527712,Medium
7279-BUYWN,Month-to-month,41,113.2,Yes,0.5650050094960183,Medium
9412-GHEEC,Month-to-month,40,104.8,Yes,0.564838346311448,Medium
4592-IWTJI,Month-to-month,3,29.7,Yes,0.5643639775365817,Medium
7698-YFGEZ,Month-to-month,1,20.0,No,0.5643200561671717,Medium
4877-EVATK,Month-to-month,1,20.0,Yes,0.5643200561671717,Medium
9474-PHLYD,Month-to-month,15,59.45,Yes,0.5642962160540167,Medium
0541-FITGH,Month-to-month,2,62.15,No,0.5641222584182228,Medium
1622-HSHSF,Month-to-month,1,19.55,No,0.5640803437014569,Medium
6789-HJBWG,Month-to-month,12,49.4,No,0.5639106678010466,Medium
1750-CSKKM,Month-to-month,9,55.35,Yes,0.5637456615339861,Medium
3005-TYFRD,Month-to-month,55,103.65,No,0.5635814976427399,Medium
7982-VCELR,Month-to-month,36,94.8,No,0.563400508334099,Medium
0129-KPTWJ,Month-to-month,72,94.65,No,0.563372311212412,Medium
0107-WESLM,Month-to-month,1,19.85,Yes,0.563317642697346,Medium
7055-HNEOJ,Month-to-month,3,55.8,No,0.5630271502420348,Medium
8566-YPRGL,Month-to-month,1,19.5,No,0.5627786824952881,Medium
6968-GMKPR,Month-to-month,55,81.55,No,0.5627560709833102,Medium
4522-AKYLR,Month-to-month,13,54.8,No,0.5626659978004455,Medium
6286-SUUWT,Month-to-month,1,19.95,No,0.5626225880319072,Medium
4829-AUOAX,Month-to-month,46,96.05,Yes,0.562219936021111,Medium
3174-RKMOW,Month-to-month,35,109.95,No,0.5618766843559037,Medium
8974-OVACP,Month-to-month,1,20.15,No,0.5618450523966076,Medium
7298-IZWLY,Month-to-month,1,19.4,No,0.5615781807232854,Medium
8344-WFMFH,Month-to-month,9,50.1,No,0.5613516063937137,Medium
7346-MEDWM,Month-to-month,59,83.25,No,0.5613191215298211,Medium
2235-ZGKPT,Month-to-month,4,50.85,Yes,0.5611565356993612,Medium
3426-NIYYL,Month-to-month,15,51.55,Yes,0.5605851658474705,Medium
9626-VFRGG,Month-to-month,41,88.5,No,0.560455644070123,Medium
5213-TWWJU,Month-to-month,28,91.0,No,0.5602171710461591,Medium
9530-EHPOH,Month-to-month,11,53.75,Yes,0.5600274646060103,Medium
0461-CVKMU,Month-to-month,23,83.8,Yes,0.559998669303535,Medium
9710-ZUSHQ,Month-to-month,37,106.75,Yes,0.5598264923882597,Medium
7850-VWJUU,Month-to-month,23,75.0,No,0.5598001476772629,Medium
5906-BFOZT,Month-to-month,1,19.5,No,0.5597917620778168,Medium
3446-QDSZF,Month-to-month,4,55.5,No,0.5597871070904805,Medium
6233-HXJMX,Month-to-month,45,89.3,No,0.5597804837034115,Medium
7975-TZMLR,One year,47,103.1,No,0.5597097717215304,Medium
7147-AYBAA,Month-to-month,37,70.35,No,0.5594820255270317,Medium
0643-OKLRP,Month-to-month,47,80.35,Yes,0.559463224536422,Medium
3404-JNXAX,Month-to-month,51,80.75,No,0.5594234625653636,Medium
4883-QICIH,Month-to-month,32,69.75,Yes,0.5590739837248654,Medium
2955-PSXOE,Month-to-month,1,20.2,Yes,0.5590704938723926,Medium
7351-KYHQH,Month-to-month,7,64.95,No,0.5588987547239143,Medium
2931-FSOHN,Month-to-month,13,59.9,No,0.5582986201428124,Medium
1849-RJYIG,Month-to-month,8,60.0,No,0.5581795347510579,Medium
0778-NELLA,Month-to-month,9,34.7,Yes,0.5579502990066437,Medium
1228-ZLNBX,Month-to-month,21,75.3,No,0.557847453383884,Medium
4566-GOLUK,Month-to-month,47,107.35,Yes,0.5577297318156785,Medium
8178-EYZUO,Month-to-month,46,93.7,Yes,0.5574497009234759,Medium
9210-IAHGH,Month-to-month,7,70.75,Yes,0.5573982397269798,Medium
1728-CXQBE,Month-to-month,64,94.25,No,0.5572437122084744,Medium
0727-BMPLR,One year,55,100.0,Yes,0.5571693783127369,Medium
3014-WJKSM,Month-to-month,29,75.3,No,0.5567602796127595,Medium
7243-LCGGZ,Month-to-month,1,20.9,No,0.5567439399315953,Medium
0426-TIRNE,Month-to-month,1,20.9,Yes,0.5567439399315953,Medium
7434-SHXLS,Month-to-month,1,20.9,Yes,0.5567439399315953,Medium
7159-FVYPK,Month-to-month,3,69.15,No,0.5566530153951067,Medium
3192-LNKRK,Month-to-month,34,84.05,No,0.556560073819448,Medium
6771-XWBDM,Month-to-month,57,104.5,Yes,0.5565273088338225,Medium
6331-LWDTQ,Month-to-month,10,72.15,Yes,0.5564753955478697,Medium
1550-EENBN,Month-to-month,31,104.35,No,0.5564112397749559,Medium
7798-JVXYM,Month-to-month,14,69.65,No,0.5562930062296737,Medium
4080-OGPJL,Month-to-month,8,71.15,Yes,0.5560626869985098,Medium
1355-KUSBG,Month-to-month,7,48.8,No,0.5558603832152357,Medium
8242-JSVBO,Month-to-month,7,44.65,No,0.5557222531088803,Medium
6075-SLNIL,Month-to-month,38,95.1,No,0.5555931203639963,Medium
2452-KDRRH,Month-to-month,67,101.4,No,0.555174156208463,Medium
3900-AQPHZ,Month-to-month,1,19.9,Yes,0.5551554403628535,Medium
6654-QGBZZ,Month-to-month,1,19.9,No,0.5551554403628535,Medium
7878-RTCZG,Month-to-month,1,19.9,No,0.5551554403628535,Medium
8404-FYDIB,Month-to-month,26,86.65,No,0.5548121583343922,Medium
9206-GVPEQ,Month-to-month,13,54.45,Yes,0.554785065401069,Medium
3194-ORPIK,Month-to-month,50,84.4,Yes,0.5547850559167429,Medium
7064-FRRSW,One year,48,99.0,No,0.5541916050053233,Medium
0742-MOABM,Month-to-month,4,50.05,Yes,0.5541301439210943,Medium
5624-BQSSA,Month-to-month,1,20.95,Yes,0.5540039439805118,Medium
5371-VYLSX,Month-to-month,50,83.4,No,0.5538561743325182,Medium
2074-GUHPQ,Month-to-month,17,92.7,No,0.553832915078733,Medium
4745-LSPLO,Month-to-month,1,20.5,Yes,0.553819776259269,Medium
1809-DMJHQ,Month-to-month,5,46.0,Yes,0.5537146961783362,Medium
0089-IIQKO,Month-to-month,39,99.95,No,0.5536905776248602,Medium
2842-BCQGE,Month-to-month,43,75.35,No,0.5535839851599631,Medium
1047-NNCBF,Month-to-month,20,70.55,No,0.5535296703315108,Medium
3162-KKZXO,One year,55,100.15,No,0.5533182287131407,Medium
0730-KOAVE,Month-to-month,30,94.3,No,0.5530867888528516,Medium
3976-BWUCK,Month-to-month,30,94.1,Yes,0.5530491614607304,Medium
6133-OZILE,Month-to-month,18,35.2,No,0.5530326816756198,Medium
3976-NLDEZ,Month-to-month,1,20.6,No,0.5526179765786626,Medium
5049-GLYVG,Month-to-month,1,20.6,Yes,0.5526179765786626,Medium
8387-MOJJT,Month-to-month,42,77.95,Yes,0.5524937965997644,Medium
8388-FYNPZ,Month-to-month,4,56.75,No,0.5524167155170807,Medium
4211-MMAZN,Month-to-month,1,20.25,Yes,0.5523362959286889,Medium
8203-XJZRC,Month-to-month,1,20.25,No,0.5523362959286889,Medium
3814-MLAXC,Month-to-month,31,79.85,Yes,0.5519525531308197,Medium
7641-EUYET,Month-to-month,46,100.7,Yes,0.551853976221603,Medium
8096-LOIST,Month-to-month,19,56.2,No,0.5518146601670856,Medium
5600-PDUJF,Month-to-month,6,49.5,No,0.5517933592634792,Medium
4811-JBUVU,Month-to-month,30,89.9,No,0.5516412660743057,Medium
4468-YDOVK,Month-to-month,5,48.65,No,0.5514230300309738,Medium
0807-ZABDG,Month-to-month,3,55.1,Yes,0.5513832491258137,Medium
7929-DMBCV,Month-to-month,20,81.0,No,0.551334805041163,Medium
3590-TCXTB,Month-to-month,1,20.35,No,0.5512843186652744,Medium
2359-KLTEK,Month-to-month,41,94.9,No,0.5511573008379543,Medium
9122-UMROB,Month-to-month,1,20.3,No,0.5511164169875415,Medium
2676-ISHSF,Month-to-month,1,20.3,No,0.5511164169875415,Medium
1320-REHCS,Month-to-month,52,110.75,No,0.5509781015308952,Medium
4760-THGOT,Month-to-month,43,94.1,No,0.5509144257571348,Medium
6825-UYPFK,Month-to-month,23,75.6,Yes,0.5507969312516354,Medium
6579-JPICP,Month-to-month,1,20.4,No,0.5506785377820645,Medium
0673-IGUQO,Month-to-month,1,20.45,No,0.5506785377820645,Medium
2668-TZSPS,Month-to-month,1,20.45,No,0.5506785377820645,Medium
5868-YTYKS,Month-to-month,1,20.25,No,0.5505754009213832,Medium
5419-JKZNQ,Month-to-month,30,77.9,No,0.5505560884538114,Medium
7009-LGECI,Month-to-month,4,50.55,No,0.5505361405398089,Medium
6121-VZNQB,Month-to-month,1,19.1,Yes,0.5502558581539024,Medium
5394-SVGJV,Month-to-month,37,98.8,Yes,0.5500942794990601,Medium
9753-OYLBX,Month-to-month,1,20.5,No,0.550022071631215,Medium
2002-MZHWP,Month-to-month,1,20.5,Yes,0.550022071631215,Medium
2433-KMEAS,Month-to-month,22,54.45,Yes,0.5498189178005938,Medium
4013-GUXND,Month-to-month,1,20.8,No,0.5497696670728858,Medium
2014-MKGMH,One year,46,101.1,No,0.5497695773430337,Medium
1310-QRITU,Month-to-month,18,50.3,No,0.5495401253784111,Medium
3009-JWMPU,One year,62,96.75,Yes,0.5495146101242551,Medium
4667-OHGKG,Month-to-month,1,19.3,Yes,0.5488981622402437,Medium
1493-AMTIE,Month-to-month,1,20.2,Yes,0.548243035123718,Medium
1855-AGAWH,One year,31,93.8,No,0.5479445373504256,Medium
9318-NKNFC,Month-to-month,1,18.85,Yes,0.547706625765873,Medium
1174-FGIFN,One year,28,90.45,No,0.5477052864909097,Medium
6538-POCHL,Month-to-month,33,79.0,No,0.5472858114905763,Medium
6769-DYBQN,Month-to-month,46,85.0,Yes,0.5472014333423242,Medium
8450-JOVAH,Month-to-month,2,56.7,Yes,0.5471702790386496,Medium
1963-VAUKV,Month-to-month,1,20.4,Yes,0.5468808331540105,Medium
3727-JEZTU,Month-to-month,1,20.4,No,0.5468808331540105,Medium
4821-SJHJV,Month-to-month,32,89.6,No,0.5468443350329013,Medium
2592-YKDIF,Month-to-month,1,20.35,No,0.5462896933178375,Medium
4831-EOBFE,Month-to-month,29,94.65,Yes,0.5460612714167545,Medium
1550-LOAHA,Month-to-month,32,84.15,Yes,0.5456959387586353,Medium
4257-GAESD,Month-to-month,6,45.0,No,0.5456012735875023,Medium
8123-QBNAZ,Month-to-month,36,104.5,No,0.5455618922297956,Medium
9812-GHVRI,Month-to-month,40,83.85,No,0.5455485569615334,Medium
2003-CKLOR,Month-to-month,66,99.5,Yes,0.5453144775013042,Medium
3143-ILDAL,Month-to-month,56,94.45,Yes,0.5451359740253686,Medium
5973-EJGDP,Month-to-month,51,87.35,No,0.54487218125748,Medium
2565-JSLRY,Month-to-month,1,24.05,Yes,0.5447417077800406,Medium
3692-JHONH,One year,52,106.5,No,0.5446060696246389,Medium
3594-KADLU,Month-to-month,3,35.1,No,0.5445955301001326,Medium
6173-ITPWD,Month-to-month,47,83.35,Yes,0.5445793126660199,Medium
4255-DDUOU,Month-to-month,1,20.5,Yes,0.5444519763986403,Medium
3842-QTGDL,Month-to-month,16,80.75,No,0.5444460899088187,Medium
4130-MZLCC,Month-to-month,5,50.55,No,0.5442437213670014,Medium
7905-TVXTA,Month-to-month,5,64.35,No,0.5440251135566996,Medium
6986-IJDHX,Month-to-month,39,86.3,Yes,0.544011692215022,Medium
9029-FEGVJ,Month-to-month,32,79.3,No,0.5440051515650015,Medium
1842-EZJMK,Month-to-month,50,103.7,Yes,0.5435924866834669,Medium
1596-BBVTG,Month-to-month,35,75.35,Yes,0.5432926606681237,Medium
4657-FWVFY,Month-to-month,40,96.35,No,0.5429531666276692,Medium
2720-FVBQP,Month-to-month,6,48.95,No,0.5428322681155017,Medium
4628-WQCQQ,One year,35,85.15,Yes,0.5428051714762512,Medium
1230-QAJDW,Month-to-month,3,65.25,No,0.5422755885697058,Medium
1025-FALIX,Month-to-month,26,69.05,No,0.5422440721604944,Medium
2479-BRAMR,Month-to-month,41,83.75,Yes,0.5419499815721235,Medium
0734-OXWBT,Month-to-month,3,70.7,No,0.5418914133134826,Medium
5590-YRFJT,Month-to-month,20,24.45,Yes,0.5416326677330638,Medium
6180-YBIQI,Month-to-month,5,24.3,No,0.5415198501262045,Medium
2519-LBNQL,One year,60,104.35,No,0.5412776829530406,Medium
6351-SCJKT,Month-to-month,3,41.35,No,0.5412574543328277,Medium
7593-JNWRU,Month-to-month,6,44.6,Yes,0.5412502193105632,Medium
1357-BIJKI,One year,50,98.25,No,0.5408810706724337,Medium
7521-AFHAB,Month-to-month,5,44.8,No,0.5408444396520591,Medium
4554-YGZIH,Month-to-month,49,90.05,Yes,0.5406782159767128,Medium
1135-LMECX,Month-to-month,1,19.85,No,0.5404638400547366,Medium
6646-QVXLR,One year,62,103.75,Yes,0.5404494386607772,Medium
2309-OSFEU,Month-to-month,10,33.9,Yes,0.5404241549097957,Medium
2761-XECQW,Month-to-month,8,43.35,No,0.5403406264044681,Medium
5445-GLVOT,Month-to-month,22,49.8,No,0.5402868517936966,Medium
3808-HFKDE,Month-to-month,20,44.35,No,0.540168266328909,Medium
5886-VLQVU,Month-to-month,35,89.85,No,0.5401535090266574,Medium
2320-JRSDE,Month-to-month,1,19.9,Yes,0.5399682046708212,Medium
8775-CEBBJ,Month-to-month,9,44.2,Yes,0.5397628636820145,Medium
0380-NEAVX,One year,34,99.85,No,0.5396784060217271,Medium
8468-EHYJA,Month-to-month,57,99.65,No,0.5396067463291178,Medium
5816-QVHRX,Month-to-month,37,100.3,No,0.5393721921072864,Medium
6486-LHTMA,One year,31,90.7,No,0.5392990918233727,Medium
9777-WJJPR,Month-to-month,31,88.65,No,0.5391997451100479,Medium
6635-CPNUN,Month-to-month,28,96.6,No,0.5391681163727284,Medium
4892-VLANZ,Month-to-month,1,19.8,Yes,0.5391247277803257,Medium
7239-HZZCX,Month-to-month,1,19.75,Yes,0.5390806608976568,Medium
3930-ZGWVE,Month-to-month,1,19.75,No,0.5390806608976568,Medium
1113-IUJYX,One year,14,105.95,Yes,0.5389668491285801,Medium
4323-SADQS,Month-to-month,7,34.5,Yes,0.5385872204442005,Medium
3522-CDKHF,Month-to-month,32,75.5,No,0.538460977493455,Medium
6173-GOLSU,Month-to-month,67,94.65,No,0.5384270800134949,Medium
0618-XWMSS,Month-to-month,28,74.9,Yes,0.5380723864566067,Medium
2386-OWURY,Month-to-month,58,95.3,No,0.5380528134286827,Medium
4256-ZWTZI,Month-to-month,5,51.0,No,0.537946946619976,Medium
4250-FDVOU,Month-to-month,6,56.25,Yes,0.5372770402077417,Medium
1725-MIMXW,Month-to-month,1,19.45,Yes,0.5372555999908168,Medium
6218-KNUBD,Month-to-month,6,59.45,No,0.5370876203504845,Medium
4993-JCRGJ,Month-to-month,26,84.3,No,0.5366810657950208,Medium
7587-AOVVU,Month-to-month,27,100.75,No,0.5365060404650668,Medium
5035-PGZXH,One year,56,106.8,No,0.5364350243774677,Medium
8679-JOEVF,Month-to-month,16,59.4,Yes,0.536397353548248,Medium
2834-SPCJV,Month-to-month,52,84.1,Yes,0.5362903661524419,Medium
1169-WCVAK,Month-to-month,19,88.8,No,0.536269480284619,Medium
4098-NAUKP,Month-to-month,68,84.65,No,0.5360216132858951,Medium
2712-SYWAY,Month-to-month,1,25.7,No,0.5359455406448993,Medium
6615-ZGEDR,Month-to-month,1,19.7,Yes,0.5359218054433074,Medium
7993-NQLJE,Month-to-month,15,75.1,No,0.5358393933558787,Medium
4636-JGAAI,Month-to-month,34,88.85,No,0.5352373255968268,Medium
3349-ANQNH,One year,59,99.5,No,0.5352116083193778,Medium
0080-OROZO,One year,35,99.25,No,0.5351469216795249,Medium
6243-OZGFH,Month-to-month,23,44.95,No,0.5350637821717625,Medium
7814-LEEVE,Month-to-month,1,20.3,No,0.5348243547714456,Medium
4801-JZAZL,Month-to-month,11,29.6,No,0.5348038932939535,Medium
8651-ENBZX,One year,60,106.0,Yes,0.534785422616259,Medium
9495-SKLKD,Month-to-month,45,95.95,No,0.5344802781452282,Medium
3714-JTVOV,Month-to-month,42,74.15,Yes,0.5342042459159193,Medium
1427-VERSM,Month-to-month,56,98.7,No,0.5340301375081015,Medium
8725-JEDFD,Month-to-month,27,69.05,No,0.5340176786224738,Medium
5671-UUNXD,One year,50,100.65,No,0.5340049825928005,Medium
2208-NQBCT,Month-to-month,26,81.95,No,0.5340006100260991,Medium
3780-YVMFA,Month-to-month,8,68.55,No,0.53373902177241,Medium
8910-LEDAG,Month-to-month,34,71.55,No,0.5337181152651449,Medium
4724-WXVWF,Month-to-month,48,95.4,No,0.5333306107842672,Medium
3838-OZURD,Month-to-month,66,105.0,Yes,0.5332474430522564,Medium
3785-NRHYR,Month-to-month,1,19.65,No,0.5332306488238178,Medium
6141-OOXUQ,Month-to-month,1,19.65,Yes,0.5332306488238178,Medium
2587-EKXTS,Month-to-month,44,111.5,No,0.5330537685953698,Medium
9708-HPXWZ,Month-to-month,5,45.4,No,0.5328839872845836,Medium
2139-FQHLM,Month-to-month,19,89.95,No,0.5328242276066136,Medium
6815-ABQFQ,One year,56,107.25,No,0.532388495726365,Medium
6124-ACRHJ,Month-to-month,1,19.75,No,0.5322996918470774,Medium
3509-GWQGF,Month-to-month,24,70.0,No,0.5322021806494656,Medium
6625-UTXEW,Month-to-month,12,51.25,No,0.5321386911724468,Medium
9767-FFLEM,Month-to-month,38,69.5,No,0.5319207712245091,Medium
2111-DWYHN,Month-to-month,1,21.1,No,0.5318117597971529,Medium
8267-KFGYD,Month-to-month,1,21.05,No,0.5317956801037389,Medium
2085-BOJKI,One year,17,96.65,No,0.5316883940991388,Medium
2115-BFTIW,Month-to-month,25,70.95,Yes,0.5315915156673157,Medium
0177-PXBAT,Month-to-month,33,109.9,No,0.5315382162486618,Medium
5143-WMWOG,Month-to-month,1,19.95,Yes,0.5315068099235177,Medium
6946-LMSQS,One year,25,89.05,Yes,0.5312720420940817,Medium
5173-WXOQV,Month-to-month,2,64.2,No,0.5312600601926784,Medium
3207-OYBWH,Month-to-month,57,95.25,Yes,0.5311599216417459,Medium
7077-XJMET,Month-to-month,12,74.15,No,0.5308715936352896,Medium
2105-PHWON,Month-to-month,33,95.0,No,0.5300895259791694,Medium
2240-HSJQD,Month-to-month,38,81.85,No,0.5299793205951623,Medium
6360-SVNWV,Month-to-month,31,73.55,No,0.5297380262210771,Medium
3137-LUPIX,Month-to-month,4,64.4,No,0.5296433613339734,Medium
1644-IRKSF,One year,33,93.8,Yes,0.5295264523428372,Medium
8985-OOPOS,One year,1,74.1,No,0.5294794929439388,Medium
8267-ZNYVZ,One year,33,103.75,Yes,0.5293453069638165,Medium
0422-UXFAP,One year,51,98.85,No,0.5292537404876156,Medium
0999-QXNSA,Month-to-month,7,45.75,No,0.5291905043105517,Medium
1349-WXNGG,Month-to-month,1,20.05,Yes,0.5291484525875609,Medium
6967-QIQRV,One year,15,101.9,No,0.5289856154666039,Medium
7596-LDUXP,One year,12,85.15,No,0.5288254980415444,Medium
0943-ZQPXH,Month-to-month,44,92.95,No,0.5287393360483587,Medium
9629-NHXFW,Month-to-month,1,19.4,No,0.5285792739846182,Medium
6745-JEFZB,Month-to-month,35,91.5,No,0.528380975324951,Medium
2272-UOINI,Month-to-month,7,78.5,No,0.5283206931528425,Medium
1724-IQWNM,Month-to-month,1,19.3,No,0.5282335190898756,Medium
0991-BRRFB,Month-to-month,18,49.4,Yes,0.52805277720548,Medium
2585-KTFRE,Month-to-month,1,70.45,No,0.5278232320083257,Medium
1907-YLNYW,Month-to-month,8,66.7,No,0.527434499888374,Medium
1029-QFBEN,Month-to-month,1,19.55,Yes,0.5274275206566986,Medium
7601-WFVZV,Month-to-month,1,19.55,No,0.5274275206566986,Medium
8896-BQTTI,Month-to-month,1,25.0,No,0.5270961919462626,Medium
7310-EGVHZ,Month-to-month,1,20.2,No,0.5270795206084976,Medium
3308-MHOOC,Month-to-month,1,19.2,No,0.5270419826155048,Medium
9681-KYGYB,Month-to-month,49,88.2,No,0.527032462320667,Medium
3815-SLMEF,Month-to-month,3,34.25,Yes,0.5267641132103993,Medium
1373-ORVIZ,Month-to-month,11,66.35,Yes,0.5267175866950808,Medium
1041-RXHRA,Month-to-month,41,70.25,Yes,0.5266606955759929,Medium
6234-PFPXL,Month-to-month,22,95.9,No,0.5266352878565793,Medium
3132-TVFDZ,Month-to-month,57,44.85,Yes,0.5264679736382908,Medium
7075-BNDVQ,Month-to-month,4,35.0,No,0.5264448201152547,Medium
3761-FLYZI,Month-to-month,65,108.8,No,0.5264076624294004,Medium
2207-QPJED,Month-to-month,37,90.0,No,0.5263013210099209,Medium
9356-AXGMP,One year,38,110.7,No,0.5262316451277026,Medium
2692-PFYTJ,Month-to-month,1,25.75,No,0.5261427901411567,Medium
7721-DVEKZ,Month-to-month,1,19.65,No,0.5260326859667536,Medium
0970-QXPXW,Month-to-month,1,19.65,No,0.5260326859667536,Medium
8329-IBCTI,Month-to-month,1,19.65,Yes,0.5260326859667536,Medium
0486-HECZI,Month-to-month,55,96.75,Yes,0.5259244381421756,Medium
7291-CDTMJ,Month-to-month,1,19.65,No,0.5255938929625078,Medium
1803-BGNBD,Month-to-month,12,54.3,No,0.5254373555836914,Medium
0924-BJCRC,Month-to-month,60,89.45,No,0.5253724920059012,Medium
3571-RFHAR,Month-to-month,65,109.15,Yes,0.5252053951193849,Medium
3688-FTHLT,Month-to-month,16,63.05,No,0.5251996640388341,Medium
5515-RUGKN,Month-to-month,8,54.75,No,0.5251050614919017,Medium
3043-TYBNO,Month-to-month,3,60.65,No,0.5251015578165149,Medium
6128-AQBMT,Month-to-month,41,53.95,No,0.5250468403918429,Medium
4191-XOVOM,Month-to-month,63,105.4,No,0.5249594126796427,Medium
6847-KJLTS,Month-to-month,58,100.4,No,0.5249137977871171,Medium
2654-VBVPB,Month-to-month,1,19.9,No,0.5248893190492158,Medium
4488-KQFDT,One year,61,103.95,No,0.5248422255360723,Medium
2455-USLMV,Month-to-month,31,84.75,No,0.5244640500528267,Medium
5766-ZJYBB,Month-to-month,1,19.4,Yes,0.5243523287402965,Medium
8393-JMVMB,Month-to-month,1,19.45,No,0.5243523287402965,Medium
3452-SRFEG,Month-to-month,49,74.6,No,0.5242704835566863,Medium
3090-LETTY,Month-to-month,2,60.95,No,0.5239148991167885,Medium
6770-XUAGN,Month-to-month,1,21.0,Yes,0.5235592571400669,Medium
7272-QDCKA,One year,28,100.2,No,0.5233200671044183,Medium
6985-HAYWX,Month-to-month,26,79.3,No,0.5232959028641756,Medium
9278-VZKCD,Month-to-month,52,109.1,No,0.523176090833853,Medium
1956-YIFGE,One year,22,100.05,No,0.5229272259490297,Medium
7047-FWEYA,One year,46,103.15,No,0.5228338224673681,Medium
3164-AALRN,One year,5,70.0,Yes,0.5227543621463174,Medium
8535-SFUTN,Month-to-month,61,106.45,No,0.5223104024793709,Medium
7470-MCQTK,Month-to-month,13,48.75,Yes,0.522296561037358,Medium
9909-IDLEK,Month-to-month,20,96.8,No,0.5221960135580773,Medium
6168-YBYNP,Month-to-month,59,111.35,No,0.5219956995630374,Medium
2360-RDGRO,Month-to-month,65,104.25,No,0.5217875181021926,Medium
2378-HTWFW,Month-to-month,35,91.0,No,0.5217797827677475,Medium
9822-WMWVG,Month-to-month,41,106.5,No,0.5217570434263139,Medium
3258-SANFR,Month-to-month,6,44.7,No,0.5216271991963397,Medium
1098-TDVUQ,Month-to-month,1,19.25,No,0.5216180739695523,Medium
3763-GCZHZ,One year,66,104.05,Yes,0.5216140095590108,Medium
3331-HQDTW,Month-to-month,34,109.8,Yes,0.5212281172501498,Medium
0786-VSSUD,Month-to-month,16,39.0,Yes,0.5210555486777216,Medium
3694-DELSO,Month-to-month,4,38.55,No,0.5209591011571236,Medium
2812-SFXMJ,Month-to-month,1,20.05,No,0.5209457536951814,Medium
8963-JLGJT,Month-to-month,3,55.9,No,0.5208381754472505,Medium
9919-YLNNG,Month-to-month,42,103.8,No,0.520814863737991,Medium
8605-ITULD,Month-to-month,1,19.55,No,0.5207446054993389,Medium
2866-IKBTM,Month-to-month,1,19.55,No,0.5207446054993389,Medium
9921-EZKBY,Month-to-month,33,95.3,No,0.5199990763918158,Medium
4781-ZXYGU,Month-to-month,1,20.15,No,0.5199908229871412,Medium
9821-BESNZ,One year,66,104.25,No,0.5195533923088361,Medium
5816-SCGFC,Month-to-month,7,51.3,No,0.5195428046893349,Medium
8751-EDEKA,Month-to-month,28,89.9,No,0.5192682560230161,Medium
2219-MVUSO,Month-to-month,8,45.15,Yes,0.5187463530559956,Medium
7551-JOHTI,Month-to-month,1,19.5,Yes,0.5185261949355655,Medium
1905-OEILC,Month-to-month,1,19.5,No,0.5185261949355655,Medium
3589-PPVKW,Month-to-month,9,44.4,No,0.5185089105758992,Medium
2929-QNSRW,One year,56,98.25,Yes,0.5184619445794517,Medium
1423-BMPBQ,Month-to-month,1,19.0,No,0.5183656566093062,Medium
9408-HRXRK,Month-to-month,45,105.15,No,0.5183467957909146,Medium
8152-UOBNY,One year,50,106.8,No,0.518302062211271,Medium
8065-BVEPF,Month-to-month,65,99.1,No,0.5181126007328515,Medium
9667-EQRXU,Month-to-month,30,40.3,Yes,0.5180176141474763,Medium
5099-BAILX,Month-to-month,43,110.75,Yes,0.5179228178940329,Medium
1996-DBMUS,Month-to-month,48,70.65,No,0.517861192866692,Medium
8982-NHAVY,One year,27,100.5,No,0.5175533325782629,Medium
2669-QVCRG,Month-to-month,41,81.3,No,0.5170367523747046,Medium
7594-LZNWR,Month-to-month,34,69.15,No,0.5166675747687286,Medium
9163-GHAYE,Month-to-month,15,48.85,No,0.5166575646786966,Medium
2883-ILGWO,Month-to-month,57,104.9,No,0.516598624515371,Medium
6728-WYQBC,Month-to-month,1,20.95,No,0.5165339878379519,Medium
7176-WIONM,Month-to-month,12,49.85,No,0.51651419565105,Medium
0327-WFZSY,One year,39,100.0,No,0.5164275557543283,Medium
3580-REOAC,Month-to-month,10,44.85,Yes,0.5164175411178922,Medium
7893-IXHRQ,Month-to-month,1,20.55,Yes,0.5163282071647299,Medium
1930-WNXSB,Month-to-month,58,92.85,No,0.5162156129028843,Medium
6288-LBEAR,Month-to-month,23,79.1,No,0.5160527423414727,Medium
3567-PQTSO,One year,53,105.25,No,0.5159629413238488,Medium
8229-MYEJZ,Month-to-month,10,51.2,No,0.5158074146398909,Medium
1442-BQPVU,Month-to-month,13,29.15,No,0.515609849737157,Medium
2040-VZIKE,Month-to-month,49,100.85,No,0.5155460002600548,Medium
9578-VRMNM,Month-to-month,16,65.2,Yes,0.5153283715445588,Medium
2382-BCKQJ,One year,62,100.15,Yes,0.5152753357103106,Medium
0708-LGSMF,Month-to-month,13,65.85,No,0.5148125178966209,Medium
6464-KEXXH,Month-to-month,8,25.25,No,0.5146038579907793,Medium
5118-MUEYH,Month-to-month,48,105.1,No,0.5144811433950859,Medium
3604-WLABM,Month-to-month,10,54.25,No,0.5144328795583536,Medium
2886-KEFUM,One year,63,107.5,Yes,0.5138602029755241,Medium
4937-QPZPO,One year,61,99.9,No,0.5138476152536338,Medium
6143-JQKEA,Month-to-month,10,45.8,No,0.513838971034283,Medium
4307-KTUMW,Month-to-month,53,93.9,Yes,0.5136833400381366,Medium
6710-HSJRD,Month-to-month,61,114.1,No,0.5136229452792943,Medium
2153-MREFK,One year,37,99.2,Yes,0.5134013025857757,Medium
1156-ZFYDO,Month-to-month,1,19.75,No,0.5130419899542623,Medium
1548-ARAGG,Month-to-month,4,58.5,No,0.5127416919036999,Medium
5018-GWURO,Month-to-month,56,85.6,No,0.5125844618024594,Medium
6599-GZWCM,One year,13,74.65,No,0.5124578798933282,Medium
2674-MLXMN,Month-to-month,71,99.65,No,0.5123048683130381,Medium
8620-RJPZN,Month-to-month,1,20.7,No,0.5122871005641985,Medium
8033-VCZGH,One year,50,103.95,No,0.51201618337867,Medium
1862-SKORY,Month-to-month,40,39.3,Yes,0.5119090492787934,Medium
3898-GUYTS,Month-to-month,45,97.05,No,0.5118533453057065,Medium
2403-BCASL,One year,41,111.95,Yes,0.5118409754317622,Medium
6559-RAKOZ,One year,49,97.95,No,0.5118229423225172,Medium
5088-QZLRL,Month-to-month,1,20.65,No,0.5114117677425061,Medium
4619-EVPHY,One year,20,91.0,No,0.5113779134574175,Medium
2826-DXLQO,Month-to-month,7,29.8,No,0.5113431811849226,Medium
2027-WKXMW,Month-to-month,63,108.75,No,0.5113107334255278,Medium
1015-OWJKI,Month-to-month,1,19.05,No,0.5113013474325393,Medium
1663-MHLHE,Month-to-month,1,19.2,No,0.5113013474325393,Medium
9975-SKRNR,Month-to-month,1,18.9,No,0.5113013474325393,Medium
9441-QHEVC,Month-to-month,1,19.1,No,0.5113013474325393,Medium
7421-ZLUPA,Month-to-month,8,29.25,No,0.5111200707426203,Medium
5149-TGWDZ,One year,21,104.55,No,0.5110819847674745,Medium
2190-BCXEC,Month-to-month,40,78.85,No,0.5109330474632308,Medium
0823-HSCDJ,Month-to-month,52,49.15,Yes,0.5108973090632347,Medium
5628-RKIFK,Month-to-month,49,101.55,No,0.5106919970225268,Medium
7551-DACSP,Month-to-month,6,55.3,Yes,0.5106570866254836,Medium
0867-LDTTC,Month-to-month,5,75.15,No,0.5104026145282731,Medium
7356-IWLFW,Month-to-month,46,80.0,No,0.5097282439139345,Medium
5402-HTOTQ,Month-to-month,16,55.3,No,0.5096639842445653,Medium
7957-RYHQD,Month-to-month,40,79.2,Yes,0.5096185240104254,Medium
4468-KAZHE,Month-to-month,20,60.0,No,0.5095805132071666,Medium
7617-EYGLW,Month-to-month,1,19.45,No,0.509494717153765,Medium
0668-OGMHD,Month-to-month,21,28.5,No,0.5093113796013821,Medium
2684-EIWEO,Month-to-month,30,91.7,Yes,0.5092802948906624,Medium
3055-MJDSB,Month-to-month,9,24.6,No,0.5091061907199782,Medium
7853-GVUDZ,Month-to-month,1,20.15,Yes,0.508481424495317,Medium
4881-JVQOD,Month-to-month,10,34.55,No,0.5084628823705707,Medium
4291-HPAXL,Month-to-month,1,19.85,No,0.5083931201517203,Medium
1587-FKLZB,Month-to-month,66,99.5,Yes,0.5083062500678425,Medium
0419-YAAPX,Month-to-month,49,85.3,No,0.5082786185375635,Medium
1432-FPAXX,Month-to-month,29,30.6,Yes,0.5080257412727704,Medium
8967-SZQAS,Month-to-month,14,50.45,No,0.5076888662436918,Medium
3645-DEYGF,Month-to-month,1,20.75,No,0.5074956458127138,Medium
1422-DGUBX,One year,32,79.25,No,0.5074336941970369,Medium
2632-UCGVD,Month-to-month,66,100.05,Yes,0.5073029744613853,Medium
0348-SDKOL,Month-to-month,58,102.1,Yes,0.507242152939995,Medium
5630-AHZIL,Month-to-month,3,64.5,No,0.5071868985474869,Medium
4983-CLMLV,Month-to-month,52,102.7,No,0.5071859503817687,Medium
6807-SIWJI,One year,38,104.85,No,0.5071174639217593,Medium
7693-QPEFS,Month-to-month,52,72.95,No,0.5070981731023896,Medium
5568-DMXZS,Month-to-month,8,65.45,No,0.5069766844490791,Medium
5515-IDEJJ,Month-to-month,1,19.9,Yes,0.5069578595096843,Medium
3069-SSVSN,One year,1,25.85,No,0.5068277350308751,Medium
1304-BCCFO,Month-to-month,9,70.05,No,0.5067117535001092,Medium
9415-TPKRV,Month-to-month,8,55.75,No,0.5066279658252691,Medium
1596-OQSPS,Month-to-month,11,51.1,No,0.506597450912249,Medium
1329-VHWNP,Month-to-month,7,25.05,No,0.5065080508135396,Medium
6624-JDRDS,Month-to-month,6,29.45,No,0.5062298882608903,Medium
0929-PECLO,Month-to-month,63,89.6,No,0.5060738541125384,Medium
4851-BQDNX,One year,40,85.05,No,0.5059412530231215,Medium
7302-ZHMHP,Month-to-month,1,19.15,No,0.5057492991804342,Medium
6569-KTMDU,Month-to-month,1,19.1,No,0.5057492991804342,Medium
7245-JMTTQ,One year,51,111.5,No,0.5056806508626641,Medium
4957-TREIR,Month-to-month,3,64.4,No,0.5054795956558479,Medium
7636-OWBPG,Month-to-month,12,29.35,No,0.5054085876412652,Medium
7000-WCEVQ,Month-to-month,20,61.6,Yes,0.5053656513402497,Medium
8205-MQUGY,Month-to-month,12,49.2,No,0.5049683529980146,Medium
8749-JMNKX,Month-to-month,51,93.8,Yes,0.5047731773399429,Medium
7853-WNZSY,Month-to-month,1,19.75,No,0.5047189887263089,Medium
4226-KKDON,Month-to-month,8,66.65,No,0.5046551543025847,Medium
3717-OFRTN,Month-to-month,1,19.75,No,0.5045458144617984,Medium
0013-MHZWF,Month-to-month,9,69.4,No,0.5044870255898611,Medium
4718-DHSMV,Month-to-month,11,35.8,No,0.5044479742196866,Medium
3803-KMQFW,Month-to-month,1,20.55,Yes,0.5043930742389691,Medium
6921-OZMFH,Month-to-month,5,55.7,No,0.5043886464931492,Medium
3865-QBWSJ,Month-to-month,38,80.45,No,0.5043817735705174,Medium
9962-BFPDU,Month-to-month,1,20.05,No,0.5043736895787633,Medium
2806-MLNTI,One year,52,105.1,No,0.5040796769023631,Medium
2239-JALAW,One year,58,103.25,Yes,0.5039642508833408,Medium
4007-NHVHI,Month-to-month,56,96.85,No,0.503959350191966,Medium
5243-SAOTC,Month-to-month,54,79.85,No,0.503914539948274,Medium
9079-YEXQJ,Month-to-month,54,111.1,Yes,0.5038562808904904,Medium
4001-TSBTV,Month-to-month,58,91.55,No,0.5037336210816016,Medium
2100-BDNSN,Month-to-month,5,67.95,Yes,0.5036855850734012,Medium
1552-AAGRX,Month-to-month,30,106.4,No,0.5035400323535865,Medium
7611-YKYTC,Month-to-month,22,75.0,No,0.5034212931356695,Medium
9137-UIYPG,Month-to-month,35,106.9,No,0.5033922317461349,Medium
8329-UTMVM,One year,27,104.65,No,0.5031124079320431,Medium
0260-ZDLGK,Month-to-month,9,72.9,Yes,0.50309001459611,Medium
8108-UXRQN,Month-to-month,11,50.55,No,0.502970216433251,Medium
5981-ZVXOT,One year,35,108.35,No,0.5025513787706744,Medium
0100-DUVFC,One year,70,104.8,No,0.5025061359199834,Medium
9688-YGXVR,Month-to-month,44,88.15,No,0.5024064626621954,Medium
6849-WLEYG,Month-to-month,1,19.75,Yes,0.5022583190226871,Medium
1324-NLTJE,Month-to-month,15,55.0,Yes,0.5021118424383251,Medium
1548-FEHVL,Month-to-month,61,106.2,No,0.5018486130458419,Medium
1261-FWTTE,Month-to-month,23,34.65,No,0.5016881547314725,Medium
0761-AETCS,Month-to-month,1,19.3,Yes,0.5016007285033502,Medium
7203-OYKCT,One year,72,104.95,No,0.5013741204459083,Medium
1732-VHUBQ,Month-to-month,47,70.55,Yes,0.5012509545448797,Medium
4640-UHDOS,Month-to-month,13,55.95,Yes,0.5012454742027327,Medium
4439-YRNVD,Month-to-month,10,36.25,No,0.5012446200507369,Medium
5076-YVXCM,Month-to-month,51,83.4,No,0.5012297283421397,Medium
6818-WOBHJ,Month-to-month,68,89.6,Yes,0.500855822295726,Medium
8677-HDZEE,Month-to-month,56,105.45,No,0.5007351071114586,Medium
8887-IPQNC,Month-to-month,7,44.25,No,0.5006194745453175,Medium
4232-JGKIY,Month-to-month,1,19.2,No,0.5000822966529495,Medium
2957-LOLHO,Month-to-month,12,45.4,Yes,0.49987765650436006,Medium
4307-KWMXE,Month-to-month,10,35.75,No,0.4998191572967346,Medium
5172-MIGPM,Month-to-month,4,65.55,No,0.49970371183824464,Medium
9842-EFSYY,Month-to-month,4,57.2,No,0.4996496271541135,Medium
0843-WTBXE,Month-to-month,53,85.45,Yes,0.4996269751416862,Medium
1208-NBVFH,Month-to-month,20,49.6,No,0.4995849602228453,Medium
1215-FIGMP,Month-to-month,60,89.9,No,0.4994951342779739,Medium
5686-CMAWK,One year,17,86.75,No,0.499478840630024,Medium
3345-PBBFH,Month-to-month,8,49.55,No,0.4993360994048815,Medium
6686-YPGHK,Month-to-month,47,85.5,Yes,0.4993052378052029,Medium
1089-HDMKP,Month-to-month,11,54.55,No,0.4992810814430805,Medium
5055-MGMGF,Month-to-month,65,105.05,No,0.4992691506619357,Medium
7694-VLBWQ,One year,67,104.1,Yes,0.49915240573662223,Medium
0215-BQKGS,Month-to-month,30,84.3,No,0.49911650735037566,Medium
5651-WYIPH,Month-to-month,18,49.85,No,0.4989687451730208,Medium
5697-GOMBF,Month-to-month,28,35.9,No,0.4982777472212804,Medium
4080-IIARD,Month-to-month,13,76.2,No,0.49815927277937516,Medium
3511-APPBJ,One year,23,99.95,No,0.4979544026318106,Medium
1194-SPVSP,Month-to-month,1,19.65,No,0.497887763703777,Medium
3113-IWHLC,Month-to-month,5,55.8,No,0.4976534966716729,Medium
4612-THJBS,One year,56,104.75,Yes,0.4975973697396812,Medium
8992-CEUEN,Month-to-month,1,18.85,No,0.49731833110029283,Medium
8740-XLHDR,Month-to-month,5,43.25,Yes,0.4971890510211468,Medium
9281-PKKZE,Month-to-month,46,43.95,No,0.4971362693108211,Medium
4480-MBMLB,One year,36,104.8,No,0.49703459309894155,Medium
6313-GIDIT,Month-to-month,53,54.45,Yes,0.4968976201622072,Medium
1600-DILPE,Month-to-month,12,45.0,No,0.4963946926909856,Medium
4361-BKAXE,Month-to-month,41,114.5,Yes,0.49633932323263524,Medium
6572-ADKRS,Month-to-month,46,74.8,No,0.49586778069200343,Medium
3466-WAESX,Month-to-month,16,69.1,No,0.49579366912679396,Medium
2478-EEWWM,Month-to-month,59,44.3,No,0.4956120683441446,Medium
2542-HYGIQ,Month-to-month,1,19.95,No,0.4956020842392121,Medium
9375-MHRRS,Month-to-month,6,50.05,No,0.49543053374859836,Medium
6179-GJPSO,Month-to-month,43,108.15,Yes,0.495260321006304,Medium
0811-GSDTP,Month-to-month,13,30.15,No,0.4949728478281226,Medium
2011-TRQYE,Month-to-month,18,33.5,Yes,0.4947849762467399,Medium
4826-TZEVA,Month-to-month,40,74.8,No,0.4945032951424688,Medium
9614-RMGHA,Month-to-month,65,91.85,Yes,0.49442290329461663,Medium
7128-GGCNO,Month-to-month,46,72.8,No,0.4943013785554106,Medium
9776-OJUZI,Month-to-month,65,95.45,No,0.4937805478887688,Medium
9169-BSVIN,Month-to-month,12,74.75,No,0.4937070422026369,Medium
8564-LDKFL,One year,40,106.0,No,0.4934872815051883,Medium
0979-PHULV,Month-to-month,69,99.45,Yes,0.4934740873629678,Medium
8976-OQHGT,Month-to-month,4,56.5,Yes,0.4933857803106711,Medium
9445-ZUEQE,Month-to-month,27,85.2,No,0.4933473779652109,Medium
9500-LTVBP,Month-to-month,35,80.05,No,0.49321667963085236,Medium
2782-LFZVW,Month-to-month,11,58.95,No,0.49319488193493877,Medium
1899-VXWXM,One year,48,106.1,Yes,0.4931203509955639,Medium
5201-USSQZ,Month-to-month,26,85.9,No,0.49304039144902534,Medium
6726-WEXXK,One year,27,85.9,No,0.4928973125449049,Medium
7742-MYPGI,Month-to-month,6,48.8,No,0.49272917694443324,Medium
0106-GHRQR,Month-to-month,16,71.4,No,0.49263592330586525,Medium
0927-CNGRH,Month-to-month,1,19.55,No,0.4925792622312944,Medium
0520-FDVVT,One year,35,102.35,Yes,0.4922452515604606,Medium
4452-QIIEB,Month-to-month,7,43.9,No,0.4920728719162347,Medium
3787-TRIAL,Month-to-month,21,26.05,No,0.491937217488754,Medium
8755-IWJHN,Month-to-month,69,95.35,No,0.49191693468816683,Medium
4462-CYWMH,Month-to-month,62,89.8,No,0.49173084824432123,Medium
0691-IFBQW,One year,46,110.0,Yes,0.49159491876722267,Medium
1784-EZDKJ,One year,51,106.8,No,0.4914648572894015,Medium
4905-JEFDW,One year,11,41.6,Yes,0.4914279715361718,Medium
9693-XMUOB,Month-to-month,59,50.25,No,0.4914034804303868,Medium
4176-FXYBO,Month-to-month,54,109.55,No,0.491312390402239,Medium
6664-FPDAC,One year,56,111.95,Yes,0.49114620633656736,Medium
6891-JPYFF,Month-to-month,48,105.25,No,0.4910561831752985,Medium
5898-IGSLP,Month-to-month,31,89.3,No,0.4910488822586233,Medium
9835-ZIITK,One year,66,110.85,Yes,0.49099744798931777,Medium
3584-WKTTW,One year,51,111.55,No,0.490988124964609,Medium
6578-KRMAW,Month-to-month,32,93.4,No,0.49097814047666855,Medium
9158-VCTQB,Month-to-month,41,113.6,Yes,0.4909221955873506,Medium
3873-NFTGI,Month-to-month,14,55.5,No,0.49089752489337524,Medium
3424-NMNBO,One year,58,108.85,Yes,0.4907744762335144,Medium
1205-WNWPJ,Month-to-month,7,59.5,Yes,0.4906975429942197,Medium
1258-YMZNM,One year,27,110.5,No,0.4906370544621001,Medium
2625-TRCZQ,Month-to-month,51,49.65,No,0.4905346154703899,Medium
4685-ERGHK,One year,57,86.9,No,0.4904384003376069,Medium
7130-YXBRO,Month-to-month,48,111.45,No,0.4902463701550992,Medium
1193-RTSLK,Month-to-month,38,83.9,Yes,0.4901236641741528,Medium
1100-DDVRV,Month-to-month,17,49.8,No,0.4899921332250797,Medium
5060-TQUQN,Month-to-month,30,83.55,No,0.4899024448483245,Medium
7880-XSOJX,Month-to-month,4,42.4,No,0.4897554795828205,Medium
0804-XBFBV,Month-to-month,11,25.2,No,0.4895383961478375,Medium
8919-FYFQZ,Month-to-month,44,30.35,Yes,0.4894589177947384,Medium
4012-ZTHBR,Month-to-month,21,44.95,No,0.48944822654363274,Medium
5949-EBSQK,Month-to-month,4,61.45,Yes,0.48927952617446235,Medium
4925-LMHOK,Month-to-month,15,58.6,Yes,0.4891742473808042,Medium
0156-FVPTA,Month-to-month,22,54.2,Yes,0.4891625628134422,Medium
7876-BEUTG,Month-to-month,15,48.8,No,0.48913767008343323,Medium
1564-HJUVY,Month-to-month,4,63.75,No,0.48894624212985965,Medium
2325-WINES,One year,32,104.05,No,0.48889230258989935,Medium
0567-GGCAC,Month-to-month,7,61.4,No,0.48850710177450213,Medium
1169-SAOCL,One year,49,106.65,No,0.48826197789683184,Medium
9912-OMZDS,One year,59,106.15,No,0.48796774134830123,Medium
0295-QVKPB,Month-to-month,5,63.95,No,0.48776118669493,Medium
7271-AJDTL,Month-to-month,55,94.45,No,0.4876985604495936,Medium
0363-QJVFX,Month-to-month,32,108.15,Yes,0.48760134147311834,Medium
4250-ZBWLV,One year,68,108.45,Yes,0.4873060952003881,Medium
7067-KSAZT,One year,65,106.25,Yes,0.48728404648420404,Medium
5778-BVOFB,Month-to-month,9,59.5,No,0.4871714805726193,Medium
3572-UOLYZ,Month-to-month,46,84.8,No,0.48706580456323434,Medium
0617-FHSGK,Month-to-month,49,75.2,Yes,0.48699242025135164,Medium
0406-BPDVR,One year,54,101.5,Yes,0.48683679481152115,Medium
6199-IWKGC,One year,46,100.25,No,0.48648892330830323,Medium
0575-CUQOV,One year,60,97.95,No,0.4864340915335272,Medium
2924-KHUVI,One year,56,100.55,No,0.4864268011002602,Medium
5349-AZPEW,Month-to-month,5,25.05,No,0.48637545462513204,Medium
2133-TSRRM,Month-to-month,34,105.35,No,0.4862857055931255,Medium
2750-BJLSB,One year,47,103.7,No,0.4861828362859322,Medium
3707-LRWZD,One year,32,84.05,Yes,0.48605567577852826,Medium
2669-OIDSD,Month-to-month,48,100.05,No,0.48590338148563944,Medium
3445-HXXGF,Month-to-month,58,45.3,Yes,0.48585379624336517,Medium
7621-VPNET,Month-to-month,42,85.9,No,0.48582108379142863,Medium
3870-MQAMG,One year,54,110.35,Yes,0.4857478826463726,Medium
0247-SLUJI,Month-to-month,1,19.7,No,0.485737403160518,Medium
3807-XHCJH,Month-to-month,1,20.0,No,0.48555389641412594,Medium
6704-UTUKK,Month-to-month,29,45.9,No,0.48539579167192376,Medium
4320-QMLLA,Month-to-month,7,54.85,No,0.48533193443164807,Medium
0463-ZSDNT,Month-to-month,10,56.75,No,0.4853259653873721,Medium
2927-QRRQV,One year,46,94.65,No,0.48521092374915487,Medium
9323-HGFWY,One year,27,101.9,No,0.48520628217030815,Medium
6821-JPCDC,One year,48,97.05,No,0.48518745934716795,Medium
2075-RMJIK,Month-to-month,5,49.4,No,0.48486206862636994,Medium
0060-FUALY,Month-to-month,59,94.75,No,0.4847147326343489,Medium
9659-QEQSY,Month-to-month,45,115.65,No,0.48460427147304413,Medium
0880-FVFWF,Month-to-month,56,86.4,No,0.4844768310421095,Medium
2067-QYTCF,Month-to-month,64,111.15,No,0.48442189866202606,Medium
8791-GFXLZ,Month-to-month,12,49.05,No,0.4843712156198896,Medium
3537-HPKQT,Month-to-month,55,77.75,No,0.48434458645690676,Medium
7251-LJBQN,One year,40,103.75,No,0.4839956476271658,Medium
6874-SGLHU,One year,30,97.0,No,0.48390455279581235,Medium
3506-LCJDC,Month-to-month,1,19.95,Yes,0.483856121063061,Medium
8992-VONJD,Month-to-month,13,56.0,No,0.4837876587864946,Medium
8450-UYIBU,Month-to-month,35,39.85,No,0.4835727858713244,Medium
0691-NIKRI,One year,40,105.95,No,0.4834385837288092,Medium
7554-AKDQF,Month-to-month,6,45.65,No,0.48333390216169714,Medium
2207-OBZNX,Month-to-month,7,51.0,Yes,0.48332875719765034,Medium
7103-IPXPJ,One year,50,99.4,No,0.4832710657699745,Medium
5510-BOIUJ,Month-to-month,1,19.25,Yes,0.4832586190690101,Medium
5575-TPIZQ,Month-to-month,46,89.15,No,0.48303605139581596,Medium
3090-QFUVD,Month-to-month,1,20.3,No,0.48280900640081087,Medium
0836-SEYLU,Month-to-month,9,40.65,Yes,0.48276793885195046,Medium
2623-DRYAM,One year,70,101.75,No,0.4826572051827551,Medium
5057-LCOUI,Month-to-month,39,50.75,Yes,0.4824844716246607,Medium
9643-YBLUR,Month-to-month,9,69.05,No,0.4823891944413188,Medium
3190-XFANI,One year,49,100.6,Yes,0.48230701064394066,Medium
9327-QSDED,Month-to-month,8,43.55,No,0.48230506523047123,Medium
7895-VONWT,Month-to-month,25,48.25,No,0.4821848411816574,Medium
2189-UXTKY,Month-to-month,22,79.2,Yes,0.48217889853064244,Medium
1360-JYXKQ,One year,54,99.1,No,0.48189193104130557,Medium
2676-OXPPQ,Month-to-month,6,55.7,No,0.4817624534008035,Medium
0799-DDIHE,Month-to-month,15,46.3,No,0.4815471837513258,Medium
8705-DWKTI,Month-to-month,52,83.8,No,0.48139915880635387,Medium
0481-SUMCB,One year,45,102.15,No,0.48126585265555727,Medium
3842-IYKUE,Month-to-month,35,85.3,Yes,0.48108970832637243,Medium
3058-WQDRE,Month-to-month,13,25.15,No,0.48098750683595276,Medium
1421-HCERK,Month-to-month,30,105.7,No,0.4807318763334133,Medium
1216-BGTSP,Month-to-month,45,108.45,No,0.4807010307092066,Medium
8840-DQLGN,Month-to-month,35,100.5,Yes,0.48068652948409135,Medium
5370-IIVVL,One year,37,104.5,No,0.4806528986864011,Medium
8552-OBVRU,Month-to-month,48,104.5,No,0.480357191843979,Medium
0326-VDYXE,One year,70,97.65,No,0.4802961120483482,Medium
3055-OYMSE,Month-to-month,53,73.8,No,0.4801330605023533,Medium
7549-MYGPK,Month-to-month,63,100.55,Yes,0.48008296838540604,Medium
5188-HGMLP,Month-to-month,54,74.0,No,0.4799155657463767,Medium
5016-ETTFF,Month-to-month,10,29.5,Yes,0.4798524039167196,Medium
9708-KFDBY,Month-to-month,1,20.55,No,0.479834057461755,Medium
1228-FZFRV,Month-to-month,50,105.95,Yes,0.47976644409207014,Medium
5542-DHSXL,Month-to-month,4,54.7,No,0.47971659321535726,Medium
4010-YLMVT,Month-to-month,56,106.6,No,0.47954463243241513,Medium
8979-CAMGB,One year,64,102.1,No,0.4794271939496105,Medium
4976-LNFVV,Month-to-month,19,34.3,No,0.47927566214341066,Medium
6849-OYAMU,One year,19,100.0,Yes,0.4792084994412025,Medium
2436-QBZFP,Month-to-month,22,39.2,No,0.4791171786219718,Medium
1848-LBZHY,Month-to-month,7,50.3,No,0.4786318518637534,Medium
2988-GBIVW,Month-to-month,70,90.85,No,0.47790409477810186,Medium
9419-IPPBE,One year,51,90.15,No,0.4775040087783168,Medium
8399-YNDCH,Month-to-month,21,60.05,Yes,0.47736105083113956,Medium
2237-ZFSMY,One year,39,95.55,Yes,0.4771848905233647,Medium
4647-XXZAM,Month-to-month,6,45.5,No,0.47687443307765354,Medium
0431-APWVY,One year,28,90.1,Yes,0.47686843101877013,Medium
9761-XUJWD,Month-to-month,5,65.6,No,0.47679267221727806,Medium
8069-YQQAJ,Month-to-month,14,31.1,No,0.47675782539752865,Medium
8722-NGNBH,Month-to-month,5,40.0,Yes,0.4766909927202452,Medium
3030-YZADT,Month-to-month,9,44.95,Yes,0.4764970036642246,Medium
0423-UDIJQ,Month-to-month,9,49.2,No,0.4764438488964482,Medium
1658-XUHBX,Month-to-month,59,88.75,No,0.4764142673462311,Medium
4760-XOHVN,Month-to-month,1,19.45,Yes,0.47633392923484325,Medium
9522-BNTHX,Month-to-month,34,56.25,No,0.47629263243594644,Medium
2700-LUEVA,Month-to-month,1,20.75,No,0.4761992823713009,Medium
3154-CFSZG,Month-to-month,47,90.05,No,0.4761399759915559,Medium
6353-BRMMA,Month-to-month,54,104.1,No,0.4760535167092125,Medium
7426-GSWPO,Month-to-month,64,103.5,No,0.47572207546828743,Medium
2828-SLQPF,Month-to-month,19,45.0,No,0.47571831352965727,Medium
2144-BFDSO,Month-to-month,50,108.75,No,0.47565047827534773,Medium
9103-CXVOK,Month-to-month,1,19.75,No,0.47558958493765685,Medium
4672-FOTSD,Month-to-month,12,67.25,No,0.47529239641718835,Medium
5174-ITUMV,One year,67,105.4,No,0.47519334280791287,Medium
5074-FBGHB,One year,64,104.65,No,0.4751206058765917,Medium
9233-PSYHO,One year,45,100.15,No,0.4749977650092784,Medium
2826-UWHIS,Month-to-month,45,81.4,No,0.47484227600502643,Medium
4393-RYCRE,One year,44,106.05,No,0.4748231456012536,Medium
3717-LNXKW,Month-to-month,38,91.7,No,0.47474122123584295,Medium
7722-CVFXN,One year,54,105.2,No,0.4745822938317526,Medium
6549-NNDYT,Month-to-month,13,30.85,No,0.47423919856596836,Medium
7530-HDYDS,Month-to-month,38,84.25,Yes,0.47366529449257094,Medium
1215-VFYVK,Month-to-month,4,48.25,No,0.4733846049573831,Medium
1049-FYSYG,Month-to-month,17,35.65,No,0.4730919955307171,Medium
5201-FRKKS,Month-to-month,25,74.3,No,0.4730882549277491,Medium
6270-OMFIW,One year,60,94.4,Yes,0.4728546825151302,Medium
9381-NDKME,Month-to-month,24,40.65,Yes,0.47275197167357635,Medium
7789-HKSBS,One year,42,105.2,No,0.4727103207509682,Medium
8455-HIRAQ,Month-to-month,8,44.45,No,0.47259253000494916,Medium
1935-IMVBB,Month-to-month,56,89.7,No,0.47227493912134916,Medium
6300-BWMJX,Month-to-month,59,93.35,No,0.47220931555987194,Medium
1353-LJWEM,Month-to-month,11,60.9,No,0.47216949175073913,Medium
9873-MNDKV,Month-to-month,11,44.65,No,0.4720846961301555,Medium
8329-GWVPJ,Month-to-month,50,69.75,No,0.4720767093583142,Medium
1591-NFNLQ,Month-to-month,51,80.0,Yes,0.4719420631510856,Medium
0877-SDMBN,One year,54,103.95,Yes,0.4719198093539371,Medium
6769-DCQLI,One year,52,105.0,Yes,0.47181753946086985,Medium
2894-QOJRX,Month-to-month,25,34.0,Yes,0.4716801735921041,Medium
4767-HZZHQ,Month-to-month,30,82.05,No,0.47166400354015975,Medium
7905-NJMXS,Month-to-month,7,64.2,No,0.4716054498226368,Medium
5274-XHAKY,Month-to-month,41,94.3,No,0.47145274075086746,Medium
0899-WZRSD,Month-to-month,56,105.35,No,0.4714274713519449,Medium
8562-GHPPI,Month-to-month,1,19.8,No,0.4713754946069756,Medium
8217-QYOHV,Month-to-month,5,55.75,No,0.471296490874558,Medium
9780-FKVVF,Month-to-month,6,59.15,No,0.4708841131497179,Medium
0471-ARVMX,One year,62,104.85,No,0.47081732520515485,Medium
4628-CTTLA,Month-to-month,57,39.3,Yes,0.4707007940018491,Medium
1370-GGAWX,One year,46,94.15,No,0.4705488637371538,Medium
0003-MKNFE,Month-to-month,9,59.9,No,0.4703703729341449,Medium
3679-XASPY,Month-to-month,1,19.45,No,0.4702849274712324,Medium
4791-QRGMF,One year,59,99.5,Yes,0.47004618543084375,Medium
4695-VADHF,Month-to-month,18,57.45,Yes,0.4699372812484592,Medium
8563-IIOXK,One year,7,49.75,Yes,0.469744448799689,Medium
5002-GCQFH,Month-to-month,49,93.85,No,0.4693538575757093,Medium
0237-YFUTL,Month-to-month,50,109.65,No,0.4693513762566118,Medium
9700-ISPUP,Month-to-month,10,65.5,No,0.4691316865284123,Medium
8444-WRIDW,Month-to-month,66,80.45,Yes,0.4687113709462639,Medium
4673-KKSLS,Month-to-month,31,87.6,No,0.4685556727172953,Medium
2408-TZMJL,One year,59,110.15,Yes,0.4684406672804613,Medium
4280-DLSHD,Month-to-month,8,54.75,No,0.46826973269490746,Medium
8375-KVTHK,One year,68,100.3,No,0.46776356740600866,Medium
2302-ANTDP,Month-to-month,48,117.45,Yes,0.46765960306073834,Medium
4324-AHJKS,Month-to-month,5,55.8,No,0.4676409168943595,Medium
1436-ZMJAN,Month-to-month,10,67.8,No,0.4676364722110504,Medium
2157-MXBJS,One year,13,75.3,Yes,0.46754066281226964,Medium
6038-GCYEC,Month-to-month,24,54.15,Yes,0.4673375223000947,Medium
4097-YODCF,One year,34,103.8,No,0.46711256802927903,Medium
7459-RRWQZ,Month-to-month,15,64.65,Yes,0.4669341254617572,Medium
2731-GJRDG,One year,32,109.55,No,0.4666803816142621,Medium
3373-YZZYM,Month-to-month,1,19.2,No,0.46660477210375517,Medium
5649-TJHOV,Month-to-month,27,36.5,Yes,0.46654798597617486,Medium
7776-QGYJC,Month-to-month,39,81.5,No,0.46649499482912915,Medium
8182-PNAGI,Month-to-month,12,50.25,Yes,0.46611520938806433,Medium
8634-CILSZ,One year,69,104.7,Yes,0.465925808451339,Medium
6728-VOIFY,One year,63,96.0,No,0.4655183960533907,Medium
4070-OKWVH,Month-to-month,52,94.6,No,0.46516036801182187,Medium
0870-VEMYL,Month-to-month,5,53.85,Yes,0.46472093949296683,Medium
5136-GFPMB,Month-to-month,54,89.4,No,0.4645920728018813,Medium
1625-JAIIY,One year,68,83.0,Yes,0.4645052648027167,Medium
8868-GAGIO,Month-to-month,45,84.55,No,0.46428558507677575,Medium
9374-YOLBJ,Month-to-month,1,19.25,No,0.4641280065581654,Medium
7733-UDMTP,Month-to-month,57,55.0,No,0.46399858951841727,Medium
6668-CNMFP,One year,19,89.35,No,0.4639168846868156,Medium
7398-LXGYX,Month-to-month,44,84.8,No,0.46382730350916357,Medium
3062-ICYZQ,Month-to-month,51,93.8,No,0.46369361598618497,Medium
7683-CBDKJ,Month-to-month,14,65.45,Yes,0.4635353916347872,Medium
2267-WTPYD,Month-to-month,57,94.0,No,0.4633575923169709,Medium
1984-FCOWB,One year,70,109.5,Yes,0.46324950676768706,Medium
3325-FUYCG,One year,28,106.1,Yes,0.46319862555845664,Medium
5073-WXOYN,Month-to-month,60,50.8,Yes,0.46317104952746396,Medium
5440-VHLUL,One year,69,105.2,No,0.4628591995247483,Medium
7449-HVPIV,Month-to-month,55,90.4,No,0.4628207193871438,Medium
1217-VASWC,One year,43,100.55,No,0.46233931881063256,Medium
2359-QWQUL,One year,39,104.7,Yes,0.4623122922519326,Medium
1335-HQMKX,One year,72,101.35,No,0.46225872315466965,Medium
6217-TOWGS,Month-to-month,17,75.4,No,0.4621542002542158,Medium
3845-JHAMY,Month-to-month,16,35.5,No,0.46209703554712056,Medium
7402-PWYJJ,One year,53,91.15,No,0.46202795801886565,Medium
7826-VVKWT,Two year,24,96.55,No,0.4618425528255442,Medium
8812-ZRHFP,One year,30,86.45,No,0.46153143724016144,Medium
9360-AHGNL,One year,43,109.55,Yes,0.46150516746705106,Medium
8773-HHUOZ,Month-to-month,17,64.7,Yes,0.4614598957053232,Medium
1502-XFCVR,One year,58,106.45,Yes,0.46145820650586283,Medium
9481-SFCQY,Month-to-month,14,59.8,No,0.46133680060362975,Medium
1170-SASML,Month-to-month,69,85.4,No,0.4612927673131725,Medium
0959-WHOKV,One year,42,99.0,No,0.46075030833897745,Medium
0356-ERHVT,Month-to-month,11,45.9,No,0.4604233044093261,Medium
6897-UUBNU,Month-to-month,29,89.65,No,0.4601956900224207,Medium
2267-FPIMA,Month-to-month,50,94.4,No,0.4596440819057476,Medium
9831-BPFRI,One year,39,89.55,Yes,0.4595115395141868,Medium
5701-SVCWR,Month-to-month,1,24.0,No,0.4593845054301713,Medium
4431-EDMIQ,Month-to-month,7,75.7,No,0.45937767089031173,Medium
2172-EJXVF,One year,71,105.9,No,0.4591409511533108,Medium
2576-HXMPA,Month-to-month,1,19.55,No,0.45896830269238537,Medium
4918-FYJNT,Month-to-month,55,90.45,No,0.4588919170432942,Medium
1120-BMWUB,Month-to-month,16,53.9,Yes,0.45879965468831957,Medium
4789-KWMXN,One year,47,110.85,Yes,0.45879634664450436,Medium
4138-NAXED,Month-to-month,51,81.0,No,0.4587171381167885,Medium
9142-KZXOP,Month-to-month,44,68.85,No,0.4587082713499666,Medium
7576-JMYWV,Month-to-month,46,110.2,No,0.458328465170424,Medium
9254-RBFON,One year,17,98.6,Yes,0.45820184774673334,Medium
7966-YOTQW,Month-to-month,10,54.5,No,0.4581889622630363,Medium
2220-IAHLS,Month-to-month,1,19.4,No,0.45800469655389103,Medium
3709-OIJEA,One year,26,85.2,No,0.45779595732216205,Medium
2000-MPKCA,One year,58,107.75,No,0.4576880815656906,Medium
3144-KMTWZ,Month-to-month,71,93.25,No,0.4576503688499399,Medium
1986-PHGZF,Month-to-month,18,58.4,No,0.45741636752117887,Medium
3756-VNWDH,One year,65,100.75,No,0.4572550303171197,Medium
5701-ZIKJE,Month-to-month,13,50.55,No,0.45718588694225143,Medium
5136-KCKGI,One year,33,103.7,Yes,0.4569020574275799,Medium
2432-TFSMK,One year,18,89.6,No,0.456796586363609,Medium
5131-PONJI,Month-to-month,49,90.4,No,0.45632580050607546,Medium
7926-IJOOU,Month-to-month,1,19.3,No,0.4560266473859978,Medium
3521-SYVOR,Month-to-month,37,64.75,Yes,0.455794451965234,Medium
5447-WZAFP,One year,53,100.3,No,0.4556812242614105,Medium
9544-PYPSJ,Month-to-month,62,96.1,No,0.455586985125734,Medium
5046-NUHWD,Month-to-month,29,45.0,No,0.45553204343426973,Medium
3173-NVMPX,Month-to-month,9,55.3,No,0.4554702846819972,Medium
4188-FRABG,Month-to-month,57,103.05,No,0.4554275418780457,Medium
1470-PSXNM,One year,49,93.65,No,0.4554221726718765,Medium
4869-EPIUS,One year,56,80.9,No,0.4551183383736505,Medium
9154-QDGTH,One year,43,104.3,No,0.45488029318946827,Medium
3845-FXCYS,Month-to-month,2,19.65,No,0.45485528716813123,Medium
6898-MDLZW,Month-to-month,12,53.75,No,0.4548340365891529,Medium
6777-TGHTM,One year,53,106.95,Yes,0.454704666867885,Medium
9825-YCXWZ,One year,41,101.1,No,0.4547002918001085,Medium
5443-SCMKX,One year,58,94.3,No,0.4546960015378273,Medium
0187-WZNAB,Month-to-month,27,74.4,No,0.4546357139753656,Medium
2305-MRGLV,Month-to-month,28,76.55,No,0.4543916891774044,Medium
2722-VOJQL,One year,64,105.65,Yes,0.45439052643195266,Medium
0980-PVMRC,Month-to-month,40,50.85,No,0.45406833466560065,Medium
0913-XWSCN,Month-to-month,55,85.5,No,0.4539454544710741,Medium
3162-ZJZFU,Month-to-month,53,92.55,No,0.45393857751201844,Medium
3419-SNJJD,Month-to-month,65,105.25,Yes,0.45375964781859535,Medium
5939-XAIXZ,Month-to-month,19,56.1,No,0.45354227898124083,Medium
7426-WEIJX,Month-to-month,60,80.95,No,0.45336634793631836,Medium
0420-BWTPW,Month-to-month,8,25.5,Yes,0.4533542842450956,Medium
6633-SYEUS,Month-to-month,23,83.2,No,0.4533042391314775,Medium
7854-EDSSA,Month-to-month,22,59.0,Yes,0.4531976045825589,Medium
2257-BOVXD,Month-to-month,14,66.6,No,0.4526550433221838,Medium
3886-CERTZ,One year,72,109.25,Yes,0.45263061225889856,Medium
0853-NWIFK,One year,45,100.3,No,0.4524270050365194,Medium
3890-RTCMS,Month-to-month,16,49.45,No,0.4524181791248885,Medium
2770-NSVDG,Month-to-month,24,29.1,No,0.4522024379554235,Medium
5553-AOINX,One year,66,104.9,No,0.4517723309458095,Medium
7639-SUPCW,Month-to-month,22,48.8,Yes,0.4516649078657839,Medium
0856-NAOES,Month-to-month,6,60.9,No,0.4516037760776311,Medium
5133-VRSAB,Month-to-month,8,29.35,No,0.4515866296319145,Medium
8627-ZYGSZ,One year,47,78.9,No,0.4515533708339448,Medium
6284-KMNUF,One year,56,98.0,No,0.4514999341052354,Medium
7188-CBBBA,One year,65,95.5,No,0.45141045240615624,Medium
5843-TTHGI,Month-to-month,18,50.0,No,0.4513260192865065,Medium
5527-ACHSO,Month-to-month,11,70.5,No,0.45096357832622846,Medium
8124-NZVGJ,One year,6,49.25,No,0.450942546529314,Medium
0851-DFJKB,Month-to-month,15,58.95,No,0.45091463983320684,Medium
2460-FPSYH,Month-to-month,40,55.8,Yes,0.450825116003431,Medium
2080-SRCDE,Month-to-month,1,25.4,No,0.45077818910769923,Medium
0228-MAUWC,Month-to-month,19,59.55,No,0.4507249438004079,Medium
3541-ZNUHK,Month-to-month,55,85.1,No,0.45067182737903827,Medium
2931-SVLTV,Month-to-month,40,110.1,No,0.45058971770123946,Medium
6859-RKMZJ,Month-to-month,11,55.05,No,0.450585801158885,Medium
5198-EFNBM,One year,57,90.65,No,0.45056196935962733,Medium
7766-CLTIC,Month-to-month,10,60.95,No,0.45024238889796264,Medium
5924-IFQTT,Month-to-month,13,72.8,No,0.44998518354289835,Medium
9101-BWFSS,One year,50,108.55,Yes,0.4495606412647841,Medium
9350-VLHMB,Month-to-month,67,89.55,No,0.44937833905215757,Medium
2480-EJWYP,One year,58,97.8,No,0.44935269473040357,Medium
4123-FCVCB,One year,12,75.85,No,0.4492343544322115,Medium
2279-AXJJK,Month-to-month,52,95.65,No,0.4491334351679932,Medium
8945-MUQUF,One year,51,94.8,Yes,0.4489227341338641,Medium
8807-ARQET,Month-to-month,41,40.35,No,0.4486932030472126,Medium
3313-QKNKB,One year,59,85.55,Yes,0.448339560520979,Medium
1394-SUIUH,Month-to-month,44,85.15,No,0.44814154733011674,Medium
2937-FTHUR,Month-to-month,18,64.8,No,0.4474617060476472,Medium
5732-IKGQH,One year,52,104.45,No,0.44730795999071876,Medium
0621-HJWXJ,Month-to-month,63,81.55,No,0.4472932413205216,Medium
9572-MTILT,Month-to-month,59,106.75,Yes,0.4471688073474802,Medium
4608-LCIMN,Month-to-month,8,44.65,No,0.44698450549395735,Medium
4459-BBGHE,Month-to-month,30,44.5,No,0.44698435133056175,Medium
9943-VSZUV,Month-to-month,67,75.7,No,0.4468096146700318,Medium
5198-HQAEN,One year,35,89.7,No,0.4464025882177753,Medium
7055-VKGDA,One year,54,105.4,Yes,0.44618603973788423,Medium
2293-IJWPS,One year,57,100.75,No,0.44605864569800874,Medium
4913-EHYUI,One year,56,104.55,Yes,0.4455219917765108,Medium
5339-TJFEK,Month-to-month,62,105.5,No,0.4455017556078036,Medium
5482-NUPNA,Month-to-month,4,60.4,Yes,0.44514140070358005,Medium
2858-EIMXH,One year,53,95.85,No,0.4446536725599389,Medium
3657-COGMW,Month-to-month,52,108.1,No,0.444231071323212,Medium
8166-ORCHU,One year,33,93.55,No,0.4439892614064208,Medium
1685-VAYJF,Month-to-month,11,45.2,No,0.44397301606299855,Medium
7025-IWFHT,One year,41,89.55,No,0.4439678058995864,Medium
3733-ZEECP,Month-to-month,22,51.1,No,0.4432098316925169,Medium
8016-NCFVO,Month-to-month,55,116.5,No,0.44305458853457785,Medium
1465-LNTLJ,Month-to-month,8,64.4,No,0.4426457771366909,Medium
6537-OTKMY,One year,15,50.75,No,0.4423276996238552,Medium
8652-YHIYU,One year,16,79.5,No,0.4423167069868039,Medium
6954-OOYZZ,Month-to-month,18,44.35,No,0.44226692302478093,Medium
6952-OMNWB,Month-to-month,68,80.35,No,0.4419895611787829,Medium
1356-MKYSK,Month-to-month,6,78.65,No,0.44188233066348404,Medium
4692-NNQRU,One year,21,79.2,No,0.4413029901255248,Medium
7921-LMDFQ,One year,51,94.0,No,0.4412967626905396,Medium
5424-RLQLC,Month-to-month,10,59.65,No,0.440539912468664,Medium
0909-SDHNU,Month-to-month,7,29.8,No,0.44046968504712736,Medium
8294-UIMBA,One year,30,94.4,No,0.440371768820546,Medium
8095-WANWK,Month-to-month,10,45.25,No,0.4403160621196124,Medium
4332-MUOEZ,One year,20,94.3,No,0.4399492539532011,Medium
9651-GTSAQ,One year,53,106.1,Yes,0.43990888202457135,Medium
6305-YLBMM,One year,69,104.05,Yes,0.4398708935405914,Medium
8250-ZNGGW,Month-to-month,5,59.9,No,0.43986701284010726,Medium
4646-QZXTF,Month-to-month,7,81.25,No,0.43972751606829347,Medium
7251-XFOIL,Month-to-month,61,89.2,No,0.43972326338624973,Medium
2758-RNWXS,One year,35,89.2,No,0.4397053079807196,Medium
2475-MROZF,Month-to-month,30,95.0,No,0.43956577439244976,Medium
5309-TAIKL,Month-to-month,7,62.8,No,0.43944644483133344,Medium
9705-IOVQQ,One year,61,99.0,No,0.4393950316378141,Medium
6627-CFOSN,Month-to-month,59,99.45,No,0.4391249012633558,Medium
1698-XFZCI,One year,61,107.75,No,0.4390707267465738,Medium
0314-TKOSI,Month-to-month,6,55.15,No,0.43905617151306786,Medium
6917-YACBP,Month-to-month,59,89.75,No,0.4389036714561744,Medium
5802-ADBRC,One year,50,104.4,No,0.4388849133217581,Medium
9097-ZUBYC,Month-to-month,14,48.8,No,0.4387135200464643,Medium
1020-JPQOW,Month-to-month,56,90.55,No,0.4384098205490476,Medium
5336-UFNZP,One year,65,107.45,No,0.4383326955068978,Medium
7130-CTCUS,Month-to-month,16,54.55,No,0.4381445623127845,Medium
2615-YVMYX,Month-to-month,71,107.5,No,0.43780271009392807,Medium
9518-RWHZL,One year,64,100.05,Yes,0.43774871147492256,Medium
0058-EVZWM,Month-to-month,55,89.8,No,0.43768144421787647,Medium
8205-OTCHB,One year,22,43.75,Yes,0.43712085437499393,Medium
7134-MJPDY,One year,66,102.85,No,0.4370441612804749,Medium
7129-AZJDE,One year,34,78.95,No,0.43689486586542947,Medium
4184-VODJZ,One year,63,91.35,No,0.43683986428535077,Medium
7054-ENNGU,Month-to-month,9,50.85,No,0.43679032927433314,Medium
7629-WIXZF,One year,7,59.1,No,0.43664814975423477,Medium
4827-USJHP,Month-to-month,20,51.8,No,0.4359753331603709,Medium
3927-NLNRY,One year,53,94.25,Yes,0.4358483817827556,Medium
5651-CPDND,Month-to-month,10,46.0,No,0.4357386164423,Medium
8952-WCVCD,One year,41,104.45,No,0.4356106575633072,Medium
5174-RNGBH,Month-to-month,9,66.25,Yes,0.4353238819740773,Medium
4832-VRBMR,One year,65,103.15,No,0.4352723855060835,Medium
9057-MSWCO,Month-to-month,27,30.75,Yes,0.43525805597270667,Medium
1699-HPSBG,One year,12,59.8,Yes,0.4351541681386988,Medium
4282-ACRXS,Month-to-month,38,24.85,No,0.43500901183822,Medium
5804-HYIEZ,Month-to-month,70,106.05,No,0.4349511879756083,Medium
8257-RZAHR,Month-to-month,14,64.7,Yes,0.43493339817018806,Medium
7148-XZPHA,Month-to-month,55,79.4,No,0.4347894425054962,Medium
1024-KPRBB,One year,38,89.1,No,0.43468879343797673,Medium
3413-DHLPB,Month-to-month,60,103.75,No,0.4346160543973691,Medium
6050-IJRHS,One year,70,106.5,No,0.4346002120335503,Medium
2604-XVDAM,Month-to-month,12,43.8,No,0.43449176549353685,Medium
1559-DTODC,Month-to-month,19,25.15,No,0.434243891755908,Medium
7661-CPURM,One year,19,87.7,No,0.43382635953307197,Medium
9402-CXWPL,One year,70,98.9,No,0.43345165311543743,Medium
0365-TRTPY,Month-to-month,37,91.2,No,0.43341856803595635,Medium
3255-GRXMG,Month-to-month,18,45.65,No,0.4333977147193532,Medium
8292-TYSPY,Month-to-month,19,55.0,Yes,0.4331352356754934,Medium
6689-VRRTK,One year,44,109.8,No,0.43301778427617693,Medium
2027-OAQQC,Month-to-month,43,49.05,Yes,0.43279904442136125,Medium
3689-MOZGR,Month-to-month,29,31.2,No,0.4326755252031531,Medium
7854-EKTJL,Month-to-month,2,19.6,Yes,0.4325910403223582,Medium
9833-TGFHX,One year,42,97.1,No,0.4325459895932539,Medium
8023-QHAIO,Month-to-month,56,76.85,No,0.4323938652717153,Medium
6680-NENYN,Two year,43,104.6,Yes,0.4323768475557284,Medium
2252-JHJGE,One year,61,104.0,No,0.4321503989160606,Medium
7537-CBQUZ,Month-to-month,63,109.4,No,0.43209146293802886,Medium
6854-EXGSF,Month-to-month,8,65.5,No,0.43205646766828343,Medium
0512-FLFDW,One year,60,100.5,No,0.43137565515221277,Medium
9701-CDXHR,Month-to-month,51,69.15,No,0.4311068854925901,Medium
8189-HBVRW,Month-to-month,53,90.8,No,0.4310584264211265,Medium
5438-QMDDL,Month-to-month,19,59.8,No,0.4310370046014975,Medium
8715-KKTFG,One year,61,103.3,No,0.43055975598606266,Medium
5287-QWLKY,Month-to-month,71,105.1,Yes,0.43027134866677824,Medium
2957-JIRMN,One year,62,84.45,No,0.4302225425623818,Medium
0887-WBJVH,One year,53,93.45,No,0.4302051911329311,Medium
4456-RHSNB,Month-to-month,19,49.6,No,0.4299178292759185,Medium
4415-WNGVR,One year,12,79.2,No,0.4297459806332881,Medium
4350-ZTLPI,One year,53,108.95,No,0.42969733720402087,Medium
9249-FXSCK,One year,52,111.25,Yes,0.42940267718659847,Medium
5876-HZVZM,Month-to-month,6,55.9,Yes,0.42927207982804505,Medium
7544-ZVIKX,One year,58,105.05,No,0.42925696673368396,Medium
2716-GFZOR,Month-to-month,43,86.1,No,0.42889679599300695,Medium
7950-XWOVN,Month-to-month,11,34.7,No,0.42859349484092085,Medium
2195-VVRJF,Month-to-month,18,59.1,No,0.4285572389960058,Medium
5186-EJEGL,Month-to-month,9,69.5,No,0.4284990204687636,Medium
3807-BPOMJ,One year,55,94.75,No,0.42835629538386505,Medium
6425-YQLLO,One year,66,105.95,Yes,0.4283553635625263,Medium
9089-UOWJG,Month-to-month,12,58.35,No,0.42835359994070726,Medium
9494-BDNNC,One year,66,95.3,No,0.4282854964285268,Medium
9396-ZSFLL,Month-to-month,15,48.85,No,0.42824673753414744,Medium
5067-XJQFU,One year,66,108.45,No,0.42813643218839115,Medium
4377-VDHYI,One year,32,90.8,No,0.42737804760203657,Medium
2522-AHJXR,Month-to-month,60,109.45,No,0.42708464558781506,Medium
2817-NTQDO,Month-to-month,13,45.55,Yes,0.4269891550793063,Medium
4118-CEVPF,One year,35,110.8,No,0.42688813401340847,Medium
1976-AZZPJ,Month-to-month,7,34.2,No,0.4266979334392866,Medium
8920-NAVAY,One year,62,110.75,No,0.4266943771478252,Medium
5828-DWPIL,Month-to-month,62,89.1,No,0.4265415205965546,Medium
4003-FUSHP,Month-to-month,19,61.55,No,0.4264525514454732,Medium
7319-VENRZ,Month-to-month,7,64.3,No,0.4264296682800494,Medium
7351-MHQVU,Month-to-month,6,50.95,No,0.4261228429115729,Medium
0898-XCGTF,One year,61,96.5,No,0.4260341516913782,Medium
6253-WRFHY,One year,13,64.75,No,0.4259171197136874,Medium
4081-DYXAV,One year,19,44.85,Yes,0.4258880809310462,Medium
0639-TSIQW,Month-to-month,67,102.95,Yes,0.4257298155351351,Medium
5569-IDSEY,One year,71,105.7,No,0.4249552636287153,Medium
5846-QFDFI,Month-to-month,33,88.6,No,0.4246835944523644,Medium
8961-QDZZJ,One year,57,95.0,No,0.42466226484511876,Medium
8417-GSODA,One year,28,92.2,No,0.4246284357033245,Medium
7799-DSEWS,Month-to-month,18,68.35,No,0.42445031777623266,Medium
5206-HPJKM,Month-to-month,17,55.5,No,0.4242240772377101,Medium
8901-HJXTF,Month-to-month,12,29.2,Yes,0.42422077744198283,Medium
3272-VUHPV,Month-to-month,8,56.3,No,0.4241247689061,Medium
1656-DRSMG,Month-to-month,63,109.85,No,0.42411936896985386,Medium
1703-MGIAB,Month-to-month,17,69.0,No,0.42400806196446905,Medium
2673-CXQEU,One year,56,110.5,No,0.423915911916882,Medium
6473-ULUHT,Month-to-month,16,84.9,No,0.4239067199908003,Medium
6483-OATDN,Month-to-month,8,51.3,No,0.42389860054526407,Medium
2452-SNHFZ,Month-to-month,47,75.45,No,0.42382122165322506,Medium
0691-JVSYA,One year,53,94.85,Yes,0.4237350194452247,Medium
7550-WIQVA,One year,50,108.25,No,0.42371924969519037,Medium
0603-OLQDC,Month-to-month,12,69.85,No,0.4236522592553394,Medium
0282-NVSJS,Month-to-month,12,29.3,No,0.42325249464164777,Medium
8679-LZBMD,One year,44,90.65,No,0.4231156275168616,Medium
2560-PPCHE,One year,65,105.05,No,0.42310922666661555,Medium
4324-BZCKL,Month-to-month,10,55.55,No,0.4227621609991101,Medium
4753-PADAS,One year,67,105.7,No,0.42267566999199385,Medium
9103-TCIHJ,Month-to-month,15,55.7,Yes,0.422523512377367,Medium
3946-JEWRQ,One year,47,95.2,No,0.42222998315633814,Medium
3170-GWYKC,Month-to-month,60,104.95,No,0.42196237181490315,Medium
7299-GNVPL,Month-to-month,23,84.4,No,0.42188366390316456,Medium
3629-WEAAM,Month-to-month,8,64.1,No,0.42165604875567647,Medium
2898-LSJGD,One year,21,55.95,Yes,0.4212880859401664,Medium
8735-IJJEG,Month-to-month,14,50.2,No,0.42077335502850693,Medium
7124-UGSUR,One year,61,104.4,Yes,0.4205158877200509,Medium
5325-UWTWJ,Month-to-month,31,90.55,No,0.4204678510177495,Medium
2709-UQGNP,Month-to-month,10,51.65,No,0.42042448536204424,Medium
7409-JURKQ,One year,53,111.8,No,0.41996003424822814,Medium
7821-DPRQE,Month-to-month,68,107.7,No,0.419721867180849,Medium
3566-VVORZ,Month-to-month,12,45.9,No,0.4196110241719718,Medium
2995-UPRYS,One year,40,99.2,Yes,0.41932142609923295,Medium
5285-MVEHD,One year,56,105.6,No,0.41862654839748503,Medium
9972-VAFJJ,One year,53,94.0,No,0.41857078993367103,Medium
0516-OOHAR,One year,28,100.35,No,0.418515796194807,Medium
3092-IGHWF,One year,67,87.4,Yes,0.41847221160208503,Medium
6647-ZEDXT,One year,30,110.45,No,0.41788311399786066,Medium
6202-DYYFX,One year,22,76.0,No,0.4178487345136277,Medium
2087-QAREY,Month-to-month,22,54.7,No,0.4175816081590507,Medium
1357-MVDOZ,Month-to-month,11,59.65,No,0.4175797619491472,Medium
2911-UREFD,Month-to-month,39,55.9,Yes,0.4175759079509998,Medium
8547-NSBBO,Month-to-month,35,96.75,No,0.4175612620851106,Medium
7410-KTVFV,Month-to-month,18,49.55,Yes,0.4169900542385692,Medium
0193-ESZXP,One year,58,105.5,Yes,0.41698920930104627,Medium
6421-SZVEM,One year,28,82.85,No,0.4164434927801868,Medium
9659-ZTWSM,One year,66,107.35,No,0.4164281758541415,Medium
9909-DFRJA,One year,26,95.85,No,0.41639931845311007,Medium
1629-DQQVB,Month-to-month,14,50.1,No,0.41573047530036644,Medium
3701-SFMUH,Month-to-month,7,69.7,No,0.41562022671666515,Medium
2778-OCLGR,Month-to-month,24,39.1,Yes,0.4156180200616758,Medium
3999-WRNGR,Month-to-month,60,49.75,No,0.4154634325831948,Medium
5968-XQIVE,One year,72,89.7,No,0.4154328703340467,Medium
5154-VEKBL,Month-to-month,9,58.5,Yes,0.4153944844228427,Medium
0130-SXOUN,Month-to-month,66,89.4,No,0.41538440720206043,Medium
1448-CYWKC,One year,58,105.2,No,0.41481154463657854,Medium
6507-DTJZV,Month-to-month,13,66.4,No,0.4146918744032646,Medium
4800-CZMPC,One year,48,103.25,Yes,0.41455149091378424,Medium
3639-XJHKQ,Month-to-month,19,60.6,No,0.41422898752173837,Medium
1074-AMIOH,Month-to-month,53,108.25,No,0.41407567969799197,Medium
8008-ESFLK,One year,53,110.5,No,0.41370487748283624,Medium
6713-OKOMC,Month-to-month,10,29.75,No,0.41348960445599675,Medium
2985-JUUBZ,Month-to-month,40,74.55,No,0.41341970547662965,Medium
4109-CYRBD,Month-to-month,29,51.6,No,0.4131589790793456,Medium
3410-MHHUM,One year,44,94.4,No,0.4130252729132933,Medium
4338-EYCER,Month-to-month,21,54.6,No,0.41280534114015877,Medium
9820-RMCQV,Month-to-month,11,48.55,Yes,0.412755777319092,Medium
7669-LCRSD,Month-to-month,12,56.3,No,0.412650054380186,Medium
2782-JEEBU,Month-to-month,21,36.0,No,0.41264645161853847,Medium
6345-ULYRW,One year,44,88.4,Yes,0.4125967915061642,Medium
0103-CSITQ,One year,57,109.4,No,0.4124633114577979,Medium
3104-OWCGK,One year,60,90.95,Yes,0.4123542090491914,Medium
9591-YVTEB,Month-to-month,55,44.85,No,0.4122941919450475,Medium
1091-SOZGA,One year,56,99.8,No,0.4120693543762281,Medium
5311-IHLEI,Month-to-month,12,50.95,No,0.4118308985899039,Medium
9391-YZEJW,One year,62,94.0,No,0.4114959579560043,Medium
4710-FDUIZ,One year,56,100.3,Yes,0.411188716049618,Medium
6214-EDAKZ,Month-to-month,22,55.15,Yes,0.41117386624444174,Medium
8597-CWYHH,One year,43,94.35,No,0.41113954279619647,Medium
1485-YDHMM,Month-to-month,52,93.25,No,0.41094666892068316,Medium
6029-CSMJE,Month-to-month,17,25.65,No,0.4108182655982542,Medium
7716-YTYHG,One year,48,82.05,Yes,0.4107310825428689,Medium
6469-MRVET,One year,1,20.2,No,0.41063465542084643,Medium
7241-AJHFS,Month-to-month,32,87.65,No,0.4105451605478325,Medium
7446-YPODE,Month-to-month,11,60.25,No,0.4103612045332137,Medium
4187-CINZD,One year,46,95.25,Yes,0.4101543820737035,Medium
4360-QRAVE,Month-to-month,37,36.65,No,0.4095403679681755,Medium
2259-OUUSZ,One year,7,35.5,No,0.40875079280091875,Medium
7989-VCQOH,Month-to-month,18,83.25,No,0.4086049916618346,Medium
4450-MDZFX,Month-to-month,60,74.35,No,0.4082839455660102,Medium
6994-FGRHH,One year,70,106.15,No,0.40825776653386797,Medium
8623-ULFNQ,Month-to-month,26,66.05,No,0.40822936338495663,Medium
4950-BDEUX,Month-to-month,35,49.2,No,0.4081001443618545,Medium
3982-DQLUS,Month-to-month,65,85.75,No,0.4074262659079409,Medium
2972-YDYUW,One year,57,94.7,No,0.4070844099799653,Medium
0701-TJSEF,Month-to-month,9,68.25,No,0.4070303756135406,Medium
6773-LQTVT,Month-to-month,29,35.65,No,0.40681466319629533,Medium
8111-BKVDS,Month-to-month,10,40.7,No,0.40588305534012553,Medium
5334-JLAXU,Month-to-month,60,94.1,No,0.40571188339426567,Medium
8495-LJDFO,Month-to-month,64,108.95,No,0.4053248190542367,Medium
6497-TILVL,Month-to-month,7,50.7,No,0.4053153564783266,Medium
5312-IRCFR,One year,64,92.85,No,0.4051948111020321,Medium
9489-UTFKA,Month-to-month,8,60.9,No,0.4050872343904856,Medium
5639-NTUPK,Month-to-month,13,52.1,No,0.40501320672441954,Medium
7879-CGSFV,One year,55,100.9,No,0.40487349496444985,Medium
6397-JNZZG,Month-to-month,43,55.55,Yes,0.40464441049126604,Medium
5298-GSTLM,One year,60,101.4,No,0.40462208203006383,Medium
9052-VKDUW,Month-to-month,65,109.4,No,0.4044993223426771,Medium
5056-FIMPT,One year,43,106.0,No,0.4042869936661505,Medium
2519-ERQOJ,Month-to-month,33,54.6,No,0.40424289614993936,Medium
9058-HRZSV,Month-to-month,65,94.4,No,0.4040952003119933,Medium
1867-TJHTS,Month-to-month,58,79.8,No,0.40398700731937304,Medium
0239-OXEXL,Month-to-month,46,84.25,No,0.403958603029036,Medium
0409-WTMPL,One year,58,110.65,No,0.4036724613312784,Medium
4580-TMHJU,Month-to-month,43,56.15,Yes,0.4035255395228129,Medium
6341-AEVKX,One year,62,104.3,No,0.4029868006360242,Medium
9314-QDMDW,One year,11,61.25,No,0.4024051268007233,Medium
0048-LUMLS,One year,37,91.2,No,0.4022379526657833,Medium
4132-POCZS,Month-to-month,52,39.9,No,0.40185200955708744,Medium
3195-TQDZX,Month-to-month,3,20.25,No,0.40156711839301024,Medium
2272-JKMSI,One year,62,110.8,No,0.40149677035040743,Medium
2284-VFLKH,One year,49,99.25,No,0.40134583746810953,Medium
8495-PRWFH,Month-to-month,42,55.65,No,0.4013010811262502,Medium
4177-JPDFU,Month-to-month,12,34.0,No,0.4010647937293971,Medium
3016-KSVCP,Month-to-month,29,33.75,No,0.4009847349605477,Medium
0931-MHTEM,One year,54,100.05,No,0.40074159869948306,Medium
7285-KLOTR,One year,12,78.85,No,0.4006734994826766,Medium
8799-OXZMD,Month-to-month,28,29.75,No,0.4004755462570207,Medium
1410-RSCMR,Month-to-month,7,71.35,No,0.40008783766253087,Medium
4075-JFPGR,One year,51,93.5,No,0.4000494775102247,Medium
3858-XHYJO,One year,40,105.75,No,0.3999836861361423,Medium
7797-EJMDP,Month-to-month,8,66.05,No,0.39973679590719696,Medium
2446-ZKVAF,Month-to-month,18,56.8,No,0.39957967430347396,Medium
9974-JFBHQ,Month-to-month,64,99.15,No,0.3993201191991483,Medium
0268-QKIWO,Month-to-month,3,19.75,Yes,0.39928455598791546,Medium
2792-VPPET,Month-to-month,3,20.5,No,0.3992298820686634,Medium
7632-MNYOY,One year,66,110.9,Yes,0.39877565231802975,Medium
2832-SCUCO,Month-to-month,2,19.9,No,0.3986029637553235,Medium
0550-DCXLH,Month-to-month,13,73.35,No,0.39849879946867106,Medium
5366-OBVMR,Month-to-month,18,50.3,No,0.3984747364780715,Medium
0956-ACVZC,One year,54,94.1,No,0.39801195324191707,Medium
9844-FELAJ,One year,70,107.9,No,0.3980032736608519,Medium
1585-MQSSU,Month-to-month,17,51.5,Yes,0.39771453334629797,Medium
8198-RKSZG,Month-to-month,14,80.45,No,0.39769961074112525,Medium
1794-SWWKL,Month-to-month,15,59.65,No,0.3974199926148751,Medium
1135-HIORI,One year,64,111.45,No,0.3972138568272243,Medium
4567-AKPIA,One year,41,109.1,No,0.39709025957136695,Medium
2533-TIBIX,Month-to-month,15,30.2,No,0.3970270812279805,Medium
6137-MFAJN,Month-to-month,48,44.8,No,0.3966655440046121,Medium
9795-VOWON,One year,7,24.35,No,0.396521239284023,Medium
5897-ZYEKH,One year,67,105.6,No,0.3964642322478293,Medium
2229-VWQJH,Month-to-month,24,49.3,No,0.39643742856855174,Medium
6067-NGCEU,Month-to-month,65,111.05,No,0.39634912778983294,Medium
4402-FTBXC,Month-to-month,54,89.8,No,0.39629083998997433,Medium
3199-NPKCN,One year,67,111.25,No,0.39626477297537527,Medium
5180-UCIIQ,Month-to-month,22,40.05,Yes,0.39621020621273867,Medium
0369-ZGOVK,One year,28,70.4,No,0.3960787107183729,Medium
5945-AZYHT,One year,71,109.6,No,0.3960713029129137,Medium
3345-JHUEO,Month-to-month,4,20.2,No,0.39562085941771474,Medium
2969-WGHQO,One year,7,69.45,No,0.3954697626424224,Medium
8980-WQFWL,Month-to-month,35,62.1,No,0.39535058017487795,Medium
2165-VOEGB,One year,46,105.2,Yes,0.3952618137796242,Medium
3097-PYWXL,Month-to-month,4,19.95,No,0.394794908655419,Medium
5140-FOMCQ,One year,59,109.15,No,0.3947910108536913,Medium
9099-FTUHS,Month-to-month,23,54.4,No,0.3945214280733071,Medium
1061-PNTHC,Month-to-month,56,109.6,No,0.39419970167211066,Medium
6429-SHBCB,Month-to-month,19,69.6,No,0.3940974738564017,Medium
4450-YOOHP,Month-to-month,39,50.65,No,0.3939667277375074,Medium
3179-GBRWV,Month-to-month,21,64.95,No,0.3938459037941511,Medium
1853-ARAAQ,Month-to-month,26,50.35,No,0.3938268421804261,Medium
7136-RVDTZ,One year,70,45.25,Yes,0.39369307400981113,Medium
0442-ZXKVS,One year,54,115.6,No,0.3933012534294838,Medium
9828-QHFBK,Month-to-month,24,51.15,No,0.3932609920167419,Medium
4525-VZCZG,One year,54,105.85,No,0.3932327951682608,Medium
4323-OHFOW,One year,70,105.55,No,0.3931829388409006,Medium
3128-YOVTD,Month-to-month,51,79.15,No,0.39310615529409865,Medium
8259-NFJTV,Month-to-month,7,34.65,No,0.3930161056482562,Medium
9137-NOQKA,Month-to-month,2,19.2,No,0.3923797771431143,Medium
8878-RYUKI,Month-to-month,52,59.45,No,0.39236446796859176,Medium
8671-KKKOS,Month-to-month,46,45.55,No,0.39233344803141884,Medium
0822-QGCXA,Month-to-month,27,83.85,No,0.3918647164054652,Medium
6576-FBXOJ,One year,17,54.6,No,0.391855188064177,Medium
3948-FVVRP,Month-to-month,9,54.8,No,0.39181597652046674,Medium
9738-QLWTP,One year,39,81.9,No,0.39167336429170907,Medium
3230-WYKIR,One year,18,82.0,Yes,0.3915770390109513,Medium
0308-GIQJT,One year,71,105.75,No,0.3915413834522476,Medium
4710-NKCAW,Month-to-month,5,64.4,No,0.39132841268516894,Medium
8627-EHGIP,One year,44,53.95,Yes,0.3910554877891829,Medium
0719-SYFRB,Month-to-month,12,61.65,Yes,0.39102943024241504,Medium
0961-ZWLVI,One year,49,109.2,No,0.39089548223991927,Medium
4816-OKWNX,One year,50,103.4,No,0.3908920189507718,Medium
8091-TTVAX,One year,58,100.35,No,0.39066920324940285,Medium
5206-XZZQI,Month-to-month,53,80.6,No,0.3904694686147719,Medium
5708-EVONK,Month-to-month,58,93.4,Yes,0.39043096295101054,Medium
3570-YUEKJ,Month-to-month,42,49.55,No,0.3904309287264058,Medium
2586-CWXVV,Month-to-month,54,30.4,No,0.3904124244001348,Medium
5202-IVJNU,Month-to-month,39,30.1,Yes,0.39038095499381703,Medium
6008-NAIXK,One year,54,55.45,No,0.39011618471050835,Medium
2896-TBNBE,One year,40,80.8,No,0.39010590261393846,Medium
3521-MNKLV,Month-to-month,24,49.7,No,0.3900192592663894,Medium
0191-ZHSKZ,Month-to-month,30,74.75,No,0.38990183404350137,Medium
1051-GEJLJ,Month-to-month,2,19.5,No,0.38981090293186355,Medium
4396-KLSEH,Month-to-month,4,19.85,No,0.3896858131130732,Medium
9079-LWTFD,Month-to-month,47,100.75,No,0.389642291345843,Medium
5966-EMAZU,One year,64,108.5,No,0.3895979671964534,Medium
9138-EFSMO,One year,26,78.95,No,0.3892811212896931,Medium
0330-BGYZE,One year,60,102.5,No,0.3891807191425218,Medium
4194-WHFCB,Month-to-month,59,96.65,No,0.3891621504667436,Medium
4250-WAROZ,Month-to-month,60,93.25,No,0.38885775899146036,Medium
3640-JQGJG,Month-to-month,13,44.8,No,0.3888015763218858,Medium
3736-BLEPA,One year,28,91.25,No,0.38815476572200913,Medium
0595-ITUDF,Month-to-month,64,91.8,No,0.38792263959186957,Medium
9373-WSLOY,Month-to-month,33,50.0,No,0.387905774114711,Medium
7016-NVRIC,One year,29,90.1,No,0.3877955549570883,Medium
3466-BYAVD,Month-to-month,15,69.5,No,0.3875813924147965,Medium
8433-WPJTV,One year,65,103.9,No,0.3874782097674493,Medium
8050-WYBND,One year,22,49.45,No,0.38726354405786867,Medium
7721-JXEAW,Month-to-month,59,41.05,Yes,0.3870116423578147,Medium
8735-DCXNF,Month-to-month,10,54.95,No,0.38692585033908355,Medium
2898-MRKPI,One year,68,101.05,No,0.3868793825644408,Medium
9475-NNDGC,One year,71,113.15,No,0.38687391139420363,Medium
4374-YMUSQ,One year,34,116.25,No,0.38683395897403733,Medium
5423-BHIXO,Month-to-month,32,54.2,No,0.3867499332469566,Medium
3253-HKOKL,One year,52,100.3,No,0.3867161679712505,Medium
8148-BPLZQ,Month-to-month,34,49.8,No,0.3866754958563004,Medium
6942-LBFDP,Month-to-month,2,20.55,No,0.3866500241948181,Medium
6333-YDVLT,One year,65,110.0,No,0.3866121651385133,Medium
5014-WUQMG,One year,47,96.1,No,0.3866050805025607,Medium
9033-EOXWV,One year,12,74.05,Yes,0.38642553972011146,Medium
0883-EIBTI,Month-to-month,2,19.5,Yes,0.3861357653292717,Medium
4190-MFLUW,Month-to-month,10,55.2,Yes,0.38610670309120815,Medium
6620-JDYNW,Month-to-month,18,60.6,No,0.3856918616075929,Medium
2843-CQMEG,Month-to-month,24,49.7,No,0.3856872873853171,Medium
0206-TBWLC,One year,54,114.65,No,0.3855282279145683,Medium
3982-XWFZQ,Month-to-month,42,50.25,Yes,0.38545616250314213,Medium
4693-VWVBO,Month-to-month,3,19.55,No,0.38505240302955235,Medium
5827-MWCZK,Month-to-month,56,96.95,No,0.38470027607040136,Medium
8190-ZTQFB,One year,41,51.35,No,0.38468420787722146,Medium
7078-NVFAM,Month-to-month,32,35.15,No,0.38466381647407294,Medium
0479-HMSWA,Two year,26,105.45,No,0.38457058305493613,Medium
3744-ZBHON,Month-to-month,3,20.2,No,0.38453458000058965,Medium
6480-YAGIY,One year,45,112.2,No,0.3844900826286147,Medium
4476-OSWTN,One year,69,110.55,No,0.3843069594824463,Medium
7776-QWNFX,Month-to-month,30,50.4,Yes,0.3840043908547497,Medium
2402-TAIRZ,One year,37,80.05,No,0.38391766397276633,Medium
4472-VESGY,Month-to-month,52,98.15,No,0.3838877676103444,Medium
1297-VQDRP,One year,68,107.15,No,0.38379876225437226,Medium
1110-KYLGQ,Month-to-month,63,108.25,No,0.38362678780872245,Medium
1480-IVEVR,One year,35,81.6,No,0.38356721554291745,Medium
6383-ZTSIW,One year,39,99.1,No,0.38331809148154344,Medium
0750-EBAIU,One year,52,91.25,No,0.38302385297589947,Medium
5734-EJKXG,One year,61,118.6,No,0.3827876987092629,Medium
1447-PJGGA,Two year,57,95.25,Yes,0.3827455193615682,Medium
7074-STDCN,Month-to-month,39,40.6,No,0.3825277456461802,Medium
8999-XXGNS,One year,72,105.75,No,0.3824279747219494,Medium
8082-GHXOP,Month-to-month,13,44.0,No,0.38235898729650375,Medium
6097-EQISJ,One year,66,102.45,Yes,0.38235005056697585,Medium
6439-LAJXL,Month-to-month,9,68.95,No,0.3823238693388839,Medium
8201-AAXCB,Month-to-month,25,60.35,No,0.3821005119169306,Medium
2923-ARZLG,One year,0,19.7,No,0.3820396431520408,Medium
4310-KEDTB,Month-to-month,26,29.8,No,0.38191966522883986,Medium
9571-EDEBV,One year,71,98.65,No,0.38186242436263207,Medium
6563-VNPMN,Month-to-month,45,85.7,No,0.3809264412147307,Medium
7041-TXQJH,Month-to-month,37,40.2,No,0.3809125974066836,Medium
4524-QCSSM,Month-to-month,26,44.65,No,0.3807585955733235,Medium
4908-XAXAY,One year,49,89.85,No,0.38074125381515816,Medium
8268-YDIXR,One year,56,93.15,No,0.38068172426552316,Medium
9139-WQQDY,One year,49,100.45,Yes,0.38031638950702207,Medium
5176-LDKUH,One year,48,75.15,No,0.38023428289202554,Medium
5469-CTCWN,One year,61,106.0,Yes,0.3801427724318373,Medium
8930-XOTDP,Month-to-month,18,55.95,No,0.3801278913303135,Medium
4987-GQWPO,Month-to-month,17,25.1,No,0.3798689771916412,Medium
3468-DRVQJ,One year,10,70.3,No,0.37980539184831796,Medium
1202-KKGFU,Month-to-month,12,54.2,No,0.37938698774824653,Medium
5481-NTDOH,One year,67,107.05,No,0.37918306836153304,Medium
5748-RNCJT,Two year,69,106.5,Yes,0.3789994728153411,Medium
0786-IVLAW,One year,66,108.1,No,0.378354893313211,Medium
5590-ZSKRV,Month-to-month,8,54.65,No,0.3783043387764853,Medium
7622-NXQZR,Month-to-month,28,30.1,No,0.3778768824997472,Medium
4195-SMMNX,Month-to-month,2,20.35,Yes,0.3776747888024935,Medium
3339-EAQNV,One year,72,97.25,No,0.3773603294071762,Medium
6723-WSNTY,One year,66,108.1,No,0.3772278600794157,Medium
7619-ODSGN,Month-to-month,24,54.75,Yes,0.37713516348990145,Medium
2796-UUZZO,Month-to-month,63,80.3,No,0.37712797761715017,Medium
9746-MDMBK,One year,47,113.45,No,0.37701761583096943,Medium
9036-CSKBW,One year,51,107.45,No,0.3770135093662551,Medium
2270-CHBFN,Month-to-month,44,95.1,No,0.3769111276777812,Medium
4016-BJKTZ,Two year,25,108.9,No,0.3769077024631465,Medium
3164-YAXFY,Month-to-month,57,53.75,No,0.3766819548478785,Medium
0274-JKUJR,Month-to-month,7,58.85,No,0.3766416518929168,Medium
3097-IDVPU,Month-to-month,19,50.1,No,0.3765196130562473,Medium
6583-SZVGP,Two year,48,108.1,No,0.3761505160138036,Medium
1545-ACTAS,One year,48,99.7,No,0.37607703544750076,Medium
7919-ZODZZ,One year,10,65.9,No,0.37584609516377626,Medium
2458-EOMRE,Month-to-month,11,64.05,No,0.3757991717738225,Medium
5740-YHGTW,Month-to-month,70,97.55,No,0.37571076985999874,Medium
1591-MQJTP,One year,51,93.65,No,0.3755090511696897,Medium
1360-XFJMR,One year,67,109.7,No,0.3752046150126874,Medium
0523-VNGTF,Month-to-month,52,50.5,No,0.3751900081586172,Medium
3865-ZYKAD,Month-to-month,69,84.9,No,0.3750870254751671,Medium
0774-IFUVM,Month-to-month,11,65.15,No,0.3749469653472385,Medium
5811-IWXYM,One year,52,101.25,No,0.3747046368239689,Medium
6655-LHBYW,One year,50,114.35,No,0.3746902128400601,Medium
9896-UYMIE,One year,66,114.3,No,0.3743486134007549,Medium
0471-LVHGK,One year,41,73.0,Yes,0.37419049030586515,Medium
0953-LGOVU,Month-to-month,12,35.5,No,0.3741325824030679,Medium
6837-HAEVO,Two year,69,105.0,No,0.37391351315781785,Medium
1229-RCALF,One year,64,115.0,No,0.373828422311521,Medium
6128-DAFVY,Month-to-month,56,44.85,No,0.37360622807643507,Medium
2346-DJQTB,Month-to-month,35,24.15,No,0.37348355366848796,Medium
2250-IVBWA,Month-to-month,64,81.05,No,0.3733967546349745,Medium
6469-QJKZW,Month-to-month,4,20.15,No,0.3733097187003611,Medium
7016-BPGEU,Month-to-month,29,25.1,Yes,0.3732483706138513,Medium
9862-KJTYK,Month-to-month,19,25.35,No,0.3732102018288797,Medium
7824-PANSQ,Month-to-month,58,80.65,No,0.3731313259932343,Medium
5066-GFJMM,Month-to-month,3,19.9,No,0.37279104339916397,Medium
0939-EREMR,Month-to-month,13,53.45,No,0.3725896990436105,Medium
8263-OKETD,Month-to-month,20,68.9,No,0.3724282917532598,Medium
0872-JCPIB,Month-to-month,17,65.75,No,0.37234613435666125,Medium
8049-WJCLQ,Month-to-month,10,60.2,No,0.3723455553012773,Medium
8849-GYOKR,One year,54,106.55,Yes,0.3721095371634394,Medium
5949-HGVJL,Month-to-month,26,73.05,No,0.3719351882160463,Medium
7382-DFJTU,Month-to-month,18,55.2,No,0.3717977403174192,Medium
7750-EYXWZ,One year,12,60.65,No,0.37149613295012895,Medium
4316-XCSLJ,Month-to-month,17,50.3,No,0.371446356523006,Medium
7109-MFBYV,Month-to-month,26,45.45,No,0.37143009441634794,Medium
6198-PNNSZ,One year,56,109.8,No,0.37141523913547053,Medium
2239-CFOUJ,One year,1,20.4,No,0.37125995840632026,Medium
7883-ROJOC,Month-to-month,19,44.9,No,0.3710510501615859,Medium
3948-XHGNA,Month-to-month,24,49.55,Yes,0.3710172711750616,Medium
7856-GANIL,One year,45,98.7,No,0.37097382476931123,Medium
0580-PIQHM,One year,41,101.6,No,0.370612443835083,Medium
2599-CZABP,One year,14,44.6,No,0.37049281697332387,Medium
7811-JIVPF,Month-to-month,23,49.7,No,0.37044199562658603,Medium
3780-DDGSE,Month-to-month,35,76.05,No,0.37033527989277326,Medium
6465-GSRCL,One year,67,106.6,No,0.3698939863446478,Medium
8199-ZLLSA,One year,67,118.35,Yes,0.3698362888988425,Medium
7143-BQIBA,Month-to-month,10,62.25,No,0.3696923660608764,Medium
5995-OIGLP,Month-to-month,12,56.65,Yes,0.3696830673194871,Medium
0748-RDGGM,One year,70,109.5,Yes,0.3696085102451755,Medium
1707-HABPF,One year,46,91.3,No,0.3694808754750019,Medium
1322-AGOQM,Month-to-month,46,30.3,Yes,0.36942399766242334,Medium
9565-JSNFM,One year,38,70.45,Yes,0.36930684928463675,Medium
6797-UCJHZ,One year,66,104.6,No,0.36916672646149545,Medium
1347-KTTTA,One year,64,102.45,No,0.36912985949269317,Medium
9978-HYCIN,One year,47,84.95,No,0.36903052902336186,Medium
7989-AWGEH,Month-to-month,49,39.2,No,0.3688064027136536,Medium
4283-IVYCI,Month-to-month,9,64.95,No,0.3686806311736528,Medium
6906-MPARY,One year,40,89.6,No,0.36859625530443085,Medium
5533-RJFTJ,Month-to-month,49,30.2,No,0.36848594232382237,Medium
9501-UKKNL,Month-to-month,59,51.7,No,0.3681890077010246,Medium
6705-LNMDD,Month-to-month,20,50.0,No,0.367917385264211,Medium
4083-BFNYK,One year,38,95.0,No,0.36765349121127033,Medium
9700-ZCLOT,Month-to-month,2,20.0,No,0.3675191091553084,Medium
1732-FEKLD,One year,54,94.75,No,0.3674191041022747,Medium
1710-RCXUS,One year,51,90.35,No,0.36710766617349316,Medium
9496-IVVRP,Month-to-month,11,51.0,No,0.3668319728807175,Medium
6959-GQEGV,Month-to-month,45,75.95,No,0.3664320000104997,Medium
1573-LGXBA,One year,57,97.55,No,0.36642516384842955,Medium
4676-MQUEA,One year,50,101.9,No,0.3663746097056254,Medium
9881-VCZEP,Month-to-month,25,54.1,No,0.36636648970129465,Medium
7663-ZTEGJ,One year,29,100.55,No,0.3661279915193068,Medium
5376-PCKNB,One year,72,104.45,No,0.36611339372869584,Medium
5136-RGMZO,Month-to-month,31,71.05,No,0.3660882532231241,Medium
2748-MYRVK,One year,63,99.9,Yes,0.3657416161559237,Medium
9114-VEPUF,One year,62,96.1,No,0.3656606870154111,Medium
4160-AMJTL,Month-to-month,8,19.65,Yes,0.36552667664089794,Medium
0871-OPBXW,Month-to-month,2,20.05,No,0.365401836509876,Medium
3316-UWXUY,Month-to-month,50,93.5,No,0.36526246080205477,Medium
1810-BOHSY,One year,51,96.4,No,0.3648501184230751,Medium
3086-RUCRN,Month-to-month,66,103.1,No,0.36464260370980206,Medium
6804-GDMOI,Two year,61,106.6,Yes,0.3646179031035723,Medium
4986-MXSFP,Month-to-month,2,20.0,No,0.36446838599713927,Medium
3472-OAOOR,Month-to-month,19,34.95,No,0.3642598547365585,Medium
5027-YOCXN,One year,51,110.05,No,0.3642352298497659,Medium
3470-BTGQO,Month-to-month,21,45.65,No,0.3642207557475429,Medium
5223-UZAVK,One year,64,100.3,No,0.3640411814382819,Medium
3528-HFRIQ,Month-to-month,71,52.3,No,0.3639421933536598,Medium
8070-AAWZP,Month-to-month,24,34.25,No,0.3639339198554619,Medium
3256-EZDBI,Month-to-month,51,29.45,No,0.3638849120086577,Medium
5730-RIITO,Month-to-month,43,33.45,No,0.36372791055482084,Medium
1840-BIUOG,One year,20,68.7,No,0.3635177857255779,Medium
2692-AQCPF,One year,65,108.05,No,0.36351293629299614,Medium
3594-IVHJZ,Month-to-month,2,20.45,No,0.3634640286213233,Medium
3007-FDPEA,Month-to-month,2,20.7,No,0.36328802474112526,Medium
1116-DXXDF,Two year,39,100.45,No,0.36279788352441916,Medium
6344-SFJVH,Month-to-month,20,24.9,No,0.3626593727427056,Medium
3523-QRQLL,One year,22,69.5,Yes,0.3624929818006449,Medium
1360-RCYRT,Month-to-month,23,30.35,No,0.3623880159271473,Medium
0308-IVGOK,One year,11,40.4,No,0.3623088895046514,Medium
6614-VBEGU,Month-to-month,24,69.45,No,0.362303683251137,Medium
9391-DXGGG,One year,44,89.15,No,0.36227671791590654,Medium
3680-CTHUH,One year,60,116.6,No,0.361953679120377,Medium
2379-GYFLQ,One year,46,94.9,No,0.3619496480124816,Medium
8402-EIVQS,One year,67,100.9,No,0.36191597336189474,Medium
6281-FKEWS,One year,44,49.05,No,0.36184236320371144,Medium
8905-IAZPF,One year,69,95.65,No,0.361315732259278,Medium
7395-XWZOY,Month-to-month,20,55.0,No,0.36123824543666744,Medium
6207-WIOLX,Month-to-month,25,58.6,Yes,0.3612316914318901,Medium
3723-BFBGR,Month-to-month,24,54.8,No,0.36108411781582683,Medium
8706-HRADD,Month-to-month,21,43.55,No,0.3609507244127933,Medium
6994-ORCWG,One year,14,54.25,No,0.36075155799587694,Medium
4544-RXFMG,One year,8,43.45,No,0.3607449118949796,Medium
3285-UCQVC,Month-to-month,37,28.6,Yes,0.36068030155963104,Medium
6733-LRIZX,Two year,35,108.95,No,0.360614567271279,Medium
7343-EOBEU,Month-to-month,3,23.6,No,0.3604037103014493,Medium
1950-KSVVJ,One year,45,113.3,No,0.3599593437308611,Medium
5168-MQQCA,One year,72,108.5,No,0.3599547295188443,Medium
6184-DYUOB,Month-to-month,3,19.6,No,0.35995048540574237,Medium
3301-LSLWQ,Month-to-month,29,66.1,No,0.3598827102045527,Medium
0516-UXRMT,One year,62,92.05,No,0.3592127474609161,Medium
6476-YHMGA,Month-to-month,15,76.5,No,0.3592119856258159,Medium
1265-XTECC,One year,68,96.55,Yes,0.3590496868574164,Medium
6158-DWPZT,One year,9,24.1,Yes,0.3589841577047167,Medium
3307-TLCUD,Month-to-month,17,34.4,No,0.3589658072951917,Medium
4929-ROART,Month-to-month,18,56.25,No,0.3589308301655264,Medium
4291-HYEBC,One year,28,39.1,No,0.3586863302147674,Medium
7607-QKKTJ,One year,45,95.0,No,0.35850236136341884,Medium
6749-UTDVX,Two year,72,103.65,No,0.35840067953209875,Medium
5678-VFNEQ,One year,71,104.1,No,0.358344294890732,Medium
5593-SUAOO,One year,24,83.15,No,0.35822815060106117,Medium
4501-VCPFK,Month-to-month,26,35.75,No,0.3581947869862846,Medium
6839-ITVZJ,Month-to-month,26,60.05,Yes,0.3578636010228969,Medium
3633-CDBUW,One year,17,80.85,No,0.3578511298587451,Medium
4712-AUQZO,Month-to-month,18,33.6,No,0.35784228801364926,Medium
3893-JRNFS,Month-to-month,68,39.9,No,0.3578261992974484,Medium
4282-MSACW,One year,68,117.2,No,0.3575936666526683,Medium
5921-NGYRH,Month-to-month,64,73.55,No,0.357532183774448,Medium
6211-WHMYA,Month-to-month,64,43.85,No,0.3573569020918145,Medium
6302-JGYRJ,One year,31,79.45,Yes,0.35722863910260616,Medium
6227-FBDXH,One year,69,99.5,No,0.3569191599512014,Medium
4390-KYULV,Month-to-month,3,20.55,Yes,0.3567260752730355,Medium
2931-VUVJN,One year,59,94.05,No,0.35630702254060814,Medium
7909-FIOIY,Month-to-month,19,24.85,No,0.3562663865278505,Medium
1697-NVVGY,Month-to-month,19,66.4,No,0.356239918217076,Medium
4455-BFSPD,One year,61,101.15,No,0.35605241392949094,Medium
6366-XIVKZ,Month-to-month,13,63.15,No,0.35592451778226936,Medium
6345-HOVES,Month-to-month,34,25.05,No,0.3558436503658796,Medium
0568-ONFPC,Month-to-month,5,25.9,Yes,0.3554223930939316,Medium
3638-DIMPH,One year,13,43.8,No,0.3552801436972878,Medium
7614-QVWQL,One year,49,51.8,Yes,0.35512483138193085,Medium
2931-XIQBR,One year,50,103.05,No,0.35477132036064424,Medium
2303-PJYHN,Month-to-month,2,19.85,No,0.35437972850884353,Medium
8992-OBVDG,Month-to-month,21,61.65,No,0.35427873893457557,Medium
7718-UPSKJ,One year,69,106.4,No,0.35419026703948586,Medium
0297-RBCSG,One year,19,65.35,No,0.35392658350073897,Medium
0997-YTLNY,Month-to-month,19,48.8,No,0.35378430707348685,Medium
3863-IUBJR,One year,12,53.65,Yes,0.3535457579222897,Medium
7610-TVOPG,Month-to-month,15,26.35,No,0.3525316890201936,Medium
3428-MMGUB,Two year,60,89.55,No,0.35251190184938486,Medium
1768-HNVGJ,Month-to-month,45,70.05,No,0.3523762169683084,Medium
3606-SBKRY,One year,31,50.05,No,0.35223377595837996,Medium
8421-WZOOW,Month-to-month,57,95.3,No,0.35206163113556477,Medium
7636-XUHWW,Month-to-month,2,19.9,No,0.3518310376253586,Medium
8809-RIHDD,Two year,72,103.4,Yes,0.3517294532767797,Medium
2858-MOFSQ,One year,17,55.85,Yes,0.35157802267295435,Medium
2851-STERV,One year,35,73.0,No,0.35153130044304165,Medium
2640-LYMOV,Month-to-month,2,19.65,No,0.3513069715877092,Medium
6617-WLBQC,One year,23,81.85,No,0.35126818681319644,Medium
6907-CQGPN,Month-to-month,29,34.3,No,0.35120145818482246,Medium
6261-LHRTG,Month-to-month,26,54.75,No,0.3510080105419086,Medium
5337-IIWKZ,Month-to-month,34,44.85,No,0.35093382881041857,Medium
8216-AZUUZ,Two year,42,100.4,No,0.35092034093401403,Medium
4510-PYUSH,Month-to-month,38,57.15,Yes,0.3506611292736762,Medium
8769-KKTPH,One year,63,99.65,No,0.3505476446064528,Medium
1142-IHLOO,One year,51,87.55,No,0.3504730650687301,Medium
6322-PJJDJ,Two year,49,94.8,No,0.35015170729970396,Medium
7017-VFULY,Month-to-month,2,20.1,No,0.35010827217521895,Medium
8849-PRIQJ,One year,67,109.4,No,0.3500969723493155,Medium
0002-ORFBO,One year,9,65.6,No,0.3499909518588203,Medium
5294-IMHHT,One year,53,97.75,No,0.34994513684213224,Medium
3786-WOVKF,One year,72,106.85,No,0.3496282360386482,Medium
2659-VXMWZ,One year,67,111.3,Yes,0.3495746397351884,Medium
4819-HJPIW,Month-to-month,18,25.15,No,0.3494710867830215,Medium
5562-BETPV,One year,1,19.65,No,0.3489427404258816,Medium
3758-CKOQL,One year,59,107.0,No,0.34880299618543764,Medium
2234-XADUH,One year,72,103.2,No,0.34814592735572875,Medium
4765-OXPPD,Month-to-month,9,65.0,Yes,0.34814184206018317,Medium
7674-YTAFD,One year,33,79.95,No,0.3479503144376078,Medium
0036-IHMOT,One year,55,103.7,No,0.34778020853211666,Medium
1395-OFUWC,Month-to-month,43,29.3,No,0.34764107562344965,Medium
1449-XQEMT,Month-to-month,3,19.8,Yes,0.3476354140686412,Medium
4945-RVMTE,Month-to-month,28,59.55,No,0.3474513349568996,Medium
5445-PZWGX,One year,62,102.0,Yes,0.3472804665768376,Medium
4683-WYDOU,Two year,62,107.6,No,0.34717097112654727,Medium
7629-WFGLW,One year,56,95.65,No,0.34706141080550956,Medium
7572-KPVKK,Two year,62,104.05,No,0.34687996511268226,Medium
5951-AOFIH,Month-to-month,33,66.4,No,0.34676062013693143,Medium
5084-OOVCJ,Month-to-month,17,55.35,No,0.3467576746329424,Medium
7123-WQUHX,One year,38,95.0,No,0.3463838876875795,Medium
9115-YQHGA,Month-to-month,40,51.1,No,0.34616751507481797,Medium
7163-OCEQI,One year,22,78.65,No,0.34588475584190814,Medium
0186-CAERR,One year,71,116.3,No,0.34588155309903174,Medium
4576-CSAJH,One year,22,55.15,Yes,0.34586030736200246,Medium
1134-YWTYF,Month-to-month,27,53.8,No,0.3458365478520221,Medium
7746-AWNQW,Month-to-month,28,35.75,No,0.3456114508999293,Medium
1428-IEDPR,Two year,52,109.3,No,0.34558137650986454,Medium
9774-NRNAU,Month-to-month,27,84.8,No,0.34557231692094714,Medium
1958-RNRKS,Month-to-month,30,49.9,No,0.34548013611240336,Medium
2001-MCUUW,Two year,46,108.65,No,0.34539208929389054,Medium
5566-SOEZD,One year,27,80.65,No,0.34529431594689675,Medium
0440-UEDAI,One year,53,94.45,No,0.3450871732502389,Medium
6475-VHUIZ,Month-to-month,23,54.25,No,0.34480215220309757,Medium
0678-RLHVP,Two year,53,105.55,No,0.3447330076192532,Medium
4833-QTJNO,Month-to-month,67,83.85,No,0.3446843007141514,Medium
8713-IGZSO,Month-to-month,2,24.85,No,0.3442240159022981,Medium
0820-FNRNX,Month-to-month,17,66.7,No,0.3441826958295779,Medium
8894-JVDCV,One year,62,115.05,No,0.34397796595510743,Medium
9763-GRSKD,Month-to-month,13,49.95,No,0.3433366755144399,Medium
5985-BEHZK,One year,72,105.0,No,0.34330449882469366,Medium
0487-RPVUM,Month-to-month,61,99.4,No,0.34324680303260247,Medium
5624-RYAMH,Month-to-month,9,19.5,No,0.3429962202174389,Medium
4700-UBQMV,One year,21,75.9,No,0.34229045099653455,Medium
7740-KKCXF,Month-to-month,51,30.05,No,0.34218497948806587,Medium
3642-GKTCT,One year,61,115.1,No,0.3418472217412118,Medium
6131-FOYAS,Month-to-month,35,59.6,No,0.3416506834875459,Medium
8079-XRJRS,One year,65,89.75,Yes,0.3412641227740322,Medium
5473-KHBPS,One year,52,95.7,No,0.341190194955628,Medium
0623-EJQEG,One year,65,93.55,No,0.34111720227437864,Medium
3070-BDOQC,Two year,60,99.65,No,0.34104012314472215,Medium
2294-SALNE,One year,23,86.8,No,0.3408518825643056,Medium
9986-BONCE,Month-to-month,4,20.95,Yes,0.3408270392967737,Medium
7872-RDDLZ,Month-to-month,67,54.9,No,0.3405347195667859,Medium
8133-ANHHJ,One year,49,103.0,No,0.340432700665203,Medium
7088-FBAWU,Month-to-month,17,74.55,No,0.34023903818544676,Medium
9863-JZAIC,Month-to-month,35,55.0,Yes,0.33963648237194294,Medium
1064-FBXNK,One year,1,19.85,No,0.3394109216734419,Medium
5268-DSMNQ,One year,62,97.95,No,0.339358535831529,Medium
9938-EKRGF,Month-to-month,15,84.45,No,0.339167148715209,Medium
9391-LMANN,One year,53,95.95,No,0.3390219827019069,Medium
7666-WKRON,Two year,39,80.45,Yes,0.33896550585458757,Medium
0222-CNVPT,Month-to-month,52,48.8,No,0.3387189153346854,Medium
4075-WKNIU,Two year,0,73.35,No,0.33870444441825465,Medium
4495-LHSSK,Month-to-month,18,57.65,No,0.33857829649468735,Medium
1087-UDSIH,Month-to-month,3,19.6,Yes,0.3385734238112767,Medium
2045-BMBTJ,Month-to-month,33,59.45,No,0.3383892917896514,Medium
1925-LFCZZ,One year,55,50.05,No,0.33824074625993317,Medium
9342-VNIMQ,Month-to-month,33,54.65,No,0.3381400646746815,Medium
3059-NGMXB,Month-to-month,14,69.2,No,0.3380893942374066,Medium
7541-YLXCL,One year,36,65.4,Yes,0.33774130666179325,Medium
1153-GNOLC,One year,33,39.1,No,0.33766667970050385,Medium
3413-CSSTH,Month-to-month,41,55.7,No,0.3375651054826553,Medium
4826-DXMUP,One year,35,72.1,No,0.33741427524813417,Medium
5149-CUZUJ,One year,28,92.9,No,0.3371915331166889,Medium
2320-SLKMB,Month-to-month,26,44.45,No,0.33694806658652027,Medium
4418-LZMSV,Month-to-month,13,61.8,No,0.3367095501618863,Medium
8474-UMLNT,Month-to-month,13,67.8,No,0.33670443545607187,Medium
9040-KZVWO,One year,26,75.5,No,0.3365243272645426,Medium
2393-DIVAI,Month-to-month,3,20.0,No,0.3358116564705714,Medium
5448-VWNAM,Month-to-month,19,75.9,No,0.3354663308300407,Medium
7228-PAQPD,One year,14,59.1,No,0.33533867358998926,Medium
0795-GMVQO,One year,67,109.9,No,0.33520712147041615,Medium
5619-PTMIK,Month-to-month,46,53.1,No,0.3350859052228175,Medium
5996-NRVXR,One year,40,98.15,No,0.33507902642675547,Medium
5760-WRAHC,Month-to-month,22,69.75,No,0.3350708384389431,Medium
6890-PFRQX,Month-to-month,18,69.5,No,0.33495791522133106,Medium
1304-SEGFY,Two year,72,97.85,No,0.3349445117360272,Medium
1017-FBQMM,One year,62,106.05,No,0.33489614263307277,Medium
2967-MXRAV,One year,1,18.8,No,0.3346067822218579,Medium
6743-HHQPF,Month-to-month,42,25.1,No,0.334542120387591,Medium
1004-NOZNR,One year,56,94.8,No,0.3343781423285528,Medium
6481-OGDOO,One year,67,90.6,Yes,0.33412751008737035,Medium
0549-CYCQN,One year,51,79.6,No,0.33386923093243404,Medium
6791-YBNAK,Month-to-month,18,25.55,No,0.3336602390059288,Medium
9644-KVCNC,One year,66,92.15,No,0.33323837030519676,Medium
1346-PJWTK,Month-to-month,61,94.15,No,0.33307458031783066,Medium
4430-YHXGG,Month-to-month,4,25.45,No,0.3328357275316287,Medium
8565-HBFNN,One year,69,107.2,No,0.33280364536882245,Medium
2621-UDNLU,Month-to-month,3,20.85,No,0.3327115020396051,Medium
0665-XHDJU,Two year,72,99.4,No,0.3326393440369654,Medium
5197-PYEPU,One year,42,94.45,No,0.3326132776116518,Medium
4868-AADLV,One year,66,116.25,No,0.33256271833092854,Medium
5150-LJNSR,One year,31,98.05,No,0.33242643936272814,Medium
5081-NWSUP,One year,10,64.9,No,0.3323460225848409,Medium
3898-BSJYF,One year,10,73.55,No,0.33169646235470024,Medium
2371-KFUOG,One year,58,99.15,No,0.3316429612974132,Medium
8739-QOTTN,Month-to-month,2,20.35,No,0.331590468838345,Medium
7940-UQQUG,One year,64,104.4,No,0.3312359938794967,Medium
2794-XIMMO,One year,53,60.45,Yes,0.33090791888824794,Medium
7964-ZRKKG,One year,67,88.4,No,0.3307309418163154,Medium
3096-WPXBT,One year,61,100.7,No,0.3305543436303795,Medium
9578-FOMUK,Month-to-month,15,24.8,No,0.3304584821076937,Medium
2001-EWBQU,Two year,60,104.7,No,0.3304432113080727,Medium
6728-DKUCO,One year,72,104.15,No,0.3301546417787005,Medium
7049-GKVZY,One year,17,79.85,No,0.32965087951544714,Medium
0689-DSXGL,Month-to-month,52,85.8,No,0.3292839953055633,Medium
9839-ETQOE,Month-to-month,43,40.45,No,0.3292234101271102,Medium
2805-EDJPQ,One year,56,99.75,No,0.3291449363930668,Medium
3865-YIOTT,One year,72,106.1,No,0.32897272573730346,Medium
9480-BQJEI,One year,62,92.3,No,0.3288966669349271,Medium
0218-QNVAS,One year,71,100.55,No,0.32889517438130206,Medium
7808-DVWEP,Month-to-month,3,20.0,No,0.32887318167729584,Medium
3209-ZPKFI,Month-to-month,47,54.25,No,0.3284173982013998,Medium
3259-FDWOY,Two year,71,106.0,Yes,0.3280978567207314,Medium
9039-ZVJDC,Month-to-month,3,19.1,No,0.3279108946013154,Medium
4355-CVPVS,One year,56,88.9,No,0.3278298797159376,Medium
8033-ATFAS,Month-to-month,39,59.85,No,0.32782148121093324,Medium
0373-AIVNJ,One year,9,39.55,No,0.32770612859927034,Medium
9107-UKCKY,One year,61,79.8,No,0.327676772392362,Medium
3327-YBAKM,One year,64,96.9,No,0.3276587861519171,Medium
5756-JYOJT,One year,11,64.9,No,0.3274103605345758,Medium
2740-JFBOK,Month-to-month,10,24.0,No,0.32723957405574955,Medium
5440-FLBQG,Two year,69,108.4,Yes,0.32712340250077515,Medium
8317-BVKSO,Month-to-month,14,20.05,No,0.3269610814169208,Medium
1400-WIVLL,Two year,57,107.95,No,0.32696101000677913,Medium
8213-TAZPM,One year,69,108.75,No,0.32690485282863035,Medium
2889-FPWRM,One year,72,117.8,Yes,0.3268545682877755,Medium
2946-KIQSP,Month-to-month,35,33.45,No,0.3268346011305631,Medium
7869-ZYDST,Month-to-month,31,59.05,No,0.3268170950195318,Medium
6231-WFGFH,Month-to-month,4,20.5,No,0.32660270079288933,Medium
9143-CANJF,Month-to-month,24,55.15,No,0.32617469544183725,Medium
7803-XOCCZ,Month-to-month,52,84.05,No,0.3261744995831863,Medium
2266-SJNAT,One year,72,109.15,No,0.32616699190469833,Medium
9633-DENPU,Month-to-month,47,58.6,No,0.3261554092508123,Medium
5193-QLVZB,Two year,63,104.75,No,0.3254885259349153,Medium
2019-HDCZY,Two year,63,102.6,No,0.32545665379231464,Medium
6296-DDOOR,One year,19,58.2,No,0.3254162342557862,Medium
8220-OCUFY,One year,21,60.25,No,0.3253658863746128,Medium
8003-EWNDZ,Month-to-month,10,21.2,No,0.32530708885308685,Medium
0188-GWFLE,Month-to-month,2,20.05,No,0.3252440375525226,Medium
5240-CAOYT,Month-to-month,57,87.55,No,0.3251103588180006,Medium
3391-JSQEW,Month-to-month,40,50.15,No,0.3250206352239029,Medium
0463-WZZKO,Month-to-month,3,20.75,No,0.32501522041809777,Medium
5195-KPUNQ,One year,53,96.75,No,0.32497057454564754,Medium
8404-VLQFB,Month-to-month,15,25.25,No,0.32496054003531133,Medium
4776-XSKYQ,One year,12,30.25,No,0.3248990475303846,Medium
9128-CPXKI,Two year,59,95.8,No,0.32489477059761096,Medium
4274-DRSQT,One year,66,88.9,No,0.3247300353329542,Medium
6574-MCOEH,One year,33,79.15,No,0.3245162767473112,Medium
7595-EHCDL,Month-to-month,32,50.6,No,0.3240986095419219,Medium
6156-UZDLF,One year,26,87.15,No,0.32408554812527957,Medium
9013-AQORL,Month-to-month,48,45.55,No,0.3233711403998633,Medium
1104-FEJAM,Month-to-month,28,64.4,No,0.3232831429334899,Medium
2908-ZTPNF,Month-to-month,36,34.85,No,0.3232077170838266,Medium
6266-QHOJZ,One year,65,89.85,No,0.32289680882803506,Medium
4860-YZGZM,Month-to-month,10,20.0,No,0.32286392935104874,Medium
8910-ICHIU,One year,46,95.65,No,0.32277697454038057,Medium
3450-WXOAT,Month-to-month,46,45.2,No,0.32256713043644286,Medium
2040-OBMLJ,One year,31,81.7,No,0.32244609207837943,Medium
8314-DPQHL,One year,9,50.8,No,0.32240346275428733,Medium
9277-JOOMO,Month-to-month,3,24.6,No,0.3223778405991986,Medium
6289-CPNLD,One year,33,73.9,Yes,0.32237681814330654,Medium
5562-YJQGT,Month-to-month,2,20.35,No,0.32235466453665707,Medium
7080-TNUWP,One year,70,95.0,No,0.32228010011760655,Medium
7673-LPRNY,One year,23,78.55,No,0.32215096612185606,Medium
3407-QGWLG,Month-to-month,3,20.05,No,0.322045288469914,Medium
0112-QWPNC,One year,49,84.35,Yes,0.3220221415908125,Medium
1131-SUEKT,One year,61,98.45,No,0.3216659440413678,Medium
1543-LLLFT,One year,61,98.3,No,0.3215731313302168,Medium
2186-QZEYA,Month-to-month,29,58.55,No,0.32152163575630266,Medium
7874-ECPQJ,Month-to-month,4,20.05,No,0.32139265746478657,Medium
7789-CRUVC,Month-to-month,61,94.2,No,0.3213523732314034,Medium
5913-INRQV,One year,34,90.15,No,0.3212750312234445,Medium
0655-YDGFJ,Month-to-month,29,48.95,No,0.32126992884298305,Medium
6502-KUGLL,Month-to-month,14,59.45,No,0.32123209350281007,Medium
4541-RMRLG,Month-to-month,7,19.25,Yes,0.3211055902341663,Medium
1397-XKKWR,One year,7,35.3,No,0.3208816650141002,Medium
5712-VBOXD,Month-to-month,4,20.15,No,0.32079479416114315,Medium
8752-GHJFU,One year,71,92.0,No,0.32075906452268343,Medium
2324-EFHVG,Two year,64,104.4,No,0.32062411149976455,Medium
6250-CGGUN,One year,54,84.4,No,0.3206231066181008,Medium
8947-YRTDV,One year,32,94.8,No,0.32057139031030146,Medium
8904-OPDCK,Month-to-month,54,24.95,No,0.3202628323580543,Medium
5013-SBUIH,Two year,50,109.65,Yes,0.3202184500895404,Medium
6738-ISCBM,One year,44,54.0,No,0.3197947670913219,Medium
9481-IEBZY,Month-to-month,72,112.9,No,0.31976553373171335,Medium
0052-DCKON,One year,66,115.8,No,0.3196420375416798,Medium
2530-FMFXO,Two year,56,103.2,No,0.3194471766880682,Medium
3347-YJZZE,Month-to-month,29,80.1,No,0.3194279995219489,Medium
8319-QBEHW,One year,26,39.95,No,0.31936192397751884,Medium
5688-KZTSN,Month-to-month,15,20.0,Yes,0.3193513919905142,Medium
0080-EMYVY,One year,14,51.45,No,0.31923724788714763,Medium
6981-TDRFT,One year,44,54.3,No,0.3191027982956573,Medium
2233-FAGXV,Month-to-month,5,24.3,No,0.31902417940461386,Medium
0201-OAMXR,One year,70,115.55,Yes,0.31866418666430374,Medium
2108-GLPQB,Month-to-month,25,55.55,No,0.3185682655522317,Medium
5144-PQCDZ,Month-to-month,4,19.95,No,0.3185407730775253,Medium
1309-XGFSN,One year,52,80.85,No,0.31853781180693885,Medium
5709-LVOEQ,Two year,0,80.85,No,0.31835249693486717,Medium
7526-IVLYU,Month-to-month,3,19.65,No,0.3183209456065741,Medium
9426-SXNHE,Month-to-month,2,18.75,No,0.3180340661935722,Medium
8006-PYCSW,Month-to-month,2,20.1,No,0.3179839836393471,Medium
4785-NKHCX,Month-to-month,5,20.05,No,0.3179276355967978,Medium
0489-WMEMG,One year,23,49.45,No,0.3177732028311194,Medium
2450-ZKEED,One year,11,53.8,No,0.3173450460846522,Medium
9762-YAQAA,One year,39,81.4,No,0.3172882417982712,Medium
4237-CLSMM,Month-to-month,2,20.0,No,0.3171061330553097,Medium
5353-WILCI,Month-to-month,28,56.05,No,0.31681677360672095,Medium
3794-NFNCH,Month-to-month,30,50.0,No,0.31658033987364126,Medium
1442-OKRJE,One year,66,103.15,No,0.3164790088629269,Medium
2056-EVGZL,One year,68,105.75,No,0.3163609826489621,Medium
8746-OQQRW,Month-to-month,4,25.25,No,0.3162081454906192,Medium
3192-NQECA,Two year,68,110.0,Yes,0.31616735040816696,Medium
1125-SNVCK,Month-to-month,49,43.8,No,0.3161203442047397,Medium
7820-ZYGNY,One year,63,90.45,No,0.31608290661026117,Medium
9504-DSHWM,Month-to-month,20,59.2,No,0.31604440233388037,Medium
9818-XQCUV,Month-to-month,2,20.35,No,0.3160378379848992,Medium
0816-TSPHQ,Month-to-month,2,20.75,No,0.3158546293125333,Medium
6794-HKIAJ,Month-to-month,62,90.7,No,0.315788471367525,Medium
1114-CENIM,Month-to-month,54,55.0,Yes,0.31577939032315294,Medium
0864-FVJNJ,One year,64,113.35,No,0.31571910307906564,Medium
5616-PRTNT,Month-to-month,20,19.4,Yes,0.3156439951357663,Medium
1060-ENTOF,One year,67,105.4,No,0.3155512463388495,Medium
4701-MLJPN,Month-to-month,31,55.25,Yes,0.31546624506964727,Medium
7089-XXAYG,One year,25,38.1,No,0.3153932687528602,Medium
3099-OONVS,Month-to-month,25,54.3,No,0.3151623864023167,Medium
1755-RMCXH,Month-to-month,2,20.3,No,0.31508931767533666,Medium
8561-NMTBD,One year,67,112.35,No,0.31505805323132974,Medium
0117-LFRMW,Month-to-month,37,40.2,Yes,0.31478802604432365,Medium
2474-LCNUE,Month-to-month,23,73.65,No,0.31473118598728134,Medium
8107-RZLNV,Two year,72,106.3,No,0.3143696991327359,Medium
3920-HIHMQ,Month-to-month,26,49.5,No,0.3143244382366828,Medium
1796-JANOW,Month-to-month,2,19.95,No,0.3142086994875017,Medium
4119-ZYPZY,Two year,71,106.8,No,0.3141621355868258,Medium
9817-APLHW,Month-to-month,12,25.0,No,0.314142419136202,Medium
3703-TTEPD,Month-to-month,21,65.35,No,0.3141302986679498,Medium
2839-RFSQE,Month-to-month,2,20.65,Yes,0.31394632303862713,Medium
2342-CKIAO,Month-to-month,2,20.3,No,0.31393913763131526,Medium
3351-NQLDI,One year,67,94.35,Yes,0.3137939062023507,Medium
7219-TLZHO,Month-to-month,4,20.85,No,0.3137329842074856,Medium
0733-VUNUW,Month-to-month,24,55.65,Yes,0.3135947396182354,Medium
5837-LXSDN,One year,21,58.85,No,0.31346393284539525,Medium
0440-MOGPM,One year,41,80.55,No,0.31341591250932715,Medium
1518-OMDIK,Month-to-month,33,44.55,No,0.3133900102119334,Medium
2277-BKJKN,Two year,71,99.2,No,0.31335112602995463,Medium
1814-DKOLC,Month-to-month,5,25.45,No,0.31319798911989766,Medium
2307-FYNNL,Two year,65,109.05,No,0.3131528535971086,Medium
5067-DGXLL,Month-to-month,2,20.25,No,0.3131479171386469,Medium
9308-ANMVE,Month-to-month,47,55.3,No,0.31314760331237257,Medium
5651-CRHKQ,One year,41,86.2,No,0.31300515624574404,Medium
0895-LMRSF,One year,23,64.9,No,0.312290947489063,Medium
5343-SGUBI,One year,52,80.2,No,0.3122255528808962,Medium
7516-GMHUV,Two year,50,105.05,No,0.3122079770365778,Medium
1409-PHXTF,Two year,54,110.45,No,0.31211018985002753,Medium
0278-YXOOG,Month-to-month,5,21.05,Yes,0.3119985287358272,Medium
2696-ECXKC,One year,55,100.9,No,0.3115016864980468,Medium
0384-RVBPI,Month-to-month,20,64.4,No,0.31144949227351026,Medium
0030-FNXPP,Month-to-month,3,19.85,No,0.31126122481065177,Medium
0137-UDEUO,Month-to-month,3,19.85,Yes,0.3111507348498983,Medium
4486-EFAEB,Month-to-month,13,20.4,No,0.31088517909149616,Medium
7432-FFVAR,One year,46,90.95,No,0.3108121528268677,Medium
4472-LVYGI,Two year,0,52.55,No,0.3105288402814771,Medium
3011-WQKSZ,Month-to-month,19,20.0,No,0.31046636288822343,Medium
6408-OTUBZ,One year,66,104.55,No,0.3104496957334688,Medium
6873-UDNLD,Month-to-month,40,67.45,No,0.31041709691481106,Medium
0031-PVLZI,Month-to-month,4,20.35,Yes,0.31036804004040147,Medium
1444-VVSGW,One year,70,115.65,Yes,0.310341019460623,Medium
8865-TNMNX,One year,10,49.55,No,0.31030911413483997,Medium
0824-VWDPO,One year,45,96.75,No,0.3099526719268372,Medium
8100-HZZLJ,Month-to-month,43,63.95,No,0.309929703585188,Medium
7931-PXHFC,One year,38,62.3,Yes,0.3099284911632648,Medium
0557-ASKVU,One year,18,54.4,No,0.30981993634785554,Medium
7845-URHJN,Month-to-month,8,20.15,Yes,0.3095801144586018,Medium
3324-OIRTO,One year,71,104.65,No,0.30950274988351856,Medium
0484-FFVBJ,One year,32,64.85,No,0.3089822186468517,Medium
8035-BUYVG,One year,40,42.35,Yes,0.3089538981433062,Medium
2830-LEWOA,One year,61,103.9,No,0.30891304970003747,Medium
0178-CIIKR,Month-to-month,3,19.95,No,0.3089004659490934,Medium
6728-CZFEI,One year,15,56.15,No,0.3088924665713608,Medium
7108-DGVUU,One year,21,71.7,No,0.3085307892725142,Medium
0744-GKNGE,Month-to-month,64,86.8,No,0.30843302283279683,Medium
2577-GVSIL,One year,35,73.45,No,0.30841647243523057,Medium
4644-PIZRT,One year,17,70.35,No,0.3081397391429583,Medium
7605-SNLQG,Month-to-month,45,50.25,No,0.308004242245779,Medium
5766-XQXMQ,Month-to-month,29,68.85,Yes,0.3078297386840594,Medium
2801-NISEI,Month-to-month,24,54.95,No,0.30737408927970195,Medium
7502-BNYGS,Month-to-month,46,69.1,No,0.30729523426782157,Medium
1009-IRMNA,Month-to-month,7,20.0,Yes,0.3071608269647563,Medium
5315-CKEQK,One year,28,51.0,No,0.30703934628032153,Medium
0440-QEXBZ,Month-to-month,44,50.15,No,0.30680951671367285,Medium
7159-NOKYQ,Two year,67,93.15,No,0.3067610057920426,Medium
1337-BOZWO,One year,18,46.4,No,0.3066119865614207,Medium
2486-WYVVE,One year,31,79.3,No,0.30642995389023137,Medium
4423-JWZJN,One year,64,90.25,No,0.3063580703647193,Medium
2212-LYASK,One year,27,45.85,No,0.30624235580030795,Medium
3552-CTCYF,Two year,63,104.8,No,0.3062267869209209,Medium
4140-WJAWW,Month-to-month,5,19.85,Yes,0.3060614835007755,Medium
1121-QSIVB,One year,44,77.55,No,0.3060481750284298,Medium
4827-LTQRJ,One year,66,110.6,No,0.3059073068983588,Medium
6734-CKRSM,Month-to-month,3,20.0,No,0.30545996340577775,Medium
8017-UVSZU,Month-to-month,40,56.6,No,0.30511495107489417,Medium
7868-BGSZA,One year,43,80.2,No,0.3050566516085556,Medium
8150-QUDFX,Month-to-month,2,19.85,No,0.3048362283033966,Medium
9853-JFZDU,Month-to-month,35,56.85,No,0.3048253130019351,Medium
5286-YHCVC,Two year,72,104.8,No,0.3046295135977657,Medium
8644-XYTSV,Month-to-month,42,40.15,No,0.30460301108085575,Medium
5360-LJCNJ,Two year,71,105.15,No,0.30426852294209683,Medium
2308-STERM,Month-to-month,2,19.4,No,0.30423595678386095,Medium
4353-HYOJD,Month-to-month,27,49.85,No,0.3039178428976705,Medium
2978-XXSOG,Month-to-month,22,59.05,No,0.3038611695501073,Medium
9402-ROUMJ,One year,67,100.25,No,0.30385001896949765,Medium
3126-WQMGH,Month-to-month,49,52.15,No,0.3035564621879841,Medium
0917-EZOLA,Two year,72,104.15,Yes,0.30353040766378214,Medium
5294-CDGWY,One year,51,59.3,Yes,0.3033396103762446,Medium
7446-KQISO,Two year,45,109.75,No,0.303202065110703,Medium
5919-VCZYM,Month-to-month,2,20.05,No,0.3030976031297477,Medium
2321-OMBXY,One year,38,80.3,Yes,0.3029872114882418,Medium
3354-OADJP,One year,8,54.25,No,0.30261130122869756,Medium
6394-HHHZM,Month-to-month,3,20.7,No,0.3025289940181931,Medium
7470-DYNOE,One year,53,61.1,No,0.30228741542147064,Medium
3936-QQFLL,Month-to-month,2,19.75,No,0.3022410420570655,Medium
1855-CFULU,Month-to-month,4,20.05,No,0.3019661553724876,Medium
8734-FNWVH,Month-to-month,31,59.7,No,0.3017796874816792,Medium
1096-ADRUX,One year,66,74.25,No,0.30157164560120564,Medium
0396-HUJBP,Month-to-month,2,19.3,No,0.3015098274142808,Medium
3402-XRIUO,Month-to-month,22,63.55,No,0.3013565121618203,Medium
6386-SZZKH,Two year,49,107.95,Yes,0.301301625290388,Medium
9609-BENEA,One year,35,69.0,No,0.3011617076267058,Medium
7657-DYEPJ,One year,38,70.15,Yes,0.3011003064242525,Medium
2150-UWTFY,Month-to-month,22,61.15,Yes,0.3008856167676993,Medium
0136-IFMYD,Two year,69,109.95,No,0.3008324668671525,Medium
3675-EQOZA,Month-to-month,5,20.65,No,0.3006961651982661,Medium
0292-WEGCH,Month-to-month,54,86.2,No,0.3006836110469921,Medium
5681-LLOEI,One year,43,91.25,No,0.3006353778998532,Medium
2410-CIYFZ,Month-to-month,2,20.4,No,0.300515517877138,Medium
8548-AWOFC,Month-to-month,66,63.85,No,0.3004982007452785,Medium
8496-DMZUK,One year,30,90.4,No,0.3002649133723412,Medium
4622-YNKIJ,Two year,33,88.95,No,0.3001837636594129,Medium
0447-BEMNG,Month-to-month,48,45.3,Yes,0.30010436999221474,Medium
5832-TRLPB,One year,29,75.35,No,0.30008728469830764,Medium
7976-CICYS,Month-to-month,4,20.7,No,0.3000821912550279,Medium
8929-KSWIH,Two year,25,99.3,No,0.29993296752063603,Low
2639-UGMAZ,One year,71,56.45,No,0.29989051274632805,Low
1208-DNHLN,One year,23,48.35,Yes,0.2998093834131582,Low
5687-DKDTV,Month-to-month,4,20.35,Yes,0.2996962633132065,Low
8559-WNQZS,Two year,1,20.45,No,0.2995426689200355,Low
0696-UKTOX,Month-to-month,23,54.15,No,0.2995418108989937,Low
9837-FWLCH,Month-to-month,12,19.2,No,0.2992196847405752,Low
5089-IFSDP,Two year,58,109.45,Yes,0.29914206680525,Low
3694-GLTJM,Month-to-month,5,19.65,No,0.29899947854071407,Low
1925-GMVBW,Month-to-month,5,20.55,No,0.29893507472316755,Low
8624-GIOUT,Month-to-month,49,59.75,Yes,0.2988639351531733,Low
8044-BGWPI,Month-to-month,12,21.15,No,0.2987582677250281,Low
2791-SFVEW,Month-to-month,9,20.15,No,0.2986833546007045,Low
8984-EYLLL,Two year,64,105.25,No,0.2986743227098773,Low
5578-NKCXI,One year,58,99.25,No,0.29851934001687425,Low
9770-LXDBK,Month-to-month,3,20.4,No,0.29847469370041957,Low
4419-UJMUS,Two year,69,99.35,No,0.29845966947255453,Low
4742-DRORA,One year,60,95.4,No,0.2983707801708513,Low
5989-OMNJE,One year,24,57.6,No,0.29825939070851554,Low
4139-SUGLD,Month-to-month,31,35.4,Yes,0.29815068984063053,Low
0690-SRQID,Month-to-month,4,19.65,No,0.29807479820863714,Low
9069-LGEUL,Month-to-month,23,59.95,No,0.29771846876610825,Low
9555-SAHUZ,Month-to-month,38,54.5,No,0.2976076192724248,Low
6937-GCDGQ,One year,19,48.95,No,0.29739948855690074,Low
7785-RDVIG,Month-to-month,3,19.3,No,0.29728368984662074,Low
4785-QRJHC,One year,46,59.9,Yes,0.2970107516704584,Low
6447-GORXK,Month-to-month,31,25.0,No,0.2969724536799916,Low
6035-RIIOM,Two year,54,97.2,No,0.29696130810564225,Low
6776-TLWOI,Month-to-month,3,19.85,Yes,0.2968713683298417,Low
9798-DRYDS,One year,17,61.95,No,0.2964037705765489,Low
9027-YFHQJ,Month-to-month,7,25.05,No,0.2963480465841212,Low
9618-LFJRU,Month-to-month,4,20.45,No,0.2962602704300259,Low
3221-CJMSG,Month-to-month,24,51.1,No,0.29609128327331985,Low
3941-XTSKM,One year,42,45.1,No,0.29589619683783835,Low
1465-WCZVT,Month-to-month,3,19.65,No,0.29586623539758655,Low
7036-TYDEC,Two year,69,104.0,No,0.2958248693737848,Low
7740-BTPUX,Two year,55,113.6,No,0.2957729929092849,Low
3039-MJSLN,Month-to-month,3,20.2,No,0.29571500576839227,Low
4939-KYYPY,Month-to-month,27,59.45,No,0.29562848144839915,Low
6806-YDEUL,Month-to-month,6,19.5,No,0.29553093788138374,Low
0743-HRVFF,One year,51,56.15,No,0.2953120987495122,Low
3571-DPYUH,One year,58,94.7,No,0.2952327340974492,Low
2634-HCZGT,One year,53,60.05,Yes,0.2950560259978586,Low
7764-BDPEE,Month-to-month,3,20.85,No,0.2949113604659286,Low
2732-ISEZX,Month-to-month,5,20.5,No,0.29478706079391814,Low
8756-RDDLT,Month-to-month,68,44.95,No,0.2947701034637617,Low
1679-JRFBR,One year,70,108.15,No,0.29463397759558985,Low
3977-QCRSL,Month-to-month,5,20.15,No,0.2946308222253964,Low
0723-FDLAY,One year,44,85.25,No,0.294583888224529,Low
2680-XKKNJ,One year,8,58.2,No,0.29449987829637464,Low
3160-TYXLT,Month-to-month,53,46.3,No,0.2944853574270859,Low
9259-PACGQ,Month-to-month,34,62.65,Yes,0.2944709637910733,Low
4397-FRLTA,Month-to-month,4,20.15,No,0.29430818467292047,Low
2242-MFOTG,One year,33,80.1,No,0.294262784751645,Low
0396-UKGAI,Month-to-month,23,55.3,No,0.29386479143405225,Low
2775-SEFEE,Two year,0,61.9,No,0.2936634457011312,Low
6941-KXRRV,One year,48,58.95,No,0.29365178467959674,Low
1371-WEPDS,One year,40,55.8,No,0.29360011007577813,Low
0289-IVARM,Month-to-month,35,60.55,No,0.2935588874900069,Low
5269-NRGDP,One year,42,73.15,No,0.29348423689540065,Low
3363-EWLGO,Month-to-month,5,19.95,No,0.2934353611998314,Low
2773-OVBPK,Two year,67,111.3,No,0.29316526630820533,Low
7102-JJVTX,One year,9,48.6,No,0.29310749684330234,Low
7266-GSSJX,Month-to-month,11,20.45,No,0.2930344230709303,Low
8663-UPDGF,Month-to-month,26,69.5,No,0.2929336652678198,Low
3224-DFQNQ,One year,66,89.0,No,0.2928461200962556,Low
9060-HJJRW,One year,51,56.4,No,0.2927617740178264,Low
9101-NTIXF,Month-to-month,2,19.4,No,0.29248889001839007,Low
9367-OIUXP,Month-to-month,4,20.7,No,0.29235408019434556,Low
4531-AUZNK,One year,51,95.15,No,0.2923421677128116,Low
7762-URZQH,Two year,66,106.05,Yes,0.29230909275802713,Low
0842-IWYCP,Month-to-month,46,44.95,No,0.2919495065777994,Low
6732-FZUGP,One year,47,94.9,No,0.29194877546211706,Low
8707-RMEZH,One year,69,87.3,No,0.2916164542037052,Low
7654-YWJUF,One year,43,84.25,No,0.29159408004044884,Low
3090-HAWSU,Two year,61,111.6,Yes,0.2915461574554677,Low
0366-NQSHS,Month-to-month,2,19.35,No,0.2914801009189399,Low
4654-DLAMQ,One year,64,97.0,No,0.29128660526104827,Low
5702-SKUOB,Month-to-month,4,19.6,No,0.291134248021662,Low
4186-ZBUEW,One year,36,70.7,No,0.2910682219232637,Low
3282-ZISZV,One year,32,83.7,No,0.29073429347806107,Low
8610-ZIKJJ,One year,2,20.3,No,0.2900708576463028,Low
1336-EZFZY,Month-to-month,4,20.05,No,0.28992223406782724,Low
9758-MFWGD,One year,48,29.9,No,0.2898473845206199,Low
6635-MYYYZ,One year,30,85.35,Yes,0.2898036916616063,Low
9076-AXYIK,Two year,64,102.1,No,0.2897837915527553,Low
8970-ANWXO,One year,23,73.75,No,0.2896820027993887,Low
1247-QBVSH,Month-to-month,43,50.2,No,0.2896024118649385,Low
5397-TUPSH,One year,65,70.95,No,0.2893024400124981,Low
1530-ZTDOZ,Month-to-month,49,40.65,No,0.28927159738543556,Low
3537-RYBHH,Month-to-month,47,67.45,No,0.28917606942535257,Low
7208-PSIHR,Two year,70,104.3,No,0.2891132271082003,Low
4923-ADWXJ,Month-to-month,25,65.8,No,0.28906188057103505,Low
0565-JUPYD,One year,63,104.5,No,0.2889669075358972,Low
3729-OWRVL,Two year,65,110.35,No,0.28867813056343933,Low
9357-UJRUN,One year,24,58.35,No,0.28853800589241374,Low
4106-HADHQ,One year,39,80.0,Yes,0.2883256611776013,Low
2294-DMMUS,Month-to-month,62,70.45,No,0.28812562079478726,Low
8053-WWDRO,Month-to-month,6,19.5,Yes,0.28790432782743225,Low
1666-JZPZT,Month-to-month,27,49.0,No,0.28785205934825564,Low
4853-RULSV,Two year,70,104.0,Yes,0.28766040063968285,Low
6865-JZNKO,Month-to-month,30,55.3,No,0.28756840707710873,Low
3806-YAZOV,Month-to-month,3,18.8,No,0.2873803088189609,Low
0233-FTHAV,One year,60,79.2,No,0.28730239134343827,Low
6261-RCVNS,One year,42,73.9,Yes,0.2872042251106968,Low
1852-XEMDW,Month-to-month,22,65.05,No,0.2871002688019286,Low
9170-GYZJC,Month-to-month,41,79.9,Yes,0.287042981574564,Low
8405-IGQFX,One year,63,90.05,No,0.28701030948849127,Low
9470-RTWDV,One year,26,82.0,No,0.28691789830916453,Low
2887-JPYLU,Month-to-month,41,45.2,No,0.28662527127834475,Low
1492-QGCLU,Month-to-month,53,85.7,No,0.28618930528154923,Low
2155-AMQRX,Month-to-month,28,54.9,No,0.2861891519847854,Low
3863-QSTYI,Month-to-month,59,64.65,No,0.28618202192591724,Low
2159-TURXX,Month-to-month,5,20.05,No,0.28616333527976157,Low
1684-FLBGS,Month-to-month,23,69.5,No,0.2861614688359063,Low
4822-LPTYJ,Two year,72,103.75,No,0.2860935067239025,Low
2558-BUOZZ,One year,47,94.8,No,0.2859117641886346,Low
5032-USPKF,One year,38,84.1,No,0.2851466469047292,Low
2959-EEXWB,Month-to-month,45,50.9,No,0.28514007396896995,Low
1877-HKBQX,One year,11,54.6,No,0.28513910487664473,Low
4713-ZBURT,Two year,45,99.7,No,0.2851222782753445,Low
4558-CGYCZ,Month-to-month,4,19.75,No,0.28495078734542706,Low
6034-ZRYCV,Two year,72,54.2,Yes,0.2846793504883938,Low
9513-DXHDA,One year,27,81.7,No,0.28450170555966636,Low
0960-HUWBM,Two year,65,104.1,No,0.28417206428368624,Low
4174-LPGTI,One year,41,66.5,Yes,0.2841552311083373,Low
4429-WYGFR,Month-to-month,26,49.15,No,0.28411250360635776,Low
2065-MMKGR,One year,29,71.0,No,0.28393221921117157,Low
7951-VRDVK,One year,36,85.85,No,0.2838036104122693,Low
4129-LYCOI,Two year,67,104.0,No,0.28376208779961853,Low
6586-PSJOX,One year,15,55.2,No,0.28373946812302153,Low
8200-KLNYW,One year,21,80.9,No,0.2837264542047578,Low
5307-UVGNB,Month-to-month,53,48.7,No,0.28356003526465223,Low
9114-AAFQH,One year,48,65.65,No,0.28346601468389293,Low
0285-INHLN,Month-to-month,27,54.75,No,0.28319094970816283,Low
1371-DWPAZ,Two year,0,56.05,No,0.2831173149428141,Low
9929-PLVPA,Month-to-month,4,20.4,No,0.2830353393519204,Low
6549-YMFAW,Month-to-month,9,21.25,No,0.2829838944385257,Low
8559-CIZFV,One year,21,77.5,Yes,0.2826874447722832,Low
6968-MHOMU,One year,58,45.0,No,0.28248964493801937,Low
2851-MMUTZ,Month-to-month,27,56.15,No,0.2823594521752601,Low
7787-BNTZM,Month-to-month,6,20.15,No,0.2818913094252057,Low
3156-QLHBO,Month-to-month,2,19.25,No,0.28188701851588743,Low
0723-VSOBE,One year,45,34.2,No,0.2818716100116081,Low
8465-SBRXP,Two year,38,94.9,No,0.28185355532090817,Low
2834-JRTUA,Two year,71,108.05,Yes,0.28182090316218983,Low
9754-CLVZW,Month-to-month,26,38.85,No,0.2818036440735389,Low
6242-SGYTS,One year,62,94.95,No,0.28129333955957386,Low
9742-XOKTS,One year,67,89.55,No,0.2808931134794849,Low
7013-PSXHK,One year,40,80.75,No,0.2808802683428133,Low
0670-ANMUU,One year,71,97.65,No,0.2806038629922165,Low
6621-YOBKI,Month-to-month,5,20.35,No,0.2805726295497404,Low
2530-ENDWQ,Two year,71,93.7,Yes,0.28046521249191575,Low
6402-SSEJG,One year,25,61.05,No,0.2804425860927861,Low
8231-BSWXX,One year,71,79.05,No,0.280432042070209,Low
0022-TCJCI,One year,45,62.7,Yes,0.28033115631786143,Low
2439-QKJUL,Month-to-month,5,20.25,No,0.2802168984315735,Low
2055-SIFSS,Month-to-month,55,51.65,No,0.28011223339094393,Low
6377-KSLXC,Month-to-month,5,19.95,No,0.2801025463452173,Low
4198-VFOEA,One year,12,33.6,No,0.27943498193640676,Low
9770-KXGQU,One year,53,98.6,No,0.27932626980107284,Low
0303-WMMRN,Month-to-month,5,19.25,No,0.2791778957485519,Low
4489-SNOJF,Month-to-month,35,72.25,Yes,0.27902860097561716,Low
3635-JBPSG,Two year,15,38.8,No,0.2789033183858393,Low
5446-DKWYW,One year,61,65.2,No,0.27887665913905635,Low
5514-YQENT,Two year,41,111.15,No,0.27874616477483366,Low
4815-YOSUK,One year,72,104.9,No,0.2786922691968163,Low
1921-KYSAY,One year,41,68.6,No,0.2786204143096616,Low
5020-ZSTTY,One year,54,82.45,Yes,0.2781905031873262,Low
9134-WYRVP,One year,51,86.35,No,0.2779501295399473,Low
5577-OTWWW,Month-to-month,15,19.75,Yes,0.27786260678992764,Low
7083-YNSKY,Month-to-month,15,25.4,Yes,0.27785395173652494,Low
9848-JQJTX,Two year,72,100.9,No,0.2777691152337643,Low
3115-CZMZD,Two year,0,20.25,No,0.27769104070579037,Low
2616-UUTFK,Month-to-month,33,72.75,No,0.27749112614348953,Low
7521-YXVZY,Month-to-month,3,19.95,No,0.2773173607902995,Low
4000-VGMQP,One year,38,78.95,No,0.2772923839417036,Low
5955-EPOAZ,Month-to-month,6,20.95,No,0.2770877982227129,Low
7727-SHVZV,Month-to-month,9,19.5,No,0.27706999320875797,Low
6575-SUVOI,Month-to-month,25,69.5,No,0.2769791205580177,Low
0810-BDHAW,One year,24,78.4,No,0.2769140309181878,Low
4726-DLWQN,Month-to-month,50,70.35,No,0.276762882473384,Low
1163-ONYEY,Month-to-month,41,74.55,No,0.27653950118996384,Low
8741-LQOBK,Month-to-month,46,35.05,No,0.27645313671540594,Low
8065-QBYTO,One year,71,99.65,No,0.27624291407851254,Low
8731-WBBMB,Month-to-month,26,81.9,No,0.2762312524171388,Low
0257-KXZGU,Month-to-month,32,62.45,No,0.27564470850889683,Low
6500-JVEGC,One year,68,101.35,No,0.2755463000177708,Low
3733-UOCWF,One year,61,85.55,No,0.27541361184771945,Low
4903-UYAVB,Month-to-month,5,19.35,Yes,0.2753494406081635,Low
5236-PERKL,Two year,57,112.95,Yes,0.275248799858075,Low
6035-BXTTY,Month-to-month,32,54.65,No,0.27471395046556196,Low
7672-VFMXZ,Month-to-month,57,55.7,No,0.2746734905160827,Low
1389-WNUIB,One year,20,76.0,No,0.27389450858443254,Low
0114-RSRRW,Month-to-month,10,19.95,No,0.2736038465419079,Low
0068-FIGTF,One year,27,78.2,No,0.27344051399434977,Low
3181-MIZBN,Month-to-month,16,19.75,No,0.27326271767780336,Low
9256-JTBNZ,Month-to-month,11,20.3,No,0.2729567446836061,Low
2419-FSORS,Two year,72,108.4,No,0.27284075418933335,Low
4837-QUSFT,One year,65,100.15,No,0.2727785315374109,Low
6559-ILWKJ,Two year,71,49.35,Yes,0.27271333985168794,Low
1383-EZRWL,Month-to-month,7,20.05,Yes,0.2726148526115083,Low
6258-NGCNG,Month-to-month,7,23.5,No,0.27260504623946086,Low
1099-BTKWT,One year,68,54.4,No,0.2725442157837864,Low
3374-TTZTK,Two year,52,106.3,No,0.2721995144627584,Low
5155-AZQPB,Month-to-month,28,49.9,No,0.2721897198182389,Low
1527-SXDPN,Two year,52,96.25,Yes,0.27203410670002404,Low
6556-DBKZF,Two year,71,76.05,No,0.27202495317632547,Low
9822-BIIGN,Month-to-month,53,71.85,No,0.27189915113394086,Low
8034-RYTVV,One year,55,84.25,No,0.2715956232862592,Low
3034-ZBEQN,One year,48,34.7,Yes,0.27157318529609503,Low
1222-LRYKO,Month-to-month,6,26.35,No,0.27151938654763946,Low
7356-AYNJP,One year,4,23.9,No,0.27130919616554827,Low
6368-NWMCE,Month-to-month,38,68.15,No,0.2712128113481484,Low
6661-EIPZC,Month-to-month,48,29.5,No,0.2711289756721751,Low
2023-VQFDL,Month-to-month,18,19.0,No,0.2711209524866021,Low
0345-XMMUG,Two year,46,108.9,No,0.27103035531646585,Low
4385-ZKVNW,Month-to-month,44,54.9,No,0.27094103385748575,Low
1697-BCSHV,Month-to-month,58,66.8,No,0.2709327882593677,Low
6972-SNKKW,Month-to-month,6,20.0,No,0.270750334686613,Low
5382-TEMLV,Month-to-month,45,50.9,No,0.2705550009338487,Low
4043-MKDTV,Two year,71,105.25,No,0.27029661234085656,Low
1099-GODLO,Two year,1,20.35,No,0.2697954482583687,Low
3038-PQIUY,Month-to-month,38,66.15,No,0.2695637193516328,Low
1641-BYBTK,Month-to-month,6,20.2,No,0.2694466286312432,Low
8845-LWKGE,One year,30,64.5,No,0.26943497251945214,Low
5808-TOTXO,One year,3,20.55,No,0.26937266631561,Low
9086-YJYXS,One year,34,77.2,No,0.2692844921661403,Low
7317-GGVPB,Two year,71,108.6,Yes,0.2692517941658622,Low
8996-ZROXE,One year,57,53.5,No,0.2691273334182622,Low
8089-UZWLX,Two year,71,104.05,No,0.26866787654359653,Low
3915-ODIYG,One year,60,71.75,No,0.26854472294129444,Low
0384-LPITE,One year,40,62.05,No,0.2685399942190289,Low
1097-FSPVW,Month-to-month,42,54.55,No,0.2685090884133432,Low
8785-EPNCG,Month-to-month,11,23.15,Yes,0.26839251488731536,Low
5850-BDWCY,Month-to-month,6,20.2,No,0.2679742772538494,Low
8224-UAXBZ,One year,58,45.35,No,0.26760193495039664,Low
2330-PQGDQ,One year,51,84.2,No,0.26722880712606056,Low
6967-PEJLL,One year,37,40.2,No,0.26704421121927524,Low
7641-TQFHN,Two year,39,100.55,No,0.2668874888846318,Low
8467-WYNSR,Month-to-month,22,55.1,No,0.266754335138026,Low
7184-LRUUR,One year,22,65.25,No,0.2667189346752586,Low
0621-JFHOL,Two year,10,29.6,No,0.2664944817449813,Low
8224-IVVPA,Month-to-month,27,56.7,No,0.26642119751204413,Low
2391-IPLOP,One year,50,69.65,No,0.26632999067107616,Low
2233-TXSIU,One year,17,44.45,No,0.2663049581325943,Low
7954-MLBUN,Two year,31,99.45,No,0.2661130945522256,Low
7746-QYVCO,One year,16,55.85,No,0.26607039325455256,Low
4422-QVIJA,Month-to-month,35,50.15,No,0.2660332942594374,Low
2091-MJTFX,Month-to-month,30,51.2,Yes,0.26597667760215143,Low
3186-AJIEK,Two year,66,105.65,No,0.2658689605278108,Low
9677-AVKED,One year,53,84.6,No,0.26586095480670074,Low
4926-UMJZD,Month-to-month,31,49.2,No,0.2657914311974074,Low
6303-KFWSL,One year,29,55.25,No,0.2657194376522488,Low
6603-QWSPR,Two year,46,104.4,No,0.26554974790347347,Low
7234-KMNRQ,Month-to-month,4,19.0,No,0.26539319160775404,Low
8400-WZICQ,Month-to-month,55,55.7,No,0.26538296865359395,Low
0266-CLZKZ,Two year,67,105.65,No,0.2652368338815793,Low
3096-YXENJ,Two year,65,107.65,No,0.26514192195785863,Low
0305-SQECB,One year,11,36.05,No,0.26507910011926117,Low
6990-YNRIO,Two year,65,108.65,Yes,0.26470882702180787,Low
5640-CAXOA,One year,30,40.35,No,0.2647038844779289,Low
4759-PXTAN,One year,59,80.1,No,0.2646775534050962,Low
2882-DDZPG,Month-to-month,12,19.45,No,0.2645949285023966,Low
4895-TMWIR,Month-to-month,11,19.95,Yes,0.26453529041235746,Low
8646-JCOMS,One year,66,90.55,No,0.264392085358353,Low
4504-YOULA,Month-to-month,35,59.45,No,0.2642338643048725,Low
1095-WGNGG,Two year,61,101.05,No,0.26416414091402235,Low
9554-DFKIC,Month-to-month,30,54.45,No,0.26405822664044554,Low
8410-BGQXN,Month-to-month,4,19.4,No,0.2640301638273697,Low
9488-FYQAU,Two year,63,109.25,No,0.2639759854897698,Low
5504-WSIUR,One year,70,90.25,No,0.26396029901218554,Low
1725-IQNIY,Two year,54,109.75,Yes,0.2638591826036994,Low
6671-NGWON,Month-to-month,7,20.35,No,0.2638410534150605,Low
5222-JCXZT,Month-to-month,4,19.0,No,0.26379214924976924,Low
9788-YTFGE,Month-to-month,7,19.95,No,0.26371243371279873,Low
2651-ZCBXV,Two year,54,108.0,No,0.26356037879468774,Low
0134-XWXCE,One year,44,74.85,No,0.26339789186431467,Low
8582-KRHPJ,Month-to-month,50,35.0,No,0.2630408485447515,Low
7105-BENQF,One year,15,64.85,No,0.2630097228278951,Low
8350-NYMVI,Month-to-month,39,41.1,No,0.2629799078456589,Low
8409-WQJUX,One year,25,54.2,No,0.26293095394452354,Low
0584-BJQGZ,Month-to-month,25,78.35,No,0.26284548542999214,Low
7311-MQJCH,One year,5,19.55,No,0.2628260857662345,Low
8550-XSXUQ,One year,48,70.55,No,0.26281111611054103,Low
4002-BQWPQ,Month-to-month,25,81.75,No,0.26240184068157535,Low
6278-FEPBZ,Month-to-month,9,20.25,No,0.26237321734819186,Low
7036-ZZKBD,Month-to-month,31,66.4,No,0.26235934993278737,Low
4682-BLBUC,One year,44,70.95,No,0.26232554461123087,Low
2520-SGTTA,Two year,0,20.0,No,0.2622877902884219,Low
2710-WYVXG,Two year,3,71.1,No,0.26216686331820566,Low
2223-KAGMX,Month-to-month,15,19.4,Yes,0.2621526486929804,Low
2834-JKOOW,One year,15,45.9,No,0.2621453012825978,Low
9715-WZCLW,Two year,71,97.2,No,0.26212042003262775,Low
4747-LCAQL,Month-to-month,25,79.0,No,0.2619238650187233,Low
9139-TWBAS,One year,26,47.85,No,0.2618624738409917,Low
8406-LNMHF,One year,59,82.95,No,0.2618518929166569,Low
9074-KGVOX,Month-to-month,50,39.45,No,0.261595139312202,Low
6838-YAUVY,Two year,54,95.1,No,0.2612860181851978,Low
0303-UNCIP,One year,41,65.0,No,0.2612827742473756,Low
1334-PDUKM,One year,68,86.45,No,0.2610501979676144,Low
9386-LDCZR,One year,43,90.65,No,0.2609930715447155,Low
4322-RCYMT,One year,68,75.8,Yes,0.26090599205656995,Low
6265-SXWBU,One year,69,95.75,No,0.26063155161923335,Low
7997-EASSD,One year,63,81.2,No,0.2606310082883472,Low
5724-BIDBU,One year,49,55.35,No,0.26044776100482425,Low
4023-RTIQM,One year,31,50.4,No,0.2600560182966089,Low
4701-AHWMW,Month-to-month,55,54.55,Yes,0.26004181379603825,Low
2798-NYLMZ,Two year,71,108.55,No,0.2598712325353331,Low
6648-INWPS,Month-to-month,16,20.15,No,0.25984285860143114,Low
1159-WFSGR,Month-to-month,16,20.4,No,0.25973408860793334,Low
7175-NTIXE,Month-to-month,25,76.15,No,0.25959190101819657,Low
0096-FCPUF,Month-to-month,30,64.5,No,0.2594564627862151,Low
5345-BMKWB,Month-to-month,8,20.25,No,0.25942162878844366,Low
1353-GHZOS,One year,22,59.75,No,0.25939793408046863,Low
9970-QBCDA,Month-to-month,6,19.7,No,0.2593960707965401,Low
4369-NYSCF,One year,56,75.75,No,0.25910525454411465,Low
6778-JFCMK,One year,24,50.6,No,0.2588281469843327,Low
4389-UEFCZ,Two year,72,105.5,No,0.2587952107424909,Low
0620-XEFWH,Month-to-month,4,18.85,No,0.258789268705374,Low
1282-IHQAC,One year,70,44.05,No,0.2587520151852524,Low
6092-QZVPP,Month-to-month,36,79.2,No,0.25851417773105795,Low
1729-VLAZJ,One year,10,40.25,No,0.25851237662136356,Low
0377-JBKKT,Month-to-month,22,57.95,No,0.2584695112390558,Low
1614-JBEBI,Month-to-month,8,20.7,No,0.25837125627112995,Low
4182-BGSIQ,Month-to-month,10,19.8,No,0.25782758052483135,Low
1376-HHBDV,Month-to-month,30,48.8,No,0.25780105762112726,Low
6103-LIANB,Two year,59,99.5,No,0.2575708832268529,Low
2197-OMWGI,Two year,68,53.0,No,0.2575229848527221,Low
0699-NDKJM,Month-to-month,57,58.75,No,0.25751960827275583,Low
3137-NYQQI,One year,17,64.8,No,0.25733613620705476,Low
3214-IYUUQ,One year,61,93.7,No,0.25733128338459826,Low
0607-MVMGC,One year,45,78.75,No,0.2573126680830873,Low
1264-FUHCX,One year,49,56.3,No,0.2572316603897556,Low
9691-HKOVS,One year,55,90.15,No,0.2571207214074957,Low
6900-RBKER,Two year,52,89.45,No,0.25701955023458445,Low
1352-VHKAJ,Month-to-month,27,71.6,No,0.2568785340158041,Low
4501-UYKBC,One year,46,69.1,No,0.25682135493022357,Low
2928-HLDBA,Month-to-month,6,20.7,No,0.25672710973578805,Low
4083-EUGRJ,Month-to-month,9,20.25,Yes,0.25667004424935175,Low
4654-GGUII,One year,18,40.2,No,0.25653857855886664,Low
4797-MIWUM,Month-to-month,7,20.25,No,0.2565017744309887,Low
1708-PBBOA,One year,42,54.75,No,0.2564626273351369,Low
0679-TDGAK,One year,50,75.5,No,0.25642165512269177,Low
8963-MQVYN,Month-to-month,22,20.55,No,0.2563555216455906,Low
4936-YPJNK,Month-to-month,10,19.9,No,0.2562179557134803,Low
7519-JTWQH,Two year,69,110.5,No,0.2562093611329904,Low
2292-XQWSV,One year,40,60.3,No,0.25619964692730113,Low
5236-XMZJY,Month-to-month,42,59.65,No,0.25617671321733143,Low
3022-BEXHZ,Two year,67,111.2,No,0.2561280841441408,Low
7361-YPXFS,Month-to-month,28,64.45,No,0.25604691465310997,Low
8659-HDIYE,Month-to-month,64,74.65,No,0.2560376682534958,Low
4508-OEBEY,One year,31,75.5,No,0.25600731572567764,Low
7156-MXBJE,One year,43,85.1,No,0.25600644819195556,Low
4365-MSDYN,Month-to-month,8,19.55,No,0.25599608888743874,Low
2868-LLSKM,One year,68,83.65,No,0.2556761143386839,Low
3530-CRZSB,Month-to-month,7,20.65,No,0.25560242331462507,Low
2690-DVRVK,One year,5,20.55,No,0.2555488505957473,Low
2578-JQPHZ,Two year,44,100.1,No,0.2554948889794272,Low
3442-ZHHCC,One year,68,76.9,No,0.255413979750999,Low
7753-USQYQ,One year,55,64.2,No,0.25516688567552465,Low
3675-YDUPJ,Month-to-month,10,19.85,No,0.2550905684754835,Low
7781-EWARA,One year,70,60.35,No,0.25507042302695815,Low
0661-KBKPA,One year,53,78.75,No,0.255058931003546,Low
1385-TQOZW,Month-to-month,9,20.45,No,0.2549793837886012,Low
0310-VQXAM,Month-to-month,9,19.85,No,0.2549486613642486,Low
8788-DOXSU,One year,59,61.35,No,0.25494407080871656,Low
4957-TIALW,One year,15,65.6,No,0.25464861187349774,Low
6968-URWQU,One year,43,56.35,No,0.254446869851566,Low
6993-YCOBK,Two year,60,110.6,No,0.25442758672980403,Low
4367-NUYAO,Two year,0,25.75,No,0.2542674155995485,Low
4011-ARPHK,Month-to-month,27,50.35,No,0.25408067514431343,Low
2316-ESMLS,One year,12,33.15,No,0.2539990699523159,Low
7838-LAZFO,One year,45,78.8,No,0.2539693759140041,Low
1730-VFMWO,Month-to-month,34,50.2,No,0.25396786377115443,Low
4072-IPYLT,Month-to-month,36,51.05,No,0.25360452037518394,Low
6164-HXUGH,Month-to-month,6,19.85,No,0.2535682049118014,Low
7644-OMVMY,Two year,0,19.85,No,0.25346557690223215,Low
2911-IJORQ,One year,37,90.6,No,0.25334449559424266,Low
2746-DIJLO,One year,41,56.3,No,0.25325491187934884,Low
1623-NLDOT,One year,42,33.55,Yes,0.2532446122670027,Low
5872-OEQNH,One year,60,44.45,No,0.25313775237434616,Low
9786-IJYDL,Two year,35,113.2,No,0.25309090156578057,Low
1452-XRSJV,Month-to-month,39,51.05,No,0.2528528913334141,Low
0565-IYCGT,One year,69,78.6,Yes,0.25283291408514047,Low
2338-BQEZT,Month-to-month,55,50.55,No,0.2526787250738694,Low
3597-YASZG,Two year,70,104.45,No,0.25265499707660294,Low
5478-JJVZK,Month-to-month,33,60.9,No,0.2525935281622772,Low
9495-REDIY,One year,25,40.65,No,0.2523638847727813,Low
3363-DTIVD,Two year,71,105.55,No,0.2523493993938053,Low
0750-EKNGL,Month-to-month,7,20.75,No,0.2522399585885172,Low
5018-HEKFO,Month-to-month,10,24.5,No,0.2521244203291787,Low
1257-SXUXQ,Month-to-month,5,19.45,No,0.2520366300209718,Low
2739-CCZMB,Month-to-month,5,20.35,No,0.25200322139204423,Low
9931-KGHOA,Month-to-month,46,55.0,No,0.25183500694360544,Low
3213-VVOLG,Two year,0,25.35,No,0.25153950320778806,Low
4277-UDIEF,Month-to-month,24,81.0,No,0.25152908008751723,Low
9294-TDIPC,Month-to-month,5,20.2,No,0.25147790000012266,Low
7964-YESJC,Month-to-month,24,66.3,No,0.25147386480302375,Low
6682-QJDGB,Month-to-month,40,55.25,Yes,0.2513950396898089,Low
3981-QSVQI,Month-to-month,8,19.7,No,0.2513499904781202,Low
5160-UXJED,One year,17,44.6,No,0.2511014179609543,Low
6490-FGZAT,Month-to-month,6,20.65,No,0.25061442743349677,Low
4115-UMJFQ,One year,69,35.75,No,0.25058399898582523,Low
8608-OZTLB,One year,38,74.05,No,0.2505253384060065,Low
5229-DTFYB,Two year,41,98.8,No,0.25048965052866445,Low
0815-MFZGM,Two year,42,99.0,No,0.25033992835943397,Low
1891-QRQSA,Two year,64,111.6,No,0.25033726293931413,Low
0975-UYDTX,One year,26,90.1,No,0.25009164770727366,Low
0708-SJDIS,Month-to-month,34,65.0,No,0.2500844852155483,Low
6598-RFFVI,One year,2,19.3,Yes,0.24978046208198715,Low
7459-IMVYU,Month-to-month,38,69.95,No,0.24975309621317984,Low
4488-PSYCG,Month-to-month,16,20.25,Yes,0.24967945720959223,Low
6861-OKBCE,Month-to-month,11,20.1,Yes,0.2496755019488017,Low
3229-USWAR,One year,34,79.95,No,0.24961637289093094,Low
8401-EMUWF,Month-to-month,42,69.4,No,0.24961531091197192,Low
5857-XRECV,One year,2,20.5,No,0.24955791431536417,Low
6075-QMNRR,Month-to-month,52,49.75,No,0.24954980407726562,Low
1810-MVMAI,Month-to-month,30,67.6,No,0.2493924692797233,Low
1090-PYKCI,One year,69,105.1,No,0.24923459546948318,Low
6161-ERDGD,One year,71,85.45,No,0.24923065232187933,Low
4611-ANLQC,One year,60,50.05,No,0.2491102056070745,Low
6933-FHBZC,One year,26,56.05,No,0.24903388170361904,Low
4568-TTZRT,Month-to-month,9,20.4,No,0.24900196586235068,Low
1898-JSNDC,One year,39,58.6,No,0.24881446216220743,Low
2988-QRAJY,Two year,69,110.05,No,0.24828654454012905,Low
0201-MIBOL,Two year,66,102.4,No,0.24819185503128896,Low
8591-NXRCV,Month-to-month,41,74.65,No,0.24799337901028948,Low
3594-UVONA,One year,35,85.95,Yes,0.24786031942462278,Low
3551-GAEGL,One year,34,30.4,No,0.2477322590644583,Low
8822-KNBHV,One year,48,83.45,No,0.2477119309475646,Low
7471-MQPOS,One year,71,72.9,No,0.24766234109510507,Low
3115-JPJDD,One year,59,81.25,No,0.24764841022233175,Low
2533-QVMSK,Two year,61,94.1,Yes,0.24764109383208785,Low
3275-RHRNE,One year,28,60.0,No,0.24751805872779467,Low
0840-DCNZE,One year,47,86.95,No,0.24747405073322842,Low
8295-FHIVV,Month-to-month,7,19.4,No,0.2474729968161545,Low
6257-DTAYD,Two year,71,104.15,No,0.24742236341842522,Low
6734-FQAJX,Two year,67,105.05,No,0.24707130638111324,Low
6308-CQRBU,Two year,71,109.25,No,0.24688599998283792,Low
2428-ZMCTB,Month-to-month,10,19.75,No,0.24685711667082633,Low
3301-VKTGC,One year,68,85.5,No,0.24679259777014148,Low
0380-ZCSBI,Month-to-month,10,20.0,No,0.2466511901622073,Low
6050-FFXES,Two year,69,105.35,No,0.24656654686090382,Low
3714-XPXBW,Month-to-month,37,78.9,No,0.24642351250395905,Low
2408-PSJVE,Month-to-month,44,61.9,No,0.2464016226068072,Low
3197-NNYNB,Two year,65,105.1,No,0.24636679387951446,Low
8707-HOEDG,Two year,70,110.2,No,0.2458990044658133,Low
4079-VTGLK,Two year,30,74.85,No,0.24576746319468493,Low
8883-GRDWQ,One year,20,54.0,No,0.2456426620960105,Low
5153-LXKDT,Two year,68,110.2,No,0.24562085324823915,Low
9152-AMKAK,Two year,6,80.25,No,0.24554859616843075,Low
9200-NLNPD,One year,56,54.05,No,0.24529230705836294,Low
9711-FJTBX,One year,56,85.85,No,0.24525466818688646,Low
5393-HJZSM,Month-to-month,32,76.3,No,0.24510892757195393,Low
1045-LTCYT,Month-to-month,8,21.05,No,0.24483025696128924,Low
4404-HIBDJ,One year,25,74.3,Yes,0.24466853577891523,Low
2636-SJDOU,One year,64,84.3,No,0.24464637552532442,Low
5524-KHNJP,One year,33,74.75,No,0.24450720308746043,Low
2363-BJLSL,Month-to-month,62,80.4,No,0.24424999422893076,Low
1735-XMJVH,Month-to-month,8,19.35,No,0.2442273403634065,Low
8189-DUKMV,One year,4,20.5,No,0.2440429944328287,Low
7233-IOQNP,Month-to-month,43,34.0,No,0.24402404788585405,Low
6196-HBOBZ,Two year,65,99.35,No,0.24394356784915,Low
1386-ZIKUV,Month-to-month,7,18.95,No,0.24383882192128212,Low
4694-PHWFW,Month-to-month,8,19.95,No,0.2437333832069487,Low
7105-MXJLL,One year,26,60.7,No,0.24358988979054183,Low
2320-YKQBO,Month-to-month,7,19.3,No,0.2434614273226171,Low
3896-RCYYE,Month-to-month,67,53.4,No,0.2434496125483034,Low
8080-POTJR,One year,30,79.3,No,0.24336116538874075,Low
4712-UYOOI,Month-to-month,20,20.0,No,0.24326663422720576,Low
1042-HFUCW,One year,25,54.75,No,0.24315833603417458,Low
9031-ZVQPT,Two year,72,108.2,No,0.24258793467698642,Low
2790-XUYMV,One year,71,85.45,No,0.2425747878255092,Low
5555-RNPGT,Month-to-month,10,24.8,No,0.24253372014220861,Low
4189-NAKJS,One year,26,51.55,No,0.24232750257208205,Low
2717-HVIZY,Month-to-month,8,20.05,No,0.24218902183645152,Low
8879-ZKJOF,One year,41,79.85,No,0.24204655542550346,Low
8439-LTUGF,Month-to-month,10,20.0,No,0.24203913917379868,Low
1784-BXEFA,Month-to-month,10,20.55,No,0.24191003339726072,Low
5777-KJIRB,One year,40,50.25,No,0.24189994472971946,Low
2073-QBVBI,One year,41,35.45,No,0.24188919459945823,Low
2371-JUNGC,Month-to-month,11,20.25,No,0.24188084584919725,Low
4116-IQRFR,One year,4,24.1,No,0.24187373513698637,Low
7839-NUIAA,Month-to-month,61,59.8,No,0.241800368340877,Low
5906-CVLHP,One year,45,54.15,Yes,0.2417374277798687,Low
7140-ADSMJ,Month-to-month,8,20.45,No,0.2416456537638626,Low
0076-LVEPS,Month-to-month,29,45.0,No,0.2415974922780161,Low
9705-ZJBCG,One year,13,54.15,No,0.24154129509330222,Low
0725-CXOTM,One year,36,89.65,No,0.24150554052079945,Low
9972-NKTFD,Month-to-month,28,54.65,No,0.24150532723370535,Low
6869-FGJJC,One year,68,79.6,No,0.2412237889814725,Low
3766-EJLFL,Two year,68,109.05,No,0.24098128842243333,Low
5062-CJJKH,One year,25,53.65,No,0.24081813081836576,Low
9987-LUTYD,One year,13,55.15,No,0.24080549379222538,Low
6933-VLYFX,One year,31,59.95,No,0.24079104206540958,Low
0716-BQNDX,Two year,57,93.75,No,0.24047690510205214,Low
7217-JYHOQ,Month-to-month,24,70.3,No,0.24043867741844432,Low
9933-QRGTX,Two year,60,97.2,No,0.24040524387433143,Low
3077-RSNTJ,Month-to-month,6,19.7,No,0.24026845897670224,Low
7691-XVTZH,Two year,68,89.95,No,0.24022423325974085,Low
3800-LYTRK,One year,14,55.7,No,0.24015551741690444,Low
5161-XEUVX,Two year,37,94.3,No,0.24013206439060136,Low
5386-THSLQ,One year,66,45.55,No,0.2399794402404502,Low
2483-XSSMZ,One year,39,47.85,No,0.2399573415835419,Low
4854-SSLTN,Two year,2,59.5,No,0.23981814505989887,Low
9367-TCUYN,Month-to-month,12,20.1,No,0.2397761913214346,Low
5832-EXGTT,Month-to-month,29,60.2,No,0.23949963068932603,Low
3417-TSCIC,One year,29,24.85,No,0.239372410523779,Low
5701-GUXDC,One year,26,35.4,No,0.23937097222478176,Low
6979-TNDEU,Month-to-month,8,19.2,No,0.23894553263816973,Low
8348-JLBUG,One year,64,80.3,No,0.23886240893202176,Low
5297-MDOIR,One year,63,81.15,No,0.23879437894774797,Low
0128-MKWSG,Month-to-month,26,45.8,No,0.23859211606786948,Low
3397-AVTKU,Two year,43,60.0,No,0.23836435677522672,Low
5306-BVTKJ,One year,48,55.8,No,0.23814943472948993,Low
5693-PIPCS,Two year,41,99.65,No,0.2380811745236678,Low
9894-QMIMJ,One year,23,55.8,No,0.23805227677114676,Low
6202-JVYEU,One year,9,19.9,No,0.23787249748207795,Low
9364-YKUVW,Month-to-month,15,19.8,No,0.23755110653840442,Low
1163-VIPRI,Two year,65,109.3,No,0.23720663206636625,Low
2519-TWKFS,One year,25,55.1,No,0.23708495358294948,Low
0946-FKYTX,One year,52,30.1,No,0.23703131724929927,Low
4795-WRNVT,Month-to-month,40,65.1,No,0.2369705617217061,Low
1866-NXPSP,One year,36,75.55,No,0.23692044523215888,Low
7472-EQOAV,One year,71,86.7,No,0.23675352786674514,Low
2925-MXLSX,One year,30,68.95,No,0.23674620813548303,Low
3847-BAERP,Month-to-month,10,20.9,No,0.23666480582512453,Low
4906-ZHGPK,One year,54,70.7,No,0.23663350802231317,Low
5151-HQRDG,Month-to-month,37,55.05,No,0.23661619304662793,Low
6893-ODYYE,One year,50,90.1,No,0.23660306053331073,Low
9025-ZRPVR,Month-to-month,9,18.95,Yes,0.23646433636520892,Low
1226-JZNKR,One year,8,19.8,No,0.23627411193391637,Low
6840-RESVB,One year,24,84.8,No,0.23622793393895497,Low
6416-JNVRK,One year,46,55.65,No,0.23622368054595394,Low
9388-ZEYVT,One year,43,44.15,No,0.23620306808152597,Low
6766-HFKLA,Two year,56,103.2,No,0.2361835516930002,Low
1991-VOPLL,Month-to-month,9,19.05,No,0.23604008259748072,Low
9938-ZREHM,One year,37,72.1,No,0.23602693737320507,Low
0208-BPQEJ,Month-to-month,12,19.4,No,0.23597012318698862,Low
5774-XZTQC,Month-to-month,7,20.45,No,0.23584664635555877,Low
2332-EFBJY,Month-to-month,16,19.7,Yes,0.23584160704247192,Low
6047-SUHPR,One year,39,59.8,No,0.23574797615567203,Low
9039-RBEEE,Month-to-month,39,48.95,Yes,0.23572409992397936,Low
7696-AMHOD,One year,49,78.0,No,0.23570801205898406,Low
4091-TVOCN,One year,48,78.75,No,0.23538585345453755,Low
1094-BKOSX,One year,45,51.0,No,0.2353325727318812,Low
2205-LPVGL,One year,58,89.85,No,0.23532156961458892,Low
9289-LBQVU,One year,64,70.15,No,0.23518500298717182,Low
8041-TMEID,Two year,63,108.5,No,0.2349431882452053,Low
3648-GZPHF,One year,32,36.25,No,0.23485972094901972,Low
5396-IZEPB,Month-to-month,9,19.7,No,0.23456201941291188,Low
6784-XYJAE,One year,36,55.8,No,0.23454983553319683,Low
4770-QAZXN,Month-to-month,13,19.45,No,0.23453437703121593,Low
4946-EDSEW,Month-to-month,11,19.25,Yes,0.2344807624681442,Low
1984-GPTEH,Month-to-month,29,25.15,No,0.23420187959031635,Low
9378-FXTIZ,One year,54,70.15,Yes,0.23399841024342674,Low
2683-JXWQQ,Month-to-month,61,33.6,No,0.23391636058966214,Low
9932-WBWIK,Month-to-month,11,20.35,No,0.23383077827418253,Low
7816-VGHTO,Two year,6,40.55,No,0.23381128044637084,Low
2724-FJDYW,One year,39,54.85,No,0.2337597862340463,Low
5815-HGGHV,One year,20,64.15,No,0.23342967014218283,Low
0098-BOWSO,Month-to-month,27,19.4,No,0.23339370379925276,Low
9586-JGQKH,Two year,64,105.4,No,0.23332191253208298,Low
4598-ZADCK,One year,53,53.6,No,0.23325085630900366,Low
8819-ZBYNA,Two year,58,109.1,No,0.23301381613341016,Low
3026-ATZYV,One year,37,75.1,No,0.23299958492052758,Low
0083-PIVIK,One year,64,81.25,No,0.2329827535058252,Low
4903-CNOZC,One year,29,70.9,No,0.23286479393637086,Low
6297-NOOPG,Two year,70,110.5,No,0.23275301197945575,Low
0628-CNQRM,One year,22,67.5,Yes,0.2326584470926968,Low
8109-YUOHE,One year,17,56.1,No,0.23262844745037478,Low
1563-IWQEX,Month-to-month,12,19.7,No,0.23249534576826808,Low
7531-GQHME,Month-to-month,12,20.05,No,0.23234659450749565,Low
6848-YLDFR,One year,58,75.2,No,0.23227591780657367,Low
6568-POCUI,Two year,45,95.2,No,0.23226949860591053,Low
8680-CGLTP,One year,29,58.75,No,0.2321998243771607,Low
4366-CTOUZ,Two year,50,100.2,No,0.23211033823553293,Low
4697-LUPSU,One year,2,20.2,No,0.23200836627742621,Low
4973-RLZVI,One year,30,74.65,No,0.23167352483017775,Low
9052-DHNKM,One year,26,61.55,No,0.2316632274343869,Low
5795-KTGUD,Two year,68,110.8,No,0.23133026085484582,Low
0197-PNKNK,One year,69,84.45,No,0.23105776349043064,Low
8932-CZHRQ,One year,68,76.75,No,0.23100952188693188,Low
1088-CNNKB,One year,63,80.0,No,0.23089345565174976,Low
1150-FTQGN,One year,60,94.15,No,0.23073589253205057,Low
4522-XRWWI,One year,42,80.45,No,0.23073132223440085,Low
4020-KIUDI,Month-to-month,6,19.85,No,0.2307131867784204,Low
2200-DSAAL,Two year,68,80.65,No,0.2306531996780293,Low
6992-TKNYO,One year,38,69.0,No,0.23059903761549053,Low
3682-YEUWS,Month-to-month,10,24.4,No,0.23047334608261566,Low
3012-VFFMN,Month-to-month,7,20.65,No,0.23024353034997957,Low
6663-JOCQO,One year,31,75.25,No,0.2301608341874927,Low
4732-RRJZC,Month-to-month,7,20.25,No,0.22983198730396873,Low
6319-QSUSR,Month-to-month,11,19.7,No,0.2298159371928173,Low
8226-BXGES,One year,64,89.45,No,0.2297968816043673,Low
7777-UNYHB,Month-to-month,12,20.1,No,0.22971708306656144,Low
1536-YHDOE,One year,17,62.1,No,0.22952906535084125,Low
7841-FCRQD,One year,33,53.75,No,0.22950585978665866,Low
7706-DZNKK,Month-to-month,11,20.45,No,0.22945999125537592,Low
0661-WCQNQ,One year,22,56.25,No,0.22945259373950458,Low
1557-EMYVT,Two year,43,115.05,No,0.2292689471962475,Low
9512-PHSMG,Month-to-month,10,20.55,No,0.2292102561979053,Low
6112-KTHFQ,Month-to-month,13,19.3,No,0.2291272580789674,Low
3181-VTHOE,One year,70,51.05,No,0.22904527521969886,Low
6481-LXPWL,One year,56,36.1,No,0.2290056375545728,Low
9931-DCEZH,One year,28,54.4,No,0.22896370884322242,Low
0356-OBMAC,Two year,56,99.9,No,0.22890205503034292,Low
9432-RUVSL,Two year,48,102.5,No,0.2287786855398265,Low
9702-AIUJO,One year,50,44.8,No,0.22873458337417976,Low
3850-OKINF,One year,71,66.2,No,0.2285724023725192,Low
9938-TKDGL,Two year,68,99.55,No,0.22850868187837511,Low
9592-ERDKV,One year,37,79.25,No,0.22823444479384136,Low
4464-JCOLN,One year,2,19.85,Yes,0.22770398454782637,Low
2890-WFBHU,One year,59,79.85,No,0.22769105973050424,Low
4328-VUFWD,One year,39,59.3,No,0.2274988111858104,Low
9309-BZGNT,One year,69,29.8,No,0.22749058739848427,Low
1850-AKQEP,Month-to-month,8,20.35,No,0.2274691731964821,Low
5863-OOKCL,Month-to-month,10,18.85,No,0.22736689639415592,Low
0687-ZVTHB,One year,65,72.45,Yes,0.22734204407153186,Low
1621-YNCJH,Two year,36,106.05,No,0.2271841615906872,Low
0254-KCJGT,One year,52,81.4,No,0.22702448141524134,Low
5954-BDFSG,Two year,72,107.5,No,0.22672705185617847,Low
1696-MZVAU,One year,39,25.25,No,0.22665042614469721,Low
8847-GEOOQ,Month-to-month,60,60.2,No,0.22662006643573038,Low
7968-QUXNS,Month-to-month,6,18.95,No,0.22657191983229102,Low
1136-XGEQU,One year,50,84.15,No,0.22652536774932674,Low
4801-KFYKL,Month-to-month,8,19.45,No,0.2264056949339749,Low
2495-TTHBQ,One year,4,20.4,No,0.2263893490150287,Low
4578-PHJYZ,One year,52,68.75,No,0.22633955519596308,Low
4139-JPIAM,Month-to-month,51,44.45,No,0.22632391359984785,Low
8097-OMULG,One year,59,76.75,No,0.22629219977796414,Low
3612-YUNGG,Two year,64,109.2,No,0.22616530624109202,Low
6131-JLWZM,Month-to-month,13,20.3,No,0.2261579156458199,Low
8221-EQDGL,Month-to-month,35,61.0,No,0.22609728922689845,Low
6341-JVQGF,One year,31,81.15,No,0.22604127889465445,Low
8909-BOLNL,One year,3,21.2,No,0.22593329846967591,Low
4163-KIUHY,Month-to-month,35,25.6,No,0.22584088863588164,Low
4104-PVRPS,Month-to-month,24,53.6,No,0.22503485950394606,Low
4135-FRWKJ,One year,55,76.25,No,0.22451988594856043,Low
4137-JOPHL,Two year,50,89.7,No,0.22451371077181473,Low
3658-QQJYD,One year,62,74.3,No,0.22448271982024873,Low
7576-ASEJU,One year,41,74.7,No,0.22447048306030648,Low
5092-STPKP,Month-to-month,24,56.35,No,0.22433812107621676,Low
8851-RAGOV,Month-to-month,25,71.05,No,0.2243014968590347,Low
7094-MSZAO,Month-to-month,10,20.05,No,0.2242337084273107,Low
1696-HXOWK,One year,71,95.65,No,0.22367129267687416,Low
7100-FQPRV,One year,43,71.9,No,0.22328499010449843,Low
8735-NBLWT,Month-to-month,9,20.4,No,0.2232460026410987,Low
6838-HVLXG,Month-to-month,12,20.3,No,0.22300196179920642,Low
0347-UBKUZ,Month-to-month,15,19.9,No,0.22288949304210504,Low
6352-GIGGQ,One year,67,88.8,No,0.22266551687562858,Low
1150-WFARN,Two year,67,108.75,Yes,0.22253319558088136,Low
9518-IMLHK,Month-to-month,31,72.45,No,0.22252500500392222,Low
8318-LCNBW,One year,35,53.15,No,0.22248005399196277,Low
4355-HBJHH,Two year,67,79.7,Yes,0.22243083042919404,Low
7176-WRTNX,Two year,70,114.95,No,0.22237195938566137,Low
8573-CGOCC,Month-to-month,16,19.75,No,0.22236654346126086,Low
1402-PTHGN,One year,18,61.5,No,0.22219267180996397,Low
4003-OCTMP,One year,31,64.0,No,0.22213045404969678,Low
9405-GPBBG,Two year,64,110.5,No,0.22151868681502884,Low
0496-AHOOK,One year,24,74.4,No,0.22136158921030424,Low
6616-AALSR,Two year,65,104.3,No,0.22126652637815128,Low
5915-DGNVC,One year,49,71.8,No,0.22119909516258124,Low
4526-RMTLL,Two year,8,76.15,No,0.22117359186293925,Low
1137-DGOWI,One year,30,70.25,No,0.22115394929285984,Low
1834-ABKHQ,One year,52,50.95,No,0.2209606078535085,Low
6736-DHUQI,One year,67,84.8,No,0.22086321784118187,Low
9695-IDRZR,Two year,34,116.15,No,0.2208502863205977,Low
4627-MIHJH,Two year,69,110.25,No,0.2207166706707279,Low
9955-QOPOY,One year,69,60.8,No,0.22067631237640975,Low
1929-ZCBHE,One year,47,40.3,No,0.2205888064723668,Low
9174-IHETN,Two year,50,70.35,No,0.22054523765748352,Low
5753-QQWPW,One year,28,59.9,No,0.22048284662106857,Low
5278-PNYOX,Two year,49,100.65,No,0.22044016158647026,Low
0787-LHDYT,Month-to-month,16,20.6,No,0.22039732590621308,Low
0142-GVYSN,Month-to-month,26,20.3,No,0.220283015741886,Low
0454-OKRCT,Two year,33,80.6,No,0.22010891968977536,Low
2364-UFROM,One year,30,70.4,No,0.2201048020408785,Low
3724-UCSHY,Month-to-month,6,19.55,No,0.22009506003817525,Low
4223-BKEOR,One year,21,64.85,No,0.21981757221271,Low
4626-OZDTJ,One year,51,78.65,No,0.21971282232865288,Low
3750-RNQKR,Month-to-month,12,19.45,No,0.2196867493291576,Low
1545-JFUML,Two year,71,99.0,No,0.21967610762636972,Low
6778-EICRF,One year,24,74.8,No,0.21949697827386647,Low
2129-ALKBS,Month-to-month,40,26.2,No,0.21943039238584514,Low
4199-QHJNM,Two year,67,102.9,No,0.21934360118943283,Low
8138-EALND,Month-to-month,15,19.75,No,0.21911733919940143,Low
6870-ECSHE,One year,2,20.45,No,0.21903459084610452,Low
1298-PHBTI,Two year,71,84.8,No,0.21877386050372025,Low
0835-JKADZ,Two year,71,111.25,No,0.21840551593054566,Low
8668-KNZTI,One year,52,53.75,No,0.21825255676389582,Low
9546-KDTRB,Month-to-month,19,24.7,No,0.21824695390043033,Low
1702-CCFNJ,Month-to-month,52,61.35,No,0.21819880587670593,Low
0074-HDKDG,One year,25,61.6,No,0.21817353008168386,Low
5120-ZBLAI,One year,50,75.7,No,0.21798564382725288,Low
6674-KVJHG,One year,11,25.2,No,0.21748152839514465,Low
1338-CECEE,One year,41,68.5,No,0.21745092318194859,Low
0594-UFTUL,Month-to-month,13,19.85,No,0.21744320373554865,Low
7107-UBYKY,Month-to-month,35,25.75,No,0.21741110775504244,Low
0980-FEXWF,One year,26,50.35,No,0.21732629062765133,Low
4063-EIKNQ,Month-to-month,11,20.95,No,0.21713043616467506,Low
7136-IHZJA,Month-to-month,40,71.35,No,0.2169615855041575,Low
5327-CNLUQ,Two year,48,96.9,No,0.21694069103318905,Low
0667-NSRGI,One year,48,69.55,No,0.21691437248014467,Low
9619-GSATL,One year,43,55.45,No,0.21668221889662959,Low
5944-UGLLK,One year,53,54.9,No,0.2166500418944557,Low
9522-ZSINC,One year,13,19.95,No,0.2164578845883915,Low
0533-UCAAU,One year,57,71.1,No,0.21641067964950964,Low
6286-ZHAOK,Month-to-month,20,25.55,No,0.21639733917783502,Low
3318-ISQFQ,Month-to-month,20,19.5,No,0.21624232141008837,Low
0547-HURJB,Month-to-month,12,21.05,No,0.2160200659867771,Low
2055-BFOCC,One year,63,84.0,No,0.21586849413751258,Low
1599-MMYRQ,One year,62,81.45,No,0.21581191969823996,Low
9209-NWPGU,One year,44,65.4,No,0.21561431478845455,Low
7663-CUXZB,Two year,59,113.75,No,0.21537381142807002,Low
5414-OFQCB,Two year,57,90.45,No,0.21529575252429448,Low
4159-NAAIX,Two year,63,97.45,No,0.2152517331004368,Low
2877-VDUER,One year,35,40.9,No,0.21522310008598733,Low
5663-QBGIS,Two year,72,98.35,No,0.21521864000901908,Low
2927-CVULT,Two year,53,104.05,No,0.21500322990761261,Low
8466-PZBLH,Two year,67,104.6,No,0.21491904093549755,Low
9351-LZYGF,Month-to-month,42,66.4,No,0.21482561046252655,Low
7623-HKYRK,Month-to-month,6,19.7,No,0.21478763943545098,Low
6752-APNJL,Month-to-month,42,54.5,No,0.21474328934974612,Low
8782-NUUOL,One year,60,79.0,No,0.21434221851817298,Low
9330-VOFSZ,Two year,60,110.8,No,0.21433376543553118,Low
5975-BAICR,One year,36,63.7,No,0.2143120577661018,Low
8152-VETUR,Two year,72,97.7,No,0.21429369540771162,Low
3061-BCKYI,Month-to-month,14,19.9,No,0.21416308604190648,Low
7336-RLLRH,One year,27,80.85,No,0.21405812896747706,Low
3969-JQABI,Month-to-month,58,65.25,No,0.21396561021213098,Low
9917-KWRBE,One year,41,78.35,No,0.21395525434711213,Low
4719-UMSIY,Month-to-month,6,19.65,No,0.21383366594670297,Low
6040-CGACY,Month-to-month,15,19.6,No,0.21378947372298177,Low
6440-DKQGE,One year,30,64.5,No,0.2137149678764742,Low
9412-ARGBX,Two year,48,95.5,Yes,0.21364782258680093,Low
1474-JUWSM,One year,58,68.4,No,0.2135573036085206,Low
1744-JHKYS,Month-to-month,34,24.7,No,0.21355370827316728,Low
9959-WOFKT,Two year,71,106.7,No,0.21349160768577272,Low
1345-GKDZZ,Month-to-month,6,19.55,No,0.21342199074674298,Low
5012-YSPJJ,Month-to-month,31,54.35,No,0.21340004435156937,Low
5855-EIBDE,Two year,49,106.65,No,0.21329163598953538,Low
0895-UADGO,Two year,8,44.55,No,0.21319601596614318,Low
8099-MZPUJ,Two year,48,111.8,No,0.2131473534581938,Low
5756-OZRIO,One year,61,64.05,No,0.2131194009239448,Low
8944-AILEF,Month-to-month,15,19.45,No,0.2130622080892054,Low
5574-NXZIU,Two year,63,109.2,No,0.2128721795473382,Low
8942-DBMHZ,Month-to-month,12,20.45,No,0.21281281785084735,Low
4686-GEFRM,Two year,70,98.7,No,0.21270057303856735,Low
5149-QYTTU,One year,71,95.15,No,0.21267551247893013,Low
7758-UJWYS,Two year,34,40.55,No,0.21264388433247405,Low
1492-KGETH,One year,70,78.35,No,0.21258180191120835,Low
0983-TATYJ,One year,33,51.45,No,0.21256515584188562,Low
2958-NHPPS,Month-to-month,23,20.85,No,0.2124693302529403,Low
9199-PWQVC,One year,63,79.7,No,0.21238623686609975,Low
4079-ULGFR,Month-to-month,16,20.0,No,0.21212510587020386,Low
8166-ZZTFS,Two year,66,80.55,Yes,0.21173062916327037,Low
8071-SBTRN,Two year,70,111.15,No,0.21168078293813403,Low
9362-MWODR,Month-to-month,40,64.1,No,0.21162299315962071,Low
7711-YIJWC,One year,61,84.9,No,0.21160875259474032,Low
1032-MAELW,One year,68,78.45,No,0.21159535125056275,Low
7901-IIDQV,One year,24,54.6,No,0.2115911465519142,Low
9750-BOOHV,One year,32,30.15,No,0.2114237474391476,Low
3696-XRIEN,One year,50,82.5,No,0.2114031086471372,Low
1237-WIYYZ,Month-to-month,18,19.55,No,0.21127776915687244,Low
9500-IWPXQ,One year,61,79.4,No,0.21114694896120081,Low
3716-LRGXK,Two year,60,101.15,No,0.21104143156643115,Low
1183-CANVH,One year,23,60.0,No,0.2109533247355212,Low
2361-FJWNO,One year,40,36.0,No,0.21087758676838736,Low
1539-LNKHM,Month-to-month,12,20.4,No,0.21064399018378868,Low
6195-MELTI,One year,57,54.65,No,0.21043996436515996,Low
1036-GUDCL,Month-to-month,60,79.05,No,0.21039558722607646,Low
7636-PEPNS,One year,58,44.1,No,0.2103335584796703,Low
6620-HVDUJ,Month-to-month,24,60.45,No,0.21008842682061027,Low
8313-AFGBW,Two year,47,73.6,No,0.20977253544490126,Low
6797-LNAQX,Two year,70,98.3,Yes,0.20975875073644795,Low
2522-WLNSF,One year,34,64.2,No,0.20938610417695092,Low
5110-CHOPY,Two year,60,53.6,No,0.20922753640359715,Low
4049-ZPALD,Two year,64,99.0,No,0.20919706662998525,Low
5049-MUBWG,One year,26,75.0,No,0.2091522165314017,Low
2323-ARSVR,Two year,67,111.05,No,0.2089967510405737,Low
0742-LAFQK,Two year,72,99.15,No,0.2089177401069065,Low
9207-ZPANB,One year,37,67.45,No,0.20873373046045132,Low
5887-IKKYO,Two year,58,94.35,No,0.2085785958936854,Low
0635-WKOLD,One year,40,70.75,No,0.20839670586208223,Low
6505-OZNPG,Two year,6,63.4,No,0.20836499123884422,Low
6718-BDGHG,One year,43,64.85,No,0.2082409962602301,Low
4881-GQJTW,Month-to-month,14,19.6,No,0.20798631102430934,Low
0401-WDBXM,Two year,72,105.55,No,0.20785430699272123,Low
8591-TKMZH,Two year,59,111.1,No,0.2077012991907537,Low
9053-JZFKV,Two year,67,116.2,Yes,0.2076610945562076,Low
5204-HMGYF,One year,49,87.2,No,0.2074541204237744,Low
7994-XIRTR,One year,54,65.25,No,0.2073833758906876,Low
2202-OUTMO,Month-to-month,34,60.85,No,0.20735014205696653,Low
8760-ZRHKE,One year,71,69.2,No,0.20722301254752776,Low
3752-CQSJI,Month-to-month,13,20.45,No,0.20712965379598838,Low
5671-RQRLP,Two year,70,75.65,No,0.2070228200392694,Low
9146-JRIOX,Month-to-month,14,25.55,No,0.2069200139401947,Low
2546-KZAAT,One year,52,75.4,No,0.20685497138125075,Low
2150-WLKUW,One year,40,63.9,No,0.20628460629067205,Low
8869-LIHMK,Two year,64,115.1,No,0.20598608251253794,Low
2054-PJOCK,One year,60,80.55,No,0.20598301794918264,Low
2466-NEJOJ,Month-to-month,8,19.65,No,0.20561565550095162,Low
4057-FKCZK,Two year,58,82.5,No,0.20553183289422025,Low
3569-VLDHH,One year,66,75.1,No,0.20536222329184464,Low
1832-PEUTS,Two year,62,89.1,No,0.20532869472088022,Low
0930-EHUZA,One year,36,76.35,No,0.20510641410346758,Low
1171-TYKUR,Month-to-month,47,25.4,No,0.20480499426660898,Low
8311-UEUAB,Two year,67,75.5,No,0.20462599603737122,Low
5025-GOOKI,Month-to-month,20,18.9,No,0.2045552781893489,Low
4636-OLWOE,One year,54,61.0,No,0.20436641740645867,Low
1936-UAFEH,Two year,68,110.25,No,0.2040182641095609,Low
7998-ZLXWN,Month-to-month,15,20.45,No,0.203938262842657,Low
7021-XSNYE,Two year,7,49.65,No,0.20392472549683788,Low
7707-PYBBH,Month-to-month,40,61.9,No,0.20384567068532264,Low
8777-MBMTS,Two year,65,105.85,No,0.2036879221892744,Low
7182-OVLBJ,Two year,62,101.15,No,0.20345055855958097,Low
3617-XLSGQ,Two year,66,109.25,No,0.2034458348872169,Low
3340-QBBFM,One year,36,54.1,No,0.20334125805750403,Low
8259-DZLIZ,One year,64,53.85,No,0.20325889497261698,Low
9796-MVYXX,Two year,14,39.7,No,0.2032578527171017,Low
9092-GDZKO,Month-to-month,22,24.85,No,0.2028339832514732,Low
9577-WJVCQ,Month-to-month,68,54.45,No,0.20265165489271889,Low
2511-MORQY,One year,50,54.9,No,0.20263754032891015,Low
0234-TEVTT,One year,48,45.0,No,0.20256920896153388,Low
9845-PEEKO,Two year,59,79.2,No,0.20256188979519915,Low
7110-BDTWG,Two year,71,47.05,No,0.2024931626662124,Low
7508-KBIMB,One year,24,56.25,No,0.2023748781918654,Low
5203-XEHAX,One year,34,64.35,No,0.20199355083711568,Low
3908-MKIMJ,Two year,68,41.95,No,0.20169471679492798,Low
6999-CHVCF,Two year,68,102.1,No,0.20167277203779702,Low
9558-IHEZX,Two year,71,106.75,No,0.20148313434048476,Low
7690-KPNCU,One year,64,73.05,No,0.20138862893472143,Low
7868-TMWMZ,Two year,60,110.0,No,0.20131666485735353,Low
4667-QONEA,One year,60,74.85,No,0.20130412144382964,Low
4378-MYPGO,Two year,68,105.25,No,0.2009077208786137,Low
5073-RZGBK,One year,50,80.05,No,0.20087105194455274,Low
1179-INLAT,One year,3,19.45,No,0.20062873718855262,Low
5214-NLTIT,Two year,72,90.8,No,0.20055166509820113,Low
0020-INWCK,Two year,71,95.75,No,0.20045355047213245,Low
7971-HLVXI,Two year,72,84.5,No,0.20039705933698795,Low
3739-YBWAB,One year,36,35.35,No,0.20035513979693118,Low
3824-RHKVR,Month-to-month,17,19.7,No,0.19997898609939635,Low
0458-HEUZG,Two year,13,35.4,No,0.19993615985390029,Low
5090-EMGTC,Two year,59,100.05,No,0.19993157761470495,Low
4032-RMHCI,One year,41,35.4,No,0.1997635666558295,Low
1301-LOPVR,One year,29,55.35,No,0.1997093456309501,Low
2667-WYLWJ,One year,8,19.75,Yes,0.19954208542884078,Low
3621-CHYVB,Month-to-month,57,49.9,No,0.19949897446585674,Low
5537-UXXVS,Month-to-month,20,19.25,No,0.19906528614041819,Low
5061-PBXFW,Month-to-month,32,61.4,No,0.19889871757011757,Low
1303-SRDOK,Two year,55,69.05,No,0.19854413750509572,Low
8457-XIGKN,Month-to-month,20,19.6,No,0.19849600012036211,Low
7801-CEDNV,One year,27,48.7,No,0.19830923254170876,Low
6036-TTFYU,Month-to-month,16,19.6,No,0.19822622325813166,Low
3487-EARAT,One year,70,74.1,No,0.1981756042034938,Low
5777-ZPQNC,One year,12,20.15,No,0.1976453121397738,Low
1140-UKVZG,Month-to-month,17,24.8,No,0.19742089734796495,Low
1488-SYSFC,Month-to-month,31,20.65,No,0.19731371087172095,Low
6174-NRBTZ,One year,46,30.75,No,0.1973039483055337,Low
7833-PKIHD,One year,51,76.4,No,0.19721954734617578,Low
7492-TAFJD,Two year,7,38.55,No,0.19715079705642086,Low
8016-ZMGMO,One year,66,70.85,No,0.1969235604103337,Low
3407-JMJQQ,Two year,71,109.0,No,0.19674452776456913,Low
9746-YKGXB,One year,52,44.25,No,0.19672443310413373,Low
4393-OBCRR,One year,3,20.25,No,0.1965881305351177,Low
5173-ZXXXL,One year,2,19.95,No,0.19656754541957006,Low
9350-ZXYJC,Two year,4,25.3,No,0.1963995414360352,Low
6194-HBGQN,One year,51,81.15,No,0.19630785223246158,Low
1576-PFZIW,Two year,70,105.35,No,0.1961925544645385,Low
4730-AWNAU,One year,36,60.7,No,0.19617043340789223,Low
9640-ZSLDC,One year,53,60.6,No,0.19601187337414167,Low
2541-YGPKE,One year,42,63.7,No,0.19596799360498254,Low
6244-BESBM,Two year,69,95.2,No,0.1959017841141667,Low
6061-GWWAV,One year,41,70.2,No,0.1958461021546722,Low
7812-FZHPE,Month-to-month,17,24.1,Yes,0.19565695497145105,Low
1218-VKFPE,Month-to-month,12,19.0,Yes,0.19565505888586557,Low
1661-CZBAU,One year,48,70.95,No,0.195572829078452,Low
8821-KVZKQ,One year,70,58.4,No,0.19549418547183003,Low
7925-PNRGI,Month-to-month,45,81.3,No,0.19526333002077478,Low
5018-LXQQG,Month-to-month,30,66.3,No,0.19524667488003858,Low
7619-PLRLP,One year,53,74.1,No,0.19518549560650775,Low
8383-SGHJU,One year,33,59.4,No,0.19509301536310833,Low
6295-OSINB,Two year,72,109.65,No,0.19507926774292053,Low
5539-HIVAK,Month-to-month,28,25.7,No,0.1949583230742157,Low
7520-HQWJU,Month-to-month,66,67.45,No,0.19494554311943074,Low
3190-FZATL,Month-to-month,14,19.95,No,0.19486265001822461,Low
5468-BPMMO,Month-to-month,46,19.6,No,0.19448811941414745,Low
9411-TPQQV,One year,40,54.55,No,0.1944192997013551,Low
8246-SHFGA,Month-to-month,17,21.1,No,0.1944166419514301,Low
5447-VYTKW,Month-to-month,27,53.45,No,0.19426442372072159,Low
7566-DSRLQ,Two year,72,110.15,No,0.1941334005923956,Low
2453-SAFNS,One year,54,72.1,No,0.19408826899560525,Low
4054-CUMIA,Month-to-month,18,20.25,No,0.1939844275351006,Low
0727-BNRLG,Two year,69,97.65,No,0.1937936523714786,Low
5985-TBABQ,One year,32,74.75,No,0.1937822611238727,Low
2144-ESWKO,One year,43,35.2,No,0.19368265398003093,Low
2469-DTSGX,Two year,72,111.65,No,0.1936704580824581,Low
9906-NHHVC,Two year,65,53.5,No,0.19365714738802814,Low
7445-WMRBW,One year,48,73.85,No,0.19349968455170719,Low
3055-VTCGS,One year,63,58.55,No,0.19346572317412494,Low
5384-ZTTWP,Month-to-month,15,19.8,No,0.19337652365435487,Low
0323-XWWTN,Two year,3,26.4,No,0.1933628857261984,Low
8738-JOKAR,One year,42,67.7,No,0.1929513387720476,Low
5546-BYZSM,Month-to-month,41,20.45,No,0.19293405371657818,Low
6598-KELSS,One year,50,43.05,No,0.19293379351059828,Low
4616-ULAOA,Two year,65,110.8,No,0.1928864684442116,Low
8727-XDPUD,Two year,37,35.8,No,0.19287956514928437,Low
6048-UWKAL,Two year,69,105.4,No,0.19283939887837986,Low
0756-MPZRL,One year,46,33.7,No,0.1927295715809444,Low
9720-JJJOR,One year,41,60.3,No,0.19259737222951578,Low
7765-LWVVH,Two year,72,95.1,No,0.19259001273673085,Low
0392-BZIUW,Two year,72,105.0,No,0.19250809559287207,Low
0617-AQNWT,Two year,64,47.85,Yes,0.19249265793099515,Low
2550-AEVRU,One year,57,53.45,No,0.19228336661846113,Low
0956-SYCWG,One year,13,19.65,No,0.19222414385904474,Low
2930-UOTMB,Month-to-month,31,65.25,Yes,0.19214151508977967,Low
5375-XLDOF,Two year,69,114.35,No,0.1918974416081297,Low
9251-WNSOD,One year,67,75.1,No,0.19180579161249633,Low
6670-MFRPK,Two year,69,79.2,No,0.19131582819729318,Low
6121-TNHBO,One year,63,83.0,No,0.19093676198306397,Low
2272-WUSPA,Two year,72,110.75,No,0.19056633115473762,Low
4830-FAXFM,Month-to-month,19,24.1,No,0.19043949777269384,Low
8328-SKJNO,One year,23,40.65,No,0.1901325054785772,Low
7876-AEHIG,One year,51,60.15,No,0.1901051673697839,Low
8387-UGUSU,Month-to-month,15,20.05,No,0.18999102251148473,Low
8752-IMQOS,One year,5,20.1,No,0.1899180248390208,Low
0536-ACXIP,Two year,72,109.55,No,0.18945416518089786,Low
0661-KQHNK,One year,6,19.0,No,0.18922826269292933,Low
7691-KGKGP,Month-to-month,53,65.0,No,0.1891830474116412,Low
3441-CGZJH,One year,43,60.4,No,0.18915324991545632,Low
9730-DRTMJ,One year,32,72.8,No,0.18893492400484552,Low
4922-CVPDX,Two year,26,73.5,No,0.18866538120457776,Low
4134-BSXLX,Month-to-month,28,60.9,No,0.1886564935323698,Low
1741-WTPON,Two year,56,115.85,No,0.1885735777914393,Low
2484-DGXPZ,Month-to-month,31,19.55,Yes,0.18815724927415703,Low
9575-IWCAZ,One year,6,25.1,No,0.18809247049371067,Low
5917-HBSDW,Month-to-month,37,19.35,No,0.18796650164648848,Low
0572-ZJKLT,Two year,46,99.65,No,0.18784868977170535,Low
8659-IOOPU,Two year,71,100.45,No,0.18759081008411557,Low
8898-KASCD,One year,39,35.55,No,0.1874065367904504,Low
5055-BRMNE,Two year,67,106.7,No,0.18691298974393022,Low
4778-IZARL,Two year,63,110.1,No,0.18688946942124174,Low
6103-QCKFX,Month-to-month,44,56.25,No,0.18651360793348296,Low
9063-ZGTUY,Month-to-month,61,19.4,Yes,0.18633648775718972,Low
6476-EPYZR,Month-to-month,12,20.5,No,0.18627607025971843,Low
2580-ASVVY,Two year,37,45.4,No,0.18614347089683692,Low
3205-MXZRA,One year,26,59.45,No,0.1860450189216718,Low
8261-GWDBQ,Two year,60,116.05,No,0.1859422780990381,Low
6478-HRRCZ,One year,32,70.5,No,0.18586016808932984,Low
4670-TABXH,Two year,72,109.75,No,0.1857651741534823,Low
1038-ZAGBI,One year,12,19.8,Yes,0.18538558732809968,Low
8480-PPONV,Two year,62,115.55,No,0.18536418161747065,Low
6322-HRPFA,Month-to-month,49,59.6,No,0.18532887833420306,Low
6614-FHDBO,Two year,72,109.2,No,0.18532754946051921,Low
9867-NNXLC,Month-to-month,22,20.05,No,0.18530722117183995,Low
0181-RITDD,Two year,62,108.15,No,0.18530481616328298,Low
5825-XJOCM,One year,48,64.4,No,0.18522930496223983,Low
0104-PPXDV,One year,58,50.3,No,0.18518971866583786,Low
2812-ENYMO,One year,26,54.55,No,0.18507871520145155,Low
6171-ZTVYB,Month-to-month,43,66.25,No,0.18507758391545512,Low
7134-HBPBS,Two year,72,108.1,No,0.18491545497325412,Low
8901-UPRHR,Two year,72,109.2,No,0.1848783438456197,Low
2038-YSEZE,Month-to-month,29,67.45,No,0.18476475913271606,Low
1057-FOGLZ,Month-to-month,18,19.65,No,0.184461328553025,Low
9967-ATRFS,Month-to-month,19,19.9,No,0.1842259521491064,Low
4890-VMUAV,One year,63,71.5,No,0.18421335876599432,Low
1162-ECVII,Two year,72,109.75,No,0.18412763649663175,Low
2192-CKRLV,Two year,72,49.2,No,0.18386151815630108,Low
0310-SUCIN,One year,71,84.8,No,0.18359985329275413,Low
4884-TVUQF,Two year,57,101.3,No,0.18346957159560995,Low
3623-FQBOX,Month-to-month,21,19.95,No,0.18336650132464696,Low
5161-UBZXI,Two year,69,106.35,No,0.18328958569670512,Low
3605-JISKB,One year,55,60.0,No,0.18320609817668548,Low
0862-PRCBS,Two year,68,103.75,No,0.18298769792068537,Low
3387-PLKUI,Month-to-month,13,18.8,No,0.18266470635020557,Low
8498-XXGWA,Month-to-month,65,55.15,No,0.1825824526390217,Low
5829-NVSQN,One year,23,68.75,No,0.18252389857440804,Low
2926-JEJJC,One year,8,20.2,No,0.1825156807150549,Low
2632-IVXVF,Two year,68,111.75,No,0.18235616496685433,Low
9928-BZVLZ,Two year,12,49.85,No,0.18214158488411147,Low
9553-DLCLU,Two year,13,88.95,No,0.18178157519464974,Low
1904-WAJAA,Two year,24,64.35,No,0.18159499531224538,Low
7542-CYDDM,Month-to-month,18,20.05,No,0.18147140327708228,Low
2351-RRBUE,One year,7,20.65,No,0.18133281628834902,Low
8075-GXIUB,One year,9,19.85,No,0.1811627518424649,Low
3926-YZVVX,One year,41,50.05,No,0.1806747131758064,Low
4547-FZJWE,One year,55,59.45,No,0.18063328383977256,Low
3705-RHRFR,Two year,69,99.15,No,0.1805513494625141,Low
6114-TCFID,One year,29,39.5,No,0.18036965908024988,Low
2096-XOTMO,Month-to-month,16,19.35,No,0.18022187477470167,Low
6727-IOTLZ,Two year,14,81.95,No,0.1800153909808998,Low
2789-CZANW,Two year,64,110.3,No,0.17998731322177222,Low
5998-DZLYR,Two year,61,94.35,No,0.17988215808355085,Low
0868-VJRDR,Two year,64,104.05,No,0.17979243676854242,Low
1866-DIOQZ,One year,71,66.8,No,0.17977968064554553,Low
4445-KWOKW,One year,42,60.15,No,0.1796427959125876,Low
5199-FPUSP,One year,33,34.05,No,0.17954378235376262,Low
0516-QREYC,Month-to-month,24,20.3,No,0.17932205924802902,Low
1577-HKTFG,Month-to-month,30,19.65,Yes,0.17929540778693445,Low
3259-KNMRR,Two year,57,79.75,No,0.1791156088357786,Low
2434-EEVDB,Two year,64,94.6,No,0.17889039341931615,Low
8883-ANODQ,Two year,68,84.4,No,0.17885376790599633,Low
3823-KYNQY,One year,12,24.95,No,0.17852374453024328,Low
9313-CDOGY,Month-to-month,38,19.6,No,0.178376318673153,Low
0378-XSZPU,One year,58,60.3,Yes,0.1783413028265613,Low
8184-WMOFI,One year,62,71.4,No,0.17797204021375218,Low
5696-CEIQJ,Two year,67,103.15,No,0.177236275867505,Low
8792-AOROI,Two year,8,65.5,No,0.17719448203179256,Low
2361-UPSND,One year,46,70.6,No,0.17716308540444337,Low
4806-DXQCE,Two year,70,113.65,No,0.17702723459669434,Low
1154-HYWWO,One year,38,70.6,No,0.17677997565435657,Low
9391-TTOYH,Month-to-month,23,19.5,No,0.17648432977193435,Low
1555-DJEQW,Two year,70,114.2,Yes,0.1764591129352094,Low
9330-DHBFL,One year,23,66.25,No,0.17642123591835068,Low
6506-EYCNH,Month-to-month,28,19.55,No,0.1762957573522897,Low
7923-IYJWY,Two year,67,116.1,No,0.17568758749230842,Low
3727-OWVYD,One year,35,61.2,No,0.17563750040055506,Low
9220-ZNKJI,Two year,55,88.8,No,0.17544600901255747,Low
8672-OAUPW,One year,51,47.85,No,0.17543484375666352,Low
7191-ADRGF,Two year,44,54.3,No,0.17541561592614047,Low
0020-JDNXP,One year,34,61.25,No,0.17528438842730384,Low
9560-BBZXK,Two year,36,31.05,No,0.1751339719947478,Low
1430-SFQSA,One year,29,35.6,No,0.17494308005215886,Low
9782-LGXMC,Month-to-month,49,61.75,No,0.17488267231342622,Low
4403-BWPAY,One year,14,24.8,No,0.1748192288255743,Low
6543-JXSOO,One year,23,57.75,No,0.17472709962212296,Low
5619-XZZKR,One year,4,19.95,No,0.1746882664230615,Low
7269-JISCY,One year,55,45.05,No,0.17441591131548412,Low
4999-IEZLT,One year,66,29.45,No,0.17440207315591458,Low
7762-ONLJY,One year,6,19.7,No,0.17424109300682178,Low
7995-ZHHNZ,One year,42,56.1,No,0.17399897914292303,Low
8815-LMFLX,Month-to-month,25,25.4,No,0.17386730721712493,Low
1455-HFBXA,Two year,52,91.6,No,0.1737884133725687,Low
9610-WCESF,Two year,67,43.9,No,0.17366896248952862,Low
6682-VCIXC,One year,43,51.25,No,0.17354303244875482,Low
5965-GGPRW,Two year,72,105.25,No,0.17347254058623107,Low
6435-VWCCY,Two year,65,92.7,No,0.17346421139094084,Low
4829-ZLJTK,Two year,72,112.4,No,0.17263246380664146,Low
6837-BJYDQ,One year,3,19.6,No,0.17261670207920018,Low
9715-SBVSU,Two year,14,61.4,No,0.17254070844012956,Low
0254-FNMCI,Two year,72,109.9,No,0.1725022137903258,Low
6082-GLJIX,Month-to-month,18,19.25,No,0.172217313516363,Low
9000-PLFUZ,Two year,60,49.45,No,0.17206789004268688,Low
9359-UGBTK,One year,67,72.35,No,0.1720294758332422,Low
9861-PDSZP,Two year,72,108.05,No,0.1714017926938299,Low
9589-ABEPT,Two year,69,92.45,No,0.17121999694682985,Low
8085-MSNLK,Two year,62,113.95,No,0.1711682628056266,Low
9670-BPNXF,One year,45,62.55,No,0.17085896412207063,Low
8469-SNFFH,One year,70,79.4,No,0.17078722513958303,Low
3486-KHMLI,Month-to-month,21,24.7,No,0.1703185886754176,Low
6339-TBELP,Two year,71,86.4,No,0.17001532875891193,Low
8232-CTLKO,Two year,66,59.75,No,0.16967956628716618,Low
7581-EBBOU,One year,60,70.15,No,0.16966725018438614,Low
0221-NAUXK,One year,10,19.95,No,0.16945523979669155,Low
0254-WWRKD,One year,67,50.55,No,0.1693320728171138,Low
5327-XOKKY,Two year,72,73.45,No,0.16923097371911341,Low
0056-EPFBG,Two year,20,39.4,No,0.16875368586494094,Low
1325-USMEC,Two year,70,99.35,No,0.16867331185469084,Low
4994-OBRSZ,Two year,14,76.1,No,0.16866627543310259,Low
4623-ZKHLY,Month-to-month,22,20.45,No,0.16866288530990672,Low
2039-JONDJ,One year,27,55.45,No,0.1685980986963797,Low
0967-BMLBD,One year,11,20.0,No,0.1684491695918795,Low
4877-TSOFF,One year,55,75.75,No,0.16810497352172815,Low
6950-TWMYB,Two year,54,79.95,No,0.16769361285669904,Low
9253-VIFJQ,One year,65,67.05,No,0.16767413197552442,Low
7945-HLKEA,One year,60,64.75,No,0.16733309166189092,Low
3315-IKYZQ,One year,28,50.8,No,0.16728989076394488,Low
9570-KYEUA,Two year,64,99.25,No,0.1672552980605553,Low
6211-WWLTF,Two year,63,99.7,No,0.16725079270509782,Low
4086-ATNFV,One year,34,60.8,No,0.16710718142634673,Low
5844-QVTAT,One year,33,58.45,No,0.1669232676284695,Low
7710-JSYOA,Two year,69,93.3,No,0.1669173225036656,Low
0813-TAXXS,Two year,55,77.8,No,0.16683120229944406,Low
7089-RKVSZ,One year,8,24.4,No,0.16672796082584113,Low
0530-IJVDB,Two year,70,114.6,No,0.16666764648826551,Low
4537-CIBHB,One year,9,20.25,No,0.16642618510423055,Low
5499-ECUTN,One year,47,66.05,No,0.16639889336433678,Low
2243-FNMMI,Month-to-month,20,19.4,No,0.16637390146668288,Low
4909-JOUPP,Two year,72,109.7,No,0.1658036062099297,Low
9236-NDUCW,Two year,21,35.1,No,0.1658032327894252,Low
2348-KCJLT,One year,44,61.5,No,0.1655022397144111,Low
6726-NNFWD,Two year,71,89.45,No,0.16544804689858622,Low
0484-JPBRU,Month-to-month,41,25.25,No,0.16538430387482,Low
6878-GGDWG,Month-to-month,32,19.4,No,0.16537236760064028,Low
6131-IUNXN,Month-to-month,19,20.2,No,0.16535754349749585,Low
3239-TPHPZ,Two year,12,20.05,No,0.1653495142851098,Low
1680-VDCWW,One year,12,19.8,No,0.16526711608457176,Low
4808-YNLEU,One year,35,62.15,No,0.16525430870884666,Low
4597-ELFTS,One year,56,24.9,Yes,0.16521757802689677,Low
6374-NTQLP,Two year,72,104.1,No,0.16519166079414965,Low
5256-SKJGO,Two year,64,54.6,No,0.1650658478521273,Low
1265-HVPZB,One year,59,66.4,No,0.16488102784379288,Low
1431-CYWMH,Month-to-month,22,19.05,No,0.16466788682720068,Low
3280-MRDOF,Two year,30,69.1,No,0.16463106445050996,Low
8097-VBQTZ,Month-to-month,54,69.9,No,0.16461580971073278,Low
1544-JJMYL,One year,27,69.35,No,0.16367058509231025,Low
5304-EFJLP,Two year,72,111.65,No,0.1635233681192494,Low
5498-IBWPI,One year,66,49.4,No,0.1632537381968303,Low
3585-YNADK,One year,57,74.6,No,0.163250768813429,Low
7677-SJJJK,One year,8,19.9,No,0.16317502855141963,Low
2325-ZUSFD,One year,57,70.1,Yes,0.16314961107880396,Low
8204-TIFGJ,Month-to-month,23,20.3,No,0.16299475634460503,Low
6434-TTGJP,Two year,10,53.7,No,0.16294401198033082,Low
7325-ENZFI,One year,39,40.3,No,0.16292769980965738,Low
7010-ZMVBF,Month-to-month,18,20.45,No,0.16283671327298194,Low
2061-VVFST,Month-to-month,37,19.5,No,0.1626607180639436,Low
0993-OSGPT,One year,68,60.65,No,0.1625033759014712,Low
1206-EHBDD,Two year,56,80.3,No,0.16248125469961994,Low
6064-PUPMC,One year,23,57.2,No,0.1624761364023912,Low
9830-ECLEN,One year,58,50.0,No,0.16247541186513526,Low
0872-CASZJ,One year,59,69.1,No,0.1624006858114593,Low
6993-YGFJV,Two year,69,112.55,No,0.16220251440565592,Low
0743-HNPFG,One year,51,69.75,No,0.16196905633813097,Low
7375-WMVMT,Two year,71,95.5,No,0.16196595162214897,Low
7047-YXDMZ,Month-to-month,21,20.0,No,0.1617896658986123,Low
5245-VDBUR,One year,52,35.45,No,0.16162428136637694,Low
7032-LMBHI,One year,37,64.65,No,0.16151090516798075,Low
7771-ZONAT,Two year,22,56.75,No,0.16139352368323434,Low
6693-DJWTY,One year,35,55.6,No,0.1613042826275502,Low
5387-ASZNZ,One year,66,63.85,No,0.16128375141859336,Low
3043-SUDUA,Month-to-month,32,19.9,No,0.16100592466307656,Low
7730-CLDSV,Two year,72,98.65,No,0.16074397179014832,Low
7244-QWYHG,One year,50,44.45,No,0.16068438669762286,Low
2164-SOQXL,Month-to-month,20,20.05,No,0.1606454873205342,Low
5791-KAJFD,One year,56,68.75,No,0.16055394575920934,Low
3530-VWVGU,Month-to-month,22,19.9,No,0.16041103268399143,Low
2664-XJZNO,Two year,72,104.9,No,0.16028948134970436,Low
5789-LDFXO,One year,24,24.6,No,0.15978365500538724,Low
0023-UYUPN,One year,50,25.2,No,0.15973763219294085,Low
9777-IQHWP,Two year,64,93.4,No,0.15963197670125415,Low
9442-JTWDL,One year,11,20.05,No,0.15961637356734387,Low
8208-EUMTE,Two year,16,54.85,No,0.15959076332093816,Low
9926-PJHDQ,Two year,72,76.8,No,0.15937948738697066,Low
8780-RSYYU,Month-to-month,25,19.2,No,0.15934174881408467,Low
6260-XLACS,One year,4,19.7,No,0.15907256637635261,Low
9127-QRZMH,One year,44,59.85,No,0.15864591255020738,Low
7353-YOWFP,One year,7,20.25,No,0.1582171213920994,Low
1866-ZSLJM,Month-to-month,21,20.5,No,0.15814673483064556,Low
4291-YZODP,One year,7,20.05,No,0.15799912207287603,Low
7247-XOZPB,One year,53,77.4,No,0.15779987700646073,Low
4227-OJHAL,One year,68,73.0,No,0.15777283817343077,Low
1936-CZAKF,Two year,49,49.65,No,0.1577646063300198,Low
0487-VVUVK,Month-to-month,25,19.15,No,0.1576733069032376,Low
2120-SMPEX,Month-to-month,25,20.15,No,0.15731259549025475,Low
6419-ZTTLE,One year,23,20.75,No,0.15692639250387394,Low
1952-DVVSW,One year,10,20.1,No,0.15651412725504735,Low
3882-IYOIJ,Two year,60,115.25,No,0.15649620218936203,Low
8869-TORSS,One year,48,60.35,Yes,0.1563331440542576,Low
0866-QLSIR,One year,34,64.4,Yes,0.15632621098577257,Low
4039-PIMHX,Two year,49,49.8,No,0.15570274632436842,Low
7973-DZRKH,Two year,66,90.95,No,0.15563368685429632,Low
7956-XQWGU,Month-to-month,27,19.4,No,0.15547271441730534,Low
2405-LBMUW,One year,61,50.7,No,0.1552066185843923,Low
0320-DWVTU,Two year,53,99.5,No,0.15513631208243472,Low
3249-VHRIP,Two year,62,43.6,No,0.15500221641885675,Low
2878-RMWXY,Two year,72,102.65,No,0.15476778295717591,Low
8690-UPCZI,One year,29,69.05,No,0.15461685944765635,Low
2703-AMTUL,One year,36,53.65,No,0.1545486908962423,Low
9625-QNLUX,Two year,68,103.25,No,0.15430183296249492,Low
3566-CAAYU,Two year,64,49.85,No,0.15427791426749846,Low
5186-PEIZU,Month-to-month,35,19.25,No,0.15420038497626046,Low
4751-ERMAN,Two year,72,75.4,No,0.15419120182027296,Low
1291-CUOCY,Two year,72,110.6,No,0.15405516243161788,Low
1915-OAKWD,One year,16,19.3,No,0.1537792975563373,Low
0019-EFAEP,Two year,72,101.3,No,0.15360501230411228,Low
2999-AANRQ,Two year,21,71.05,No,0.15353386749342537,Low
6827-IEAUQ,One year,27,66.15,No,0.15327274424995355,Low
4114-QMKVN,One year,56,68.75,No,0.1531206394890072,Low
4981-FLTMF,Month-to-month,57,65.2,No,0.15287780526004294,Low
7055-JCGNI,Two year,70,111.95,No,0.15246370205285728,Low
4513-CXYIX,Two year,71,80.7,No,0.15240854011703445,Low
7005-CYUIL,Two year,71,99.4,No,0.1520160329237736,Low
1498-DQNRX,Month-to-month,29,19.85,No,0.15199340049519933,Low
0253-ZTEOB,Two year,48,79.65,No,0.15182565352958702,Low
3146-JTQHR,One year,10,19.6,No,0.15175686013019146,Low
3750-YHRYO,One year,7,20.65,No,0.1515752391688033,Low
4616-EWBNJ,One year,16,20.1,No,0.1514043409973814,Low
6810-VCAEX,One year,47,39.65,No,0.1511008217356074,Low
2368-GAKKQ,Two year,70,113.65,No,0.15095477584956793,Low
0519-DRGTI,Month-to-month,20,20.35,No,0.1509137157723864,Low
5372-FBKBN,Month-to-month,21,20.75,No,0.15069539034767765,Low
2673-ZALNP,One year,7,19.9,No,0.15057617342420018,Low
9470-YFUYI,One year,71,71.0,No,0.15044147094180252,Low
8853-TZDGH,Two year,72,111.6,No,0.15018912741885682,Low
6371-NZYEG,Two year,16,64.25,No,0.1500849454779919,Low
7435-ZNUYY,One year,6,20.6,No,0.14996810117516882,Low
3518-FSTWG,Two year,72,109.55,No,0.14991318568198306,Low
0412-UCCNP,Two year,55,59.2,No,0.1498044288183047,Low
7017-VFHAY,Two year,61,115.1,No,0.1497657106799608,Low
8292-FRFZQ,One year,39,41.15,No,0.14944321381480458,Low
5961-VUSRV,One year,12,19.35,No,0.1493966819035799,Low
3259-QMXUN,Two year,58,86.1,No,0.14912720045164546,Low
0248-PGHBZ,Two year,67,92.45,No,0.14907945633971043,Low
7255-SSFBC,Two year,72,112.25,No,0.14903328686775733,Low
4942-VZZOM,One year,64,66.15,No,0.14896348083079924,Low
6924-TDGMT,One year,11,20.55,No,0.1487155046071915,Low
5271-YNWVR,Two year,68,113.15,Yes,0.14867728665202462,Low
2027-DNKIV,One year,37,58.75,No,0.1485736412544731,Low
9066-QRSDU,One year,69,26.3,No,0.1484386929899939,Low
0191-EQUUH,Two year,25,35.05,No,0.14788347593122467,Low
2137-DQMEV,One year,68,44.8,No,0.147850492741446,Low
5995-WWKKG,One year,37,19.8,No,0.14782361160284685,Low
5442-BXVND,Month-to-month,33,24.25,No,0.1477134082760401,Low
4530-NDRKU,One year,42,19.05,No,0.147662845597176,Low
6504-VBLFL,Two year,55,58.6,No,0.14762171074289193,Low
6252-DFGTK,One year,37,68.1,No,0.14762070435093363,Low
0810-DHDBD,One year,52,74.0,No,0.14759485089365154,Low
7173-TETGO,Two year,72,78.5,No,0.14753116735199062,Low
9351-HXDMR,Two year,72,110.9,No,0.14742125265084285,Low
0619-OLYUR,Two year,72,111.9,No,0.14724157768983728,Low
0516-VRYBW,One year,18,20.15,Yes,0.1472127029986664,Low
5820-PTRYM,One year,56,68.45,No,0.14720719909157792,Low
9467-ROOLM,Month-to-month,25,19.05,No,0.1469973209828155,Low
3244-CQPHU,Two year,72,110.1,No,0.1469672348185468,Low
8631-XVRZL,One year,9,20.15,No,0.1469073587617978,Low
6147-CBCRA,Month-to-month,33,20.05,No,0.14682835483895543,Low
0230-UBYPQ,One year,63,36.1,No,0.14668027448658602,Low
0014-BMAQU,Two year,63,84.65,No,0.14664448798344154,Low
6509-TSGWN,Month-to-month,37,26.45,No,0.14647794358710653,Low
0895-LNKRC,One year,6,19.45,No,0.14592168745626288,Low
7253-UVNDW,Two year,46,54.35,Yes,0.14562699600615012,Low
1122-YJBCS,One year,69,53.65,No,0.1456257446675393,Low
2225-ZRGSG,Two year,70,93.9,Yes,0.14547556138799952,Low
6584-VQMYT,One year,27,56.2,No,0.1453478013548151,Low
5575-GNVDE,One year,34,56.95,No,0.14524889084210854,Low
1839-UMACK,One year,42,25.05,No,0.14505412831542114,Low
9581-GVBXT,One year,59,34.8,No,0.14504397952202128,Low
0106-UGRDO,Two year,69,116.0,No,0.14489935125388884,Low
3422-WJOYD,One year,28,54.35,No,0.14470808237596625,Low
0788-DXBFY,One year,58,19.55,No,0.1446104996609921,Low
8595-SIZNC,One year,22,25.6,No,0.1445443780861531,Low
4318-RAJVY,One year,10,19.8,No,0.14437806861491234,Low
1063-DHQJF,Two year,69,92.15,No,0.14437219364532441,Low
6461-PPAXN,One year,35,54.95,No,0.14436057000534386,Low
8332-OSJDW,One year,12,26.4,No,0.14413033589416874,Low
8958-JPTRR,One year,56,24.3,No,0.14379940571721508,Low
3372-CDXFJ,One year,13,24.5,No,0.14372145183653337,Low
6094-ZIVKX,One year,68,54.45,No,0.1435929939857134,Low
9150-HEPMB,One year,56,52.7,No,0.14349766636606792,Low
8681-ICONS,Month-to-month,29,20.65,No,0.14341081997922084,Low
3423-HHXAO,One year,14,19.5,No,0.14326338403036293,Low
8809-XKHMD,Two year,72,100.55,No,0.1431823864036209,Low
9142-XMYJH,Month-to-month,29,19.35,No,0.1430486500459784,Low
7321-ZNSLA,Two year,13,40.55,No,0.14299521442289412,Low
3374-PZLXD,Month-to-month,34,19.7,No,0.14291311252551506,Low
2907-ILJBN,One year,11,20.6,No,0.14286544079580762,Low
1937-OTUKY,Two year,72,98.2,No,0.14281790189162258,Low
3401-URHDA,One year,51,59.9,No,0.14279494063115683,Low
7029-IJEJK,One year,54,44.1,No,0.14258424345400533,Low
4560-WQAQW,One year,59,68.7,No,0.14255710474534558,Low
9102-OXKFY,Two year,59,54.15,No,0.1425117307421079,Low
9313-QOLTZ,Month-to-month,26,20.9,No,0.14249140982700817,Low
8984-HPEMB,Two year,71,118.65,No,0.14224914804111644,Low
9866-OCCKE,Two year,72,109.75,No,0.14224582743529285,Low
8309-PPCED,Two year,72,110.45,No,0.14181276756482886,Low
9995-HOTOH,Two year,63,59.0,No,0.14170101140507468,Low
1534-OULXE,One year,61,49.7,No,0.14164882389836328,Low
8570-KLJYJ,One year,36,54.45,No,0.14156439673368848,Low
7929-SKFGK,Two year,70,114.3,No,0.1413300688398109,Low
3134-DSHVC,Two year,63,98.0,No,0.14126170496047777,Low
2085-JVGAD,Month-to-month,37,20.35,No,0.1412596468334536,Low
6445-TNRXS,Two year,68,114.7,No,0.1410534878589172,Low
2188-SXWVT,One year,34,55.0,No,0.14096527377620055,Low
8331-ZXFOE,One year,58,71.1,No,0.14088749645990994,Low
7795-CFOCW,One year,45,42.3,No,0.14088697892862906,Low
1763-KUAAW,One year,18,20.35,No,0.14085826054180675,Low
9027-TMATR,Two year,43,78.8,No,0.1407792794153273,Low
9860-LISIZ,Month-to-month,34,20.35,No,0.14069083898193058,Low
4825-XJGDM,One year,61,43.7,No,0.14063892201518305,Low
2430-RRYUW,One year,66,54.8,No,0.14060422560264296,Low
7338-ERIVA,One year,39,45.05,No,0.14053147101468866,Low
6332-FBZRI,One year,67,69.35,No,0.1403737856636031,Low
3547-LQRIK,One year,47,26.9,No,0.14036840846121795,Low
9867-XOBQA,Two year,21,53.15,No,0.14030076030211924,Low
5321-NTRKC,Two year,66,79.85,No,0.14026544159495094,Low
0203-HHYIJ,One year,25,25.3,Yes,0.14007601235814712,Low
3298-QEICA,Two year,23,34.6,No,0.13999089814927815,Low
9498-FIMXL,One year,8,19.2,No,0.13970751360189287,Low
2606-PKWJB,One year,40,40.25,No,0.13944697571348874,Low
8144-DGHXP,Two year,54,80.6,No,0.13919918487270277,Low
0536-BGFMZ,Month-to-month,28,20.5,No,0.13919893395995914,Low
4342-HFXWS,One year,48,69.7,No,0.13911327794642317,Low
0657-DOGUM,One year,48,60.6,No,0.13906412688703676,Low
2335-GSODA,Two year,23,40.1,No,0.13905415262826504,Low
7570-WELNY,Two year,68,84.7,No,0.13903052633270488,Low
2190-PHBHR,Two year,72,94.45,No,0.1388533567010688,Low
4056-QHXHZ,Two year,72,107.45,No,0.138793921833902,Low
8461-EFQYM,One year,38,24.25,No,0.1387217219073063,Low
6901-GOGZG,Two year,60,84.95,No,0.138569263384625,Low
5260-UMPWX,Month-to-month,26,20.25,No,0.138551860563813,Low
1051-EQPZR,Month-to-month,44,19.6,No,0.13851196269106528,Low
4565-EVZMJ,One year,47,58.9,No,0.1384341777886011,Low
6685-GBWJZ,One year,63,70.8,No,0.13840954125915284,Low
4702-HDRKD,One year,67,49.35,No,0.13836761472336764,Low
6122-EFVKN,Two year,24,35.75,No,0.13824834131105151,Low
9924-JPRMC,Two year,72,118.2,No,0.13824201571422462,Low
3740-RLMVT,One year,67,60.95,No,0.13822699585160378,Low
0853-TWRVK,Two year,72,105.6,No,0.13818054697018828,Low
1960-UOTYM,Two year,52,79.2,No,0.13806116416189446,Low
7817-OMJNA,One year,14,20.4,No,0.13805287533326502,Low
1271-UODNO,Two year,39,53.85,No,0.13794818029081116,Low
7103-ZGVNT,One year,69,73.7,No,0.13785457178774907,Low
2171-UDMFD,Month-to-month,32,19.45,No,0.13771469171920162,Low
5170-PTRKA,One year,49,35.8,No,0.1375960453325912,Low
0829-DDVLK,One year,15,20.1,No,0.13754319663182746,Low
1038-RQOST,Month-to-month,19,20.6,No,0.13747082874976083,Low
8398-TBIYD,Two year,72,84.7,No,0.13711013939677213,Low
9473-CBZOP,One year,28,59.0,No,0.13705965761169006,Low
4018-KJYUY,Month-to-month,22,20.15,No,0.1367018526660183,Low
9046-DQMTP,Month-to-month,35,20.75,No,0.13665830057492112,Low
6872-HXFNF,One year,64,58.35,No,0.13658764331836173,Low
7407-SUJIZ,Month-to-month,25,20.6,No,0.13658123841520164,Low
8024-XNAFQ,Two year,72,107.4,No,0.13644684387939268,Low
5906-DVAPM,One year,55,75.0,No,0.1364462422353501,Low
2499-AJYUA,Two year,72,110.8,No,0.13622734819875976,Low
3021-VLNRJ,One year,50,70.8,No,0.1361456144580206,Low
2091-GPPIQ,Two year,72,78.95,No,0.13610469584478208,Low
1552-TKMXS,Month-to-month,42,20.35,No,0.1360352706528145,Low
4872-VXRIL,One year,56,64.65,No,0.13584851006781257,Low
2282-YGNOR,One year,29,58.0,No,0.1356262979751733,Low
4304-TSPVK,Two year,68,114.9,No,0.13559477020498747,Low
7168-HDQHG,Month-to-month,36,19.2,No,0.13549183524811265,Low
1407-DIGZV,Two year,3,19.1,No,0.13512273515223258,Low
7279-NMVJC,One year,17,19.9,No,0.13500724656703988,Low
7359-SSBJK,Two year,64,70.2,Yes,0.13495607178282745,Low
0731-EBJQB,One year,52,20.4,No,0.1348595686330212,Low
9483-GCPWE,One year,9,20.1,No,0.1347591240946392,Low
4451-RWASJ,One year,15,19.5,No,0.13461644229896705,Low
8777-PVYGU,One year,52,64.3,No,0.1344110627500074,Low
1699-UOTXU,Two year,60,61.4,No,0.1342952271061116,Low
6974-DAFLI,One year,55,19.7,No,0.13427117143422676,Low
8745-PVESG,One year,57,41.1,No,0.13410103688790814,Low
0357-NVCRI,Month-to-month,25,20.05,No,0.13379636181662632,Low
1320-GVNHT,Two year,72,108.4,No,0.1336057948811718,Low
5324-KTGCG,One year,71,20.85,No,0.13357506118260104,Low
0121-SNYRK,One year,50,35.4,No,0.13347057666865536,Low
6522-OIQSX,Two year,69,54.95,No,0.1334643410403812,Low
5512-IDZEI,One year,46,24.9,No,0.13335336451069355,Low
5840-NVDCG,Two year,16,68.25,No,0.13334270218309457,Low
3489-VSFRD,One year,56,60.25,No,0.13307437175242134,Low
8165-CBKXO,Two year,66,56.75,No,0.13299571776873537,Low
4203-QGNZA,Month-to-month,28,20.25,No,0.132785823329004,Low
9541-ZPSEA,Two year,68,80.35,No,0.13238347761346983,Low
1813-JYWTO,Two year,72,80.45,No,0.13233700817287986,Low
5003-OKNNK,One year,15,20.35,No,0.1318716881984582,Low
1752-OZXFY,One year,60,59.8,No,0.13181250908329392,Low
5993-BQHEA,One year,12,20.05,No,0.13173767749112086,Low
8631-NBHFZ,Two year,66,79.4,Yes,0.13161925572205538,Low
1525-LNLOJ,Two year,66,63.3,No,0.1315545338762765,Low
4549-ZDQYY,One year,52,57.95,No,0.131449354116111,Low
6229-UOLQL,One year,56,52.0,No,0.13142166957060328,Low
4835-YSJMR,Two year,39,49.8,No,0.1311522183211613,Low
3957-HHLMR,One year,70,65.2,No,0.13108318263175311,Low
2550-QHZGP,One year,7,19.5,No,0.13020610597319035,Low
8434-PNQZX,Two year,42,78.45,No,0.13019462828976874,Low
5716-EZXZN,Two year,65,99.05,No,0.12999262593720234,Low
3392-EHMNK,Two year,67,94.1,No,0.12972948552695399,Low
1222-KJNZD,Month-to-month,40,20.4,No,0.12972518371207087,Low
9018-PCIOK,Two year,55,64.75,No,0.12952133607766123,Low
4815-TUMEQ,One year,10,19.3,No,0.1293994464868753,Low
8084-OIVBS,One year,11,20.0,No,0.12928402264023933,Low
1830-GGFNM,Two year,65,94.55,No,0.1292345122050945,Low
3230-JCNZS,Two year,71,99.0,No,0.12920800806085536,Low
9070-BCKQP,Two year,72,110.15,No,0.12920480117126806,Low
2239-CGBUZ,One year,51,60.5,No,0.12913338114876613,Low
7025-WCBNE,Two year,47,59.6,No,0.12898169500853263,Low
1090-ESELR,Two year,72,105.5,No,0.1289374345787616,Low
5641-DMBFJ,Two year,58,84.3,No,0.12882493017673702,Low
7665-VIGUD,One year,10,20.35,No,0.1288181364997968,Low
3795-CAWEX,Two year,70,116.55,No,0.12861787511418948,Low
4311-QTTAI,One year,16,19.35,No,0.12833139455591625,Low
8879-XUAHX,Two year,71,116.25,No,0.1282419386111316,Low
1930-QPBVZ,Two year,68,95.1,No,0.12820140753123876,Low
4615-PIVVU,Two year,42,66.5,No,0.127960331922227,Low
9046-JBFWA,Month-to-month,27,19.15,No,0.1277607310296797,Low
1015-JPFYW,One year,7,19.45,No,0.12769464869763947,Low
5172-RKOCB,Two year,72,108.95,No,0.12768788111405052,Low
9225-BZLNZ,Two year,72,85.25,No,0.12761064515801193,Low
5125-CNDSP,One year,63,40.6,No,0.1274032668903729,Low
6427-FEFIG,Two year,24,78.6,No,0.12704676971427287,Low
5453-YBTWV,Two year,70,101.1,No,0.12701530085680304,Low
8871-JLMHM,Two year,68,90.2,No,0.1267206678295625,Low
0164-APGRB,Two year,72,114.9,No,0.12671338429257642,Low
8639-NHQEI,Two year,72,95.9,No,0.12669109272386708,Low
2580-ATZSQ,One year,65,61.35,No,0.12662443437761958,Low
7073-QETQY,One year,66,20.35,No,0.12589226107092802,Low
6754-LZUKA,Two year,61,80.9,No,0.12567671480869472,Low
0907-HQNTS,Two year,70,113.0,No,0.12547351986250738,Low
0057-QBUQH,Two year,43,25.1,No,0.1254282032544545,Low
9108-EQPNQ,Two year,10,26.1,No,0.12541186229439324,Low
5989-AXPUC,Two year,68,118.6,No,0.12524129418204408,Low
5795-BKOYE,One year,69,59.1,No,0.12517298033733928,Low
4393-GEADV,Two year,70,114.75,No,0.12513342219656282,Low
1354-YZFNB,Two year,4,19.55,No,0.12494500798057714,Low
9803-FTJCG,One year,71,66.85,No,0.12493184680079698,Low
2862-JVEOY,One year,6,19.15,No,0.12463299021169053,Low
9184-GALIL,Month-to-month,38,20.45,No,0.12436271600368687,Low
7030-FZTFM,Two year,72,110.9,No,0.12424073522259195,Low
1760-CAZHT,Month-to-month,25,20.8,No,0.12416483123403028,Low
4111-BNXIF,Two year,67,59.55,No,0.12412620098039973,Low
9968-FFVVH,One year,63,68.8,No,0.12401846837431317,Low
5458-CQJTA,Two year,65,74.8,Yes,0.12400345859381173,Low
8050-XGRVL,One year,62,54.75,No,0.12355420756465214,Low
8007-YYPWD,Two year,15,25.05,No,0.12353521117083678,Low
6368-TZZDT,Two year,4,19.5,No,0.12327885032411892,Low
3870-SPZSI,Two year,70,113.05,No,0.12321709878358303,Low
6551-ZCOTS,One year,33,24.9,No,0.1231137851979228,Low
2904-GGUAZ,Two year,72,84.05,No,0.12307002210790986,Low
5792-JALQC,Two year,52,59.85,No,0.12306708864113297,Low
7564-GHCVB,Two year,72,79.05,No,0.12294528854395205,Low
6519-ZHPXP,Two year,72,108.3,No,0.12293276322731593,Low
6176-YJWAS,Two year,72,97.95,No,0.12282812209547195,Low
1552-CZCLL,Month-to-month,55,20.0,No,0.12273429282851005,Low
6814-ZPWFQ,One year,51,25.0,No,0.12266315396550749,Low
9150-KPBJQ,Two year,6,19.65,No,0.12241643695992152,Low
1265-BCFEO,Two year,71,80.45,No,0.12239329428884635,Low
3378-AJRAO,One year,44,24.85,No,0.12212326108506412,Low
6016-LVTJQ,Month-to-month,34,20.65,No,0.12212158365842911,Low
2521-NPUZR,Two year,70,101.0,No,0.12210253273577999,Low
3580-HYCSP,Two year,72,110.3,No,0.12190965423055715,Low
0754-EEBDC,Two year,4,19.9,No,0.12176435228997418,Low
0707-HOVVN,Two year,70,75.5,No,0.12171813443670514,Low
9880-TDQAC,Two year,72,60.0,No,0.12163868130855829,Low
9297-FVVDH,Two year,57,84.5,No,0.12162531277593476,Low
6463-HHXJR,Two year,71,100.5,No,0.1215554416612711,Low
3082-YVEKW,Two year,23,77.15,No,0.12148345216134693,Low
2516-XSJKX,Two year,41,78.45,No,0.12139523853195035,Low
1452-UZOSF,Two year,72,106.1,No,0.12126050187690245,Low
5781-BKHOP,Two year,72,100.65,No,0.12120726866183032,Low
0334-ZFJSR,One year,55,66.05,No,0.12096480607398163,Low
3717-FDJFU,Two year,5,20.45,No,0.12046554377099175,Low
2725-IWWBA,One year,46,56.9,No,0.12036014201397288,Low
9541-PWTWO,Two year,52,80.95,No,0.12034318902073347,Low
0052-YNYOT,One year,67,20.55,No,0.120299323220177,Low
7633-MVPUY,Two year,57,59.75,No,0.12011907568807317,Low
9769-TSBZE,Two year,70,66.0,No,0.12009759920918081,Low
2030-BTZRO,Two year,6,20.4,No,0.11968909060571553,Low
3655-SNQYZ,Two year,69,113.25,No,0.11965623553733495,Low
4632-XJMEX,One year,53,62.85,No,0.11961349673708921,Low
7554-NEWDD,Two year,10,25.7,No,0.11960922228036074,Low
0013-SMEOE,Two year,71,109.7,No,0.11959820549043255,Low
6388-TABGU,One year,62,56.15,No,0.1192986562405732,Low
8573-JGCZW,One year,17,19.65,No,0.1192822262605265,Low
6013-BHCAW,Two year,61,81.0,No,0.11899410334154212,Low
3724-BSCVH,One year,10,20.45,No,0.11877041797008266,Low
5127-BZENZ,One year,56,65.2,No,0.11864652581755522,Low
0422-OHQHQ,One year,15,20.55,No,0.11858786688520598,Low
8169-SAEJD,Two year,69,56.55,No,0.11851622810339708,Low
2996-XAUVF,Two year,70,40.05,No,0.1179662372183338,Low
3082-WQRVY,One year,14,19.65,No,0.11792422271956579,Low
7996-BPXHY,Two year,13,25.0,No,0.11773149395511524,Low
3396-DKDEL,Two year,70,115.15,No,0.11763862136342365,Low
4304-XUMGI,Two year,50,75.15,No,0.11758215511520158,Low
2676-SSLTO,Two year,49,66.15,No,0.11755018342992028,Low
6510-UPNKS,One year,23,24.8,No,0.11741075212815062,Low
9548-ZMVTX,Two year,72,90.45,No,0.11738214612966197,Low
1841-YSJGV,Two year,72,109.95,No,0.11738056819217514,Low
9030-QGZNL,Two year,8,20.85,No,0.11733527880997874,Low
3933-DQPWX,Two year,50,39.7,No,0.11721925180297398,Low
3258-SYSWS,Two year,72,113.8,No,0.11704650500079765,Low
3705-PSNGL,One year,45,20.4,Yes,0.11690029614999527,Low
3482-ABPKK,One year,28,54.3,No,0.1168987805736933,Low
2302-OUZXB,Two year,72,82.15,No,0.11685248441847997,Low
4709-LKHYG,One year,29,20.0,No,0.11665388147723206,Low
8823-RLPWL,Two year,72,110.65,No,0.11643823702055411,Low
6242-FEGFD,Two year,66,96.6,No,0.11636278949802682,Low
8612-GXIDD,Two year,12,25.4,No,0.11632806380562567,Low
4803-LBYPN,Month-to-month,34,20.8,No,0.11597528650584596,Low
3161-ONRWK,One year,60,65.85,No,0.11596484748505333,Low
2017-CCBLH,Two year,8,20.0,No,0.11549042895545486,Low
1131-ALZWV,One year,24,24.6,No,0.11533131584901474,Low
4359-INNWN,One year,17,20.05,No,0.1153035479585581,Low
3841-NFECX,Two year,71,96.35,No,0.11528021357611881,Low
2809-ILCYT,One year,25,26.8,No,0.11524209951222476,Low
7319-ZNRTR,One year,25,19.6,No,0.11519071573849307,Low
9530-GRMJG,Two year,70,84.1,No,0.11482440256818054,Low
2245-ADZFJ,Two year,31,80.55,No,0.11451878529356278,Low
8819-WFGGJ,Two year,68,54.1,No,0.11438512454723981,Low
5726-CVNYA,Two year,8,19.85,No,0.11413201462255287,Low
8630-QSGXK,Two year,51,75.2,No,0.11407168839018848,Low
4717-GHADL,Two year,50,79.6,No,0.11400684248076018,Low
8670-ERCJH,Two year,72,113.4,No,0.11399149103552161,Low
2466-FCCPT,One year,20,19.7,No,0.11397113078698351,Low
7663-YJHSN,Two year,72,103.95,No,0.11384762021016215,Low
1043-UXOVO,Two year,71,113.15,No,0.11384239814796213,Low
4500-HKANN,Two year,23,59.7,No,0.1137989986617819,Low
4178-EGMON,Two year,70,88.0,No,0.11362812273788353,Low
2256-YLYLP,Two year,68,72.95,No,0.11362282612866283,Low
7779-ORAEL,Two year,45,75.15,No,0.11349339607248138,Low
0487-CRLZF,Two year,49,74.45,No,0.11320591981356314,Low
2753-JMMCV,Two year,65,74.2,No,0.11309366705682919,Low
5546-QUERU,One year,13,19.95,No,0.11285960668016927,Low
6023-GSSXW,Two year,69,61.45,No,0.11281418604809543,Low
8510-TMWYB,Two year,54,59.8,No,0.1126839094658783,Low
5982-PSMKW,Two year,23,91.1,No,0.11266200491815233,Low
2599-CIPQE,Two year,71,109.3,No,0.11231895424460445,Low
1177-XZBJL,One year,53,64.15,No,0.11220576434291499,Low
1053-MXTTK,Two year,72,108.65,No,0.11219992333457111,Low
8200-LGKSR,Two year,71,83.2,No,0.11218902541515281,Low
4293-ETKAP,Two year,65,79.4,No,0.11213938513458489,Low
2592-HODOV,One year,13,19.3,No,0.11199082777792381,Low
8975-SKGRX,Two year,71,116.1,No,0.11188664998641966,Low
0979-MOZQI,Two year,62,39.0,No,0.11181231227737207,Low
8029-XYPWT,Two year,71,115.05,No,0.11168623356964583,Low
5702-KVQRD,Two year,71,82.55,No,0.11152699119366213,Low
4323-ELYYB,One year,13,20.0,No,0.11133822024793062,Low
2969-VAPYH,One year,67,60.5,No,0.11126518369629562,Low
8515-OCTJS,Two year,25,24.75,Yes,0.1112563335941402,Low
3512-IZIKN,Two year,70,65.3,Yes,0.11111294032061261,Low
4584-LBNMK,One year,45,24.7,No,0.11073060610237113,Low
6867-ACCZI,Two year,24,52.5,No,0.1105795536850875,Low
7602-MVRMB,Two year,72,110.45,No,0.11055244302100001,Low
8388-DMKAE,Two year,8,20.25,No,0.11052168144637373,Low
8263-QMNTJ,Two year,72,115.55,No,0.11050892337156228,Low
7670-ZBPOQ,One year,58,61.05,No,0.11030285390668924,Low
8884-MRNSU,One year,17,19.9,No,0.10989852763124873,Low
5602-BVFMK,One year,12,19.3,No,0.10987025852196716,Low
1069-QJOEE,One year,25,19.9,No,0.10986955052978485,Low
4163-HFTUK,One year,51,19.1,No,0.10975587878292446,Low
1429-UYJSV,One year,12,19.7,No,0.10956282113844251,Low
0771-CHWSK,Two year,66,74.6,No,0.10935387808200413,Low
2612-PHGOX,Two year,64,76.1,No,0.10919538122350439,Low
3508-CFVZL,Two year,71,111.3,No,0.10917109975873042,Low
2984-TBYKU,Two year,72,104.9,No,0.10913224837851634,Low
3131-NWVFJ,One year,14,19.55,No,0.10904008066659725,Low
8597-CTXVJ,One year,70,64.95,No,0.10840534979544271,Low
3549-ZTMNH,Two year,12,24.0,No,0.10816569285665593,Low
3506-OVLKD,One year,35,26.2,No,0.10813039110475245,Low
1414-YADCW,Two year,70,84.6,No,0.10812639762363069,Low
0455-ENTCR,Two year,66,85.25,No,0.10796838971385657,Low
9746-UGFAC,One year,22,20.85,No,0.10773186818278639,Low
6177-PEVRA,Two year,48,55.5,No,0.10765524776690467,Low
5312-TSZVC,One year,15,19.65,No,0.1073689845597283,Low
3251-YMVWZ,One year,53,24.05,No,0.10729181312664147,Low
4685-TFLLS,One year,18,19.8,No,0.10717040679021532,Low
0654-PQKDW,One year,62,70.75,No,0.10697662620437297,Low
2380-DAMQP,Two year,72,115.15,No,0.10687696462826331,Low
7665-NKLAV,Two year,36,40.65,No,0.10634385305182294,Low
6532-YLWSI,One year,53,20.8,Yes,0.10623954340362751,Low
3133-PZNSR,Two year,72,97.75,No,0.10613150301245051,Low
8076-FEZKJ,One year,10,19.5,No,0.10604102975865032,Low
9958-MEKUC,Two year,72,103.95,No,0.10590384941745427,Low
1023-BQXZE,Two year,57,74.35,No,0.10520243034570141,Low
1821-BUCWY,Two year,30,55.65,No,0.10502393618992435,Low
4295-YURET,Two year,56,72.6,No,0.10478779949506431,Low
2057-BOYKM,Two year,72,96.6,No,0.1047575184524563,Low
1093-YSWCA,Two year,11,19.55,No,0.10460118743622392,Low
6746-WAUWT,One year,19,19.7,No,0.10450830176724042,Low
7524-VRLPL,Two year,69,74.1,No,0.1044945505555859,Low
1535-VTJOQ,Two year,24,25.15,No,0.10439234059473881,Low
9229-RQABD,One year,18,23.75,No,0.10436952064408582,Low
0859-YGKFW,One year,18,20.05,No,0.10423812993495138,Low
8746-BFOAJ,One year,21,20.5,No,0.10403577925955808,Low
1178-PZGAB,One year,19,20.25,No,0.1039811607687911,Low
6586-MYGKD,Two year,70,76.95,No,0.10392813866360076,Low
3174-AKMAS,Two year,46,64.2,No,0.1038696113915363,Low
3950-VPYJB,One year,57,59.6,No,0.10383365990348431,Low
9127-FHJBZ,Two year,72,114.0,No,0.10383181209718625,Low
3812-LRZIR,Two year,27,24.5,No,0.10374988173575252,Low
3283-WCWXT,Two year,6,25.4,No,0.1037351135611931,Low
9802-CAQUT,Two year,72,109.55,No,0.10367468359431968,Low
7649-PHJVR,One year,11,19.5,No,0.10365120158398636,Low
3887-PBQAO,One year,45,25.9,No,0.10361262694316224,Low
9674-EHPPG,Two year,46,40.4,No,0.10346568267749204,Low
7196-LIWRH,Two year,6,19.55,No,0.10346275714330352,Low
3243-ZHOHY,One year,16,20.1,No,0.103429989264162,Low
3410-YOQBQ,Two year,31,79.2,No,0.10331385553084693,Low
6681-ZSEXG,Two year,56,59.5,No,0.10329487122642454,Low
3726-TBHQT,Two year,71,114.0,No,0.10316687091464452,Low
4115-BNPJY,Two year,29,75.55,No,0.10315956960333555,Low
6691-CCIHA,Two year,62,84.95,No,0.10309840122878366,Low
1431-AIDJQ,Two year,33,82.1,No,0.10288978032345877,Low
8042-RNLKO,One year,66,25.45,No,0.10282295855593801,Low
5039-LZRQT,One year,13,20.2,No,0.10265364957374437,Low
6166-YIPFO,Two year,72,64.7,No,0.10254048121277137,Low
2878-DHMIN,One year,35,19.9,No,0.10248497132181866,Low
9680-NIAUV,Two year,72,109.7,No,0.10227632493717148,Low
4933-IKULF,One year,17,20.65,No,0.10216838257040446,Low
9055-MOJJJ,One year,64,65.8,No,0.10197107245602614,Low
5197-YPYBZ,Two year,12,25.25,No,0.101935139568867,Low
2581-VKIRT,One year,59,65.5,No,0.10189411394706747,Low
8915-NNTRC,Two year,72,107.7,No,0.10184710354589746,Low
2332-TODQS,One year,48,25.05,No,0.10148197982365284,Low
6048-NJXHX,Two year,41,19.75,No,0.10144877344829535,Low
5668-MEISB,Two year,72,106.1,No,0.10135278313563399,Low
6754-WKSHP,One year,30,25.35,No,0.10126139812012393,Low
2587-YNLES,Two year,6,20.1,No,0.10111399466266298,Low
4648-YPBTM,Two year,53,73.9,No,0.10109252839671082,Low
6719-FGEDO,Two year,72,97.0,No,0.10094938345439246,Low
4707-YNOQA,One year,34,25.6,No,0.10073059249386136,Low
7153-CHRBV,One year,57,59.3,No,0.10053345154730381,Low
5642-MHDQT,One year,53,19.85,No,0.10051659723596877,Low
2933-XEUJM,Two year,46,79.2,No,0.10041619641648845,Low
9675-ICXCT,Two year,72,80.8,No,0.10041260398851179,Low
9798-OPFEM,Two year,46,21.1,No,0.10031580206809453,Low
7337-CINUD,Two year,8,19.5,No,0.1002848069020075,Low
8015-IHCGW,Two year,72,115.5,No,0.10022275067509044,Low
6516-NKQBO,Two year,38,81.0,No,0.0998479974371585,Low
9668-PUGNU,Two year,71,24.5,No,0.09974899552901927,Low
8565-WUXZU,Two year,72,84.8,No,0.09973980475207754,Low
2995-YWTCD,Two year,19,24.9,No,0.0997196680647837,Low
0536-ESJEP,Two year,54,74.55,No,0.09960968192951171,Low
7277-KAMWT,Two year,13,20.0,No,0.09960013345350589,Low
5762-TJXGK,Two year,52,58.75,No,0.09948565821910936,Low
8265-HKSOW,Two year,72,107.45,No,0.0994298969034973,Low
2649-HWLYB,Two year,65,76.15,No,0.09907620297553925,Low
2223-GDSHL,Two year,71,116.05,No,0.09906003705311846,Low
6064-ZATLR,Two year,27,52.85,No,0.09897662528171347,Low
5196-WPYOW,One year,67,60.05,No,0.09894174701323162,Low
0757-WCUUZ,Two year,54,63.35,No,0.09881531834454754,Low
5996-EBTKM,Two year,67,69.9,No,0.09860068695549905,Low
4568-KNYWR,Two year,52,63.25,No,0.09858136415383979,Low
4024-CSNBY,Two year,72,94.25,No,0.09843286991748607,Low
8587-XYZSF,Two year,67,50.55,No,0.09833925125542374,Low
2324-AALNO,One year,48,24.55,No,0.09830951562977788,Low
6234-RAAPL,Two year,72,99.9,No,0.09818689487187661,Low
5313-FPXWG,One year,51,24.6,No,0.09809705858474399,Low
3721-CNZHX,One year,15,19.8,No,0.09802563058910933,Low
4573-JKNAE,Two year,12,19.35,No,0.0979863086181427,Low
5310-NOOVA,Two year,46,19.95,No,0.09798611978313787,Low
2824-DXNKN,Two year,72,71.45,No,0.0978978945117567,Low
9885-MFVSU,Two year,35,46.35,No,0.09778430519564846,Low
9845-QOMAD,One year,14,19.75,No,0.09772887749307299,Low
4163-NCJAK,One year,46,24.45,No,0.09770333000599393,Low
1371-OJCEK,One year,48,24.35,No,0.09765170407847283,Low
3078-ZKNTS,Two year,13,19.75,No,0.09763994785299397,Low
8050-DVOJX,Two year,49,81.35,No,0.09763296675603736,Low
7471-WNSUF,One year,60,24.15,No,0.09755872907973523,Low
3057-VJJQE,Two year,35,55.25,No,0.09744075919536807,Low
7322-OCWHC,Two year,72,93.05,No,0.09728633648900037,Low
4676-WLUHT,Two year,54,46.2,No,0.09724820093381464,Low
2387-KDZQY,One year,17,20.1,No,0.09712257115549494,Low
5158-RIVOP,Two year,11,20.9,No,0.09687304279184224,Low
1333-PBMXB,One year,54,24.75,No,0.09686900525488999,Low
0942-KOWSM,Two year,30,80.8,No,0.09676475669740738,Low
9648-BCHKM,Two year,18,24.65,No,0.09673469888044452,Low
7284-ZZLOH,Two year,45,53.3,No,0.09669939085007283,Low
0343-QLUZP,Two year,60,39.6,No,0.09667594751089598,Low
2863-IMQDR,Two year,61,89.65,No,0.0965334866125259,Low
9028-LIHRP,Two year,71,100.2,No,0.0964818617406595,Low
4425-OWHWB,One year,20,19.35,No,0.09628274516445096,Low
8314-HTWVE,Two year,7,19.85,No,0.09605846035241482,Low
8606-OEGQZ,Two year,18,25.3,No,0.09595153131921559,Low
4849-PYRLQ,Two year,56,73.25,No,0.09578106532260561,Low
6765-MBQNU,One year,26,26.0,No,0.0957706635396502,Low
5684-FJVYR,Two year,72,90.35,No,0.09577043390201385,Low
9489-DEDVP,Two year,70,69.2,No,0.09550600894619853,Low
4378-BZYFP,One year,17,20.5,No,0.0954404376256419,Low
5232-NXPAY,Two year,47,74.45,No,0.09540536794408534,Low
0916-KNFAJ,Two year,61,69.9,No,0.0952883346686498,Low
3727-OVPRY,One year,66,25.7,No,0.09516298869484743,Low
8966-OIQHG,One year,22,20.75,No,0.09515437903459789,Low
3546-GHEAE,Two year,7,19.45,No,0.09510625992396748,Low
4654-ULTTN,Two year,70,74.8,No,0.09457846111522847,Low
0804-YGEQV,One year,43,24.45,No,0.09439730631100013,Low
4737-HOBAX,Two year,63,79.8,No,0.09437797588844013,Low
0307-BCOPK,One year,16,19.05,No,0.09433768085092278,Low
7452-FOLON,One year,39,25.45,No,0.09433645333205336,Low
7605-BDWDC,Two year,31,49.85,No,0.0942747507899357,Low
2662-NNTDK,One year,65,24.8,No,0.09419264394239238,Low
6463-MVYRY,Two year,57,69.85,No,0.09404902838047399,Low
6248-TKCQV,Two year,70,80.6,No,0.09404188446985098,Low
5329-KRDTM,Two year,72,77.35,No,0.09402494200027987,Low
1139-WUOAH,Two year,57,53.35,No,0.09396939387737065,Low
0906-QVPMS,Two year,72,115.15,No,0.09383370663285934,Low
9073-ZZIAY,Two year,62,86.1,No,0.0937988851626891,Low
8454-AATJP,Two year,72,115.05,No,0.09360981596215388,Low
3067-SVMTC,One year,68,55.9,No,0.09351193746629233,Low
5397-NSKQG,Two year,67,50.9,No,0.0934915641420403,Low
0064-SUDOG,Two year,12,20.3,No,0.0932271187393685,Low
3638-WEABW,Two year,58,59.9,No,0.09321376863312385,Low
9766-HGEDE,One year,17,19.35,No,0.093055884390506,Low
6152-ONASV,One year,68,58.25,No,0.09303549638397189,Low
8571-ZCMCX,Two year,47,60.0,No,0.0929946358582861,Low
8098-TDCBU,Two year,42,25.25,No,0.0927871396055868,Low
5451-MHQOF,One year,56,24.45,No,0.09274593849898508,Low
1335-MXCSE,Two year,55,55.25,No,0.09274135987711368,Low
1498-NHTLT,Two year,59,86.75,No,0.09273975748211075,Low
6120-RJKLU,Two year,62,79.95,No,0.09272680722276144,Low
7527-QNRUS,Two year,17,25.15,No,0.09272204502178562,Low
6922-NCEDI,One year,56,21.2,No,0.09230932543062077,Low
4837-PZTIC,Two year,47,41.9,No,0.09221930610120635,Low
9891-NQDBD,One year,28,25.55,No,0.09208496812507468,Low
7951-QKZPL,Two year,33,24.5,Yes,0.09186248790446365,Low
3963-RYFNS,Two year,72,116.45,No,0.09170578343972303,Low
7469-LKBCI,Two year,16,18.95,No,0.09157941027128348,Low
1982-FEBTD,Two year,23,25.6,No,0.09146199748685657,Low
1972-XMUWV,Two year,65,59.8,No,0.09133679154973619,Low
4915-BFSXL,Two year,70,68.95,No,0.09127232690221374,Low
5075-JSDKI,Two year,59,24.45,No,0.09102660799150455,Low
7054-DMVAS,Two year,54,65.3,No,0.09096189381014616,Low
6119-SPUDB,Two year,46,38.25,No,0.0909436912548585,Low
7138-GIRSH,Two year,50,69.5,No,0.0906038588566023,Low
2706-QZIHY,Two year,15,25.2,No,0.09051388673833448,Low
7771-CFQRQ,Two year,47,63.8,No,0.0904234785762769,Low
5057-RKGLH,Two year,9,20.35,No,0.09029325545727922,Low
3556-BVQGL,One year,20,20.0,No,0.09014874050894084,Low
2351-BKRZW,Two year,43,75.2,No,0.0901116093360898,Low
6508-NJYRO,One year,15,18.8,No,0.08999354971533047,Low
5696-JVVQY,Two year,48,70.1,No,0.08996931244516229,Low
6870-ZWMNX,Two year,70,76.1,No,0.08984969653000058,Low
5472-CVMDX,Two year,68,38.9,No,0.08963181753999516,Low
4859-ZSRDZ,Two year,58,55.5,No,0.08950738177679773,Low
0835-DUUIQ,One year,24,21.05,No,0.08947281576199019,Low
6980-CDGFC,One year,67,20.85,No,0.08925342365602164,Low
7639-LIAYI,Two year,52,79.75,No,0.08903062451913923,Low
3669-WHAFY,Two year,71,115.15,No,0.08899015929172216,Low
7501-IWUNG,Two year,61,73.8,No,0.08898878437024486,Low
7609-NRNCA,One year,17,19.55,No,0.08896179623637114,Low
5126-RCXYW,Two year,54,46.0,No,0.08887969331078138,Low
5505-OVWQW,One year,17,20.15,No,0.08884205537415037,Low
6904-JLBGY,Two year,72,117.35,No,0.08883127651067853,Low
2682-KEVRP,One year,22,20.05,No,0.08881897656468446,Low
6439-PKTRR,Two year,70,80.7,No,0.08876418209069184,Low
9871-ELEYA,Two year,34,67.65,No,0.08870682811325144,Low
8513-OLYGY,Two year,72,115.8,No,0.08867427340792407,Low
2077-DDHJK,Two year,68,70.9,No,0.08863254797218344,Low
0567-XRHCU,Two year,69,43.95,No,0.08850227714698451,Low
6698-OXETB,Two year,11,20.4,No,0.08842503680873787,Low
2040-LDIWQ,Two year,65,84.2,No,0.08837153106450944,Low
7359-WWYJV,Two year,72,114.45,No,0.08833216088936315,Low
0739-UUAJR,Two year,72,53.8,No,0.08832832006037179,Low
2192-OZITF,Two year,45,73.55,No,0.08831672608350617,Low
1272-ILHFG,One year,15,19.65,No,0.08831155917716371,Low
9867-JCZSP,One year,17,20.75,No,0.08826218023582304,Low
5406-KGRMX,Two year,71,24.55,No,0.0882280381373684,Low
0513-RBGPE,Two year,37,62.8,No,0.08815445920967964,Low
8148-WOCMK,Two year,8,19.6,No,0.08783249166642398,Low
6096-EGVTU,One year,64,24.9,No,0.08779815403220784,Low
9359-JANWS,Two year,65,58.9,No,0.08775018104076401,Low
4121-AGSIN,One year,58,24.5,No,0.08735052406771637,Low
5322-TEUJK,Two year,71,114.6,No,0.08731898816994864,Low
1345-ZUKID,One year,14,19.35,No,0.0872683360431053,Low
2560-QTSBS,One year,72,23.3,No,0.08724768709313739,Low
0607-DAAHE,Two year,53,19.75,Yes,0.08713571784654468,Low
0973-KYVNF,Two year,72,70.65,No,0.08712342930086242,Low
5656-MJEFC,Two year,42,48.15,No,0.08702432681639083,Low
7037-MTYVW,Two year,38,85.4,No,0.08699862425402359,Low
2845-KDHVX,Two year,64,68.3,No,0.08699556005492913,Low
5183-KLYEM,Two year,72,112.75,No,0.08697891803638072,Low
1043-YCUTE,Two year,56,25.15,Yes,0.08675281897848904,Low
2123-VSCOT,Two year,59,72.1,No,0.08662347307101481,Low
5676-CFLYY,Two year,71,73.35,No,0.0865090788630796,Low
6953-PBDIN,Two year,70,72.95,No,0.0864960257663328,Low
3474-BAFSJ,Two year,57,57.5,No,0.08632242859732657,Low
5014-GSOUQ,Two year,13,19.95,No,0.0862454184771659,Low
5063-IUOKK,Two year,13,19.75,No,0.08620623733484498,Low
9067-YGSCA,One year,70,26.05,No,0.0859174055620073,Low
0298-XACET,Two year,52,50.2,No,0.08584324881106994,Low
2773-MADBQ,Two year,36,53.1,No,0.08577927414301849,Low
0224-NIJLP,Two year,8,20.15,No,0.08552510481367256,Low
1734-ZMNTZ,Two year,11,25.0,No,0.08552416284372882,Low
4381-MHQDC,Two year,47,65.0,No,0.08546066898851333,Low
6609-MXJHJ,Two year,30,25.1,No,0.08534668940216936,Low
5227-JSCFE,Two year,71,46.35,No,0.08523160634157065,Low
8221-HVAYI,Two year,35,69.15,No,0.08519330598054957,Low
2788-CJQAQ,One year,13,19.45,No,0.08509412951931673,Low
4538-WNTMJ,One year,46,24.95,No,0.08505800445340836,Low
5130-YPIRV,Two year,62,72.0,No,0.08503773477016367,Low
6323-AYBRX,Two year,59,19.35,Yes,0.08499525386419184,Low
7446-SFAOA,One year,37,19.85,No,0.08498459306375272,Low
1897-RCFUM,One year,39,24.2,No,0.08487168320853083,Low
1790-NESIO,Two year,13,20.4,No,0.0848208618883226,Low
8242-PDSGJ,Two year,70,39.15,No,0.08478333072021375,Low
9258-CNWAC,Two year,71,113.65,No,0.08463699866182962,Low
6546-OPBBH,One year,51,23.95,No,0.08459970389840486,Low
6898-RBTLU,Two year,49,79.3,No,0.08458897438744424,Low
0608-JDVEC,Two year,50,19.8,No,0.08437835832250178,Low
4950-HKQTE,Two year,22,26.25,No,0.08420508234910075,Low
8205-VSLRB,Two year,70,77.3,No,0.0840240503761506,Low
5993-JSUWV,Two year,66,61.15,No,0.08390439342045214,Low
9227-UAQFT,Two year,16,19.75,No,0.08388485975203819,Low
9617-UDPEU,One year,22,19.25,No,0.08371574866659882,Low
7799-LGRDP,Two year,43,25.7,No,0.08369945769254122,Low
2088-IEBAU,Two year,68,88.15,No,0.08366986191030515,Low
9447-YPTBX,One year,50,19.85,No,0.08366378270866359,Low
0784-GTUUK,One year,62,23.75,No,0.08334388548857702,Low
9565-FLVCG,Two year,65,69.55,No,0.08329863056390861,Low
2193-SFWQW,Two year,72,111.95,No,0.0832707405723922,Low
5914-XRFQB,Two year,72,115.8,No,0.08324307341527735,Low
3352-RICWQ,Two year,9,19.75,No,0.08309102048760428,Low
1813-JLKWR,One year,64,19.8,No,0.08300199081734452,Low
4312-GVYNH,Two year,70,49.85,No,0.08295077136551471,Low
4664-NJCMS,Two year,33,59.55,No,0.08292455481307962,Low
1022-RKXDR,One year,41,24.85,No,0.08282063313863072,Low
1964-SVLEA,One year,20,19.7,No,0.08281232954986475,Low
8414-OOEEL,Two year,66,79.5,No,0.08280873900150332,Low
5318-YKDPV,Two year,43,79.15,No,0.08217906502747933,Low
3452-FLHYD,One year,25,20.95,No,0.08207282135007113,Low
0848-SOMKO,Two year,70,48.4,No,0.08202730157569744,Low
1480-BKXGA,Two year,72,116.05,No,0.0819428392246134,Low
0604-THJFP,Two year,59,75.95,No,0.0819416808483942,Low
9194-GFVOI,Two year,42,84.35,No,0.0817879152847265,Low
5583-EJXRD,Two year,44,54.05,No,0.08177300919977451,Low
4825-FUREZ,Two year,42,20.25,No,0.08169690508009747,Low
8592-PLTMQ,One year,64,24.7,No,0.08169199444121622,Low
2229-DPMBI,Two year,8,19.5,No,0.08169099346584018,Low
0017-DINOC,Two year,54,45.2,No,0.0816527373883349,Low
1776-SPBWV,One year,34,20.1,No,0.0813483178112908,Low
5201-CBWYG,One year,62,24.8,No,0.08134338588318434,Low
6339-RZCBJ,Two year,48,78.9,No,0.08127247935695635,Low
0526-SXDJP,Two year,72,42.1,No,0.08109460524046778,Low
0674-GCDXG,Two year,63,71.9,No,0.08085272700188896,Low
2162-FRZAA,Two year,63,39.35,No,0.08077303892371537,Low
6828-HMKWP,Two year,12,21.05,No,0.08071721386367375,Low
3470-OBUET,Two year,67,74.0,No,0.08067166660320714,Low
9361-YNQWJ,One year,64,24.4,No,0.0806095527328767,Low
0263-FJTQO,Two year,50,70.5,No,0.08056291917665596,Low
2650-GYRYL,One year,33,19.45,No,0.08048052032410749,Low
9788-HNGUT,Two year,72,116.95,No,0.08040931201654954,Low
9717-IOAAF,Two year,27,25.85,No,0.08029828663696902,Low
8106-GWQOK,Two year,38,60.0,No,0.08016705399852116,Low
7872-BAAZR,One year,53,19.55,No,0.08005058266892028,Low
4213-HKBJO,Two year,33,25.7,No,0.07997969935042956,Low
0277-ORXQS,Two year,66,50.55,No,0.07989393873080099,Low
9847-HNVGP,One year,17,19.95,No,0.07989053249365098,Low
5135-GRQJV,Two year,72,114.5,No,0.07972526793801121,Low
8277-RVRSV,One year,33,24.15,No,0.0797089990470234,Low
5266-PFRQK,One year,52,20.85,No,0.07957709882963826,Low
7061-OVMIM,One year,30,19.55,No,0.07957468952262178,Low
6518-KZXCB,Two year,22,25.25,No,0.07947106438602469,Low
8241-JUIQO,One year,61,19.45,No,0.07945415912764915,Low
8207-DMRVL,Two year,72,114.55,No,0.07924917928665527,Low
7706-YLMQA,One year,70,19.7,No,0.07919454339772017,Low
7137-NAXML,One year,23,20.15,No,0.07911361381355128,Low
5129-HHMZC,Two year,43,86.45,No,0.07889087551001461,Low
6625-IUTTT,Two year,67,65.55,No,0.07887256859182526,Low
9637-CDTKZ,Two year,72,114.1,No,0.0786681761245035,Low
2138-VFAPZ,Two year,14,19.7,No,0.07863673152170972,Low
8069-RHUXK,Two year,67,35.7,No,0.07858455312579431,Low
9621-OUPYD,One year,25,20.2,No,0.0784968615659226,Low
2954-PIBKO,Two year,69,64.15,No,0.0784945169781038,Low
4750-UKWJK,One year,37,19.6,No,0.07848061399783816,Low
2040-XBAVJ,Two year,72,114.45,No,0.07846186641019094,Low
3935-TBRZZ,One year,44,25.7,No,0.07840015658397476,Low
3308-JSGML,Two year,59,64.05,No,0.07832794170842348,Low
1494-EJZDW,Two year,10,20.15,No,0.07830334993480238,Low
4980-URKXC,One year,36,20.85,No,0.07808751641873425,Low
5846-NEQVZ,Two year,71,70.85,No,0.0780449864099244,Low
9068-VPWQQ,Two year,61,75.35,No,0.07795416289887946,Low
5647-URDKA,Two year,8,19.7,No,0.07788629293094573,Low
8763-KIAFH,One year,27,20.55,No,0.07781957423184407,Low
1133-KXCGE,One year,18,20.1,No,0.07774012028368975,Low
0420-TXVSG,Two year,66,66.1,No,0.07771977039117756,Low
8670-MEFCP,Two year,36,92.9,No,0.07770083593461753,Low
7813-TKCVO,One year,20,20.35,No,0.07755726327974057,Low
6723-CEGQI,Two year,65,45.25,No,0.07754643676119162,Low
4475-NVTLU,Two year,45,19.2,No,0.07750209123726606,Low
8468-FZTOE,Two year,72,74.35,No,0.07749380119794212,Low
1642-HMARX,Two year,68,91.7,No,0.07739641292397975,Low
7349-ALMUX,Two year,37,65.6,No,0.07737352218122183,Low
2812-REYAT,One year,49,20.05,No,0.07731858176410497,Low
3831-YCPUO,Two year,72,109.5,No,0.07718060938347607,Low
8430-TWCBX,One year,49,20.7,No,0.07716616431905203,Low
7622-FWGEW,Two year,56,85.65,No,0.0771598179273342,Low
1930-BZLHI,One year,21,20.35,No,0.07715803791777112,Low
3891-NLXJB,Two year,37,40.55,No,0.0771486277540819,Low
2451-YMUXS,Two year,67,64.55,No,0.07706273880830689,Low
3653-NCRDJ,One year,43,19.2,No,0.07685474514998171,Low
5893-PYOLZ,Two year,56,81.8,No,0.07664479959885569,Low
0048-PIHNL,One year,49,20.45,No,0.07649458056037521,Low
1074-WVEVG,One year,59,20.35,No,0.07634107682074145,Low
9481-WHGWY,Two year,70,75.35,No,0.07614867552848276,Low
1085-LDWAM,One year,69,20.35,No,0.0761452035088131,Low
7297-DVYGA,One year,51,19.85,No,0.07612012821362292,Low
7921-BEPCI,Two year,72,59.75,No,0.07611985400288909,Low
5338-YHWYT,Two year,37,61.45,No,0.07606004500044343,Low
4893-GYUJU,One year,50,19.35,No,0.0758780278889947,Low
2589-AYCRP,One year,50,19.75,No,0.07570570967141851,Low
8395-ETZKQ,One year,68,19.5,No,0.07560750293997916,Low
8645-KOMJQ,Two year,69,81.95,No,0.07558258222393997,Low
2005-DWQZJ,Two year,8,19.05,No,0.07543457617292523,Low
1506-YJTYT,Two year,45,73.85,No,0.0753348581732145,Low
3200-MNQTF,Two year,67,70.9,No,0.07520561395166933,Low
1716-LSAMB,Two year,45,54.65,No,0.07513229213038111,Low
5176-OLSKT,Two year,66,66.9,No,0.07507309050091489,Low
4992-LTJNE,Two year,72,55.3,No,0.07493773123413204,Low
2498-XLDZR,Two year,32,73.6,No,0.07493065822957902,Low
1599-EAHXY,One year,60,23.95,No,0.07492354757591412,Low
0378-CJKPV,Two year,72,112.1,No,0.07476315810429471,Low
9919-FZDED,Two year,72,84.1,No,0.07460720345047844,Low
3745-HRPHI,Two year,66,54.65,No,0.07448109106433447,Low
3258-ZKPAI,Two year,72,116.6,No,0.07445203472360533,Low
0459-SPZHJ,Two year,63,83.5,No,0.07442728126295037,Low
6437-UDQJM,Two year,72,84.1,No,0.07441508798578846,Low
0428-AXXLJ,One year,25,19.5,No,0.07434574271959915,Low
1561-BWHIN,One year,19,19.8,No,0.07418428231479579,Low
4452-ROHMO,Two year,15,19.6,No,0.07411875395304807,Low
7340-KEFQE,Two year,51,34.2,No,0.07404635002749899,Low
3178-CIFOT,One year,23,19.65,No,0.07403778220817875,Low
8060-HIWJJ,Two year,64,86.55,No,0.07398957500358921,Low
0269-XFESX,One year,23,24.35,No,0.0739377410506722,Low
2333-KWEWW,Two year,18,20.05,No,0.07392048005544093,Low
0019-GFNTW,Two year,56,45.05,No,0.0737956420026775,Low
0440-EKDCF,Two year,62,60.15,No,0.0737784758756172,Low
8338-QIUNR,Two year,72,66.5,No,0.07367770123289691,Low
6729-FZWSY,One year,67,19.45,No,0.0735469684968403,Low
6919-ELBGL,Two year,72,114.95,No,0.07349287007049657,Low
8148-NLEGT,Two year,42,22.95,No,0.07346391734085261,Low
9451-WLYRI,One year,53,19.05,No,0.0733998466086362,Low
1221-GHZEP,Two year,62,65.1,No,0.07339629337696531,Low
3649-JPUGY,Two year,72,88.6,No,0.07337008835060092,Low
5296-PSYVW,Two year,72,24.55,No,0.07317122994989464,Low
7643-RCHXS,Two year,63,19.35,No,0.0731568885933,Low
5469-NUJUR,Two year,19,19.95,No,0.07304832189509075,Low
6527-PZFPV,One year,24,20.8,No,0.0729605399995253,Low
5696-EXCYS,Two year,17,19.45,No,0.07292408458189462,Low
3646-ITDGM,Two year,56,19.7,No,0.07285985623442894,Low
2296-DKZFP,Two year,65,71.0,No,0.07275218278089339,Low
6072-NUQCB,One year,22,20.25,No,0.0727395889388019,Low
2661-GKBTK,Two year,60,76.95,No,0.07273471038360499,Low
4883-KCPZJ,Two year,22,25.25,No,0.07264477232563829,Low
5627-TVBPP,One year,35,20.1,No,0.07255813997231378,Low
8722-PRFDV,Two year,71,77.55,No,0.07255132438379121,Low
5622-UEJFI,Two year,35,25.4,No,0.0725045607683771,Low
2320-TZRRH,One year,20,19.5,No,0.07224601732403671,Low
1401-FTHFQ,One year,23,20.0,No,0.072235661585726,Low
9220-CXRSC,Two year,69,61.4,No,0.07217077343604442,Low
0556-FJEGU,Two year,58,70.1,No,0.07199818612644888,Low
2126-GSEGL,Two year,70,84.8,No,0.07180596477804504,Low
8345-MVDYC,Two year,45,81.65,No,0.07172360496614666,Low
1088-AUUZZ,Two year,56,75.85,No,0.07162711097190601,Low
7197-VOJMM,Two year,67,69.2,No,0.0716188373846724,Low
5519-TEEUH,One year,33,20.15,No,0.07158482117060427,Low
2277-AXSDC,One year,32,19.75,No,0.07153780727377879,Low
3125-RAHBV,One year,22,20.3,No,0.07143069794418806,Low
5495-GPSRW,Two year,20,19.7,No,0.07137111399635886,Low
3511-BFTJW,Two year,72,38.5,No,0.07120680561410556,Low
9531-NSBMR,One year,36,19.25,No,0.07105208728248606,Low
5135-RDDQL,Two year,63,50.65,No,0.07098901279020724,Low
8779-YIQQA,One year,21,19.8,No,0.07075452011171945,Low
7963-SHNDT,Two year,52,39.1,No,0.0707099151784107,Low
0042-JVWOJ,One year,26,19.6,No,0.07070230772595734,Low
9814-AOUDH,Two year,53,19.5,No,0.07064840669994327,Low
5394-MEITZ,Two year,60,80.6,No,0.07056487931376476,Low
2388-LAESQ,Two year,72,114.85,No,0.07051105361277837,Low
5788-YPOEG,Two year,34,84.75,No,0.07048046779663947,Low
3884-UEBXB,Two year,67,36.15,No,0.07033770819833739,Low
1697-LYYYX,One year,61,19.1,No,0.07031744785480518,Low
8499-BRXTD,One year,18,20.1,No,0.07024372779137603,Low
8908-SLFCJ,Two year,21,20.85,No,0.07022522936787902,Low
9298-WGMRW,Two year,72,115.5,No,0.07014689665661032,Low
5614-DNZCE,Two year,58,64.9,No,0.07003344081234548,Low
8748-HFWBO,One year,19,19.9,No,0.07002483644988707,Low
5038-ETMLM,Two year,72,113.65,No,0.06994042875638144,Low
5181-OABFK,Two year,56,61.3,No,0.0698710083079072,Low
1779-PWPMG,Two year,72,114.65,No,0.06985663522139224,Low
6188-UXBBR,One year,38,20.25,No,0.06982945324018462,Low
1116-FRYVH,Two year,48,39.4,No,0.0697791904287749,Low
6100-FJZDG,One year,26,20.05,No,0.06977548563001013,Low
8606-CIQUL,Two year,72,115.75,No,0.06977377790346044,Low
5862-BRIXZ,Two year,46,60.75,No,0.06976137808718041,Low
0562-KBDVM,Two year,70,44.6,No,0.06971839626314774,Low
3500-NSDOA,Two year,68,70.8,No,0.06969506991445981,Low
8295-KMENE,Two year,59,76.45,No,0.06966257633727478,Low
6447-EGDIV,One year,31,20.95,No,0.0693302382293807,Low
3892-NXAZG,Two year,72,114.05,No,0.06932333677783459,Low
4376-KFVRS,Two year,72,114.05,No,0.06932333677783459,Low
8510-BBWMU,One year,41,19.75,No,0.06928100416505924,Low
3557-HTYWR,Two year,47,74.05,No,0.06914504982557086,Low
0266-GMEAO,Two year,72,114.3,No,0.06906681969244233,Low
3712-PKXZA,One year,61,20.55,No,0.06905514056755258,Low
9281-CEDRU,Two year,68,64.1,No,0.06897854652994274,Low
6217-KDYWC,Two year,57,19.6,No,0.06893238545485955,Low
1488-PBLJN,Two year,72,116.85,No,0.06882082724225555,Low
7569-NMZYQ,Two year,72,118.75,No,0.06882082724225555,Low
3810-DVDQQ,Two year,72,117.6,No,0.06882082724225555,Low
7009-PCARS,One year,55,19.1,No,0.06880517279685924,Low
5249-QYHEX,Two year,40,24.8,No,0.068745554601157,Low
0078-XZMHT,Two year,72,85.15,No,0.06867387640409889,Low
1266-NZYUI,Two year,72,66.85,No,0.06862168480393105,Low
9732-OUYRN,One year,49,19.0,No,0.06860024022288673,Low
2990-OGYTD,Two year,67,86.15,No,0.06847962288122478,Low
6051-PTVNS,One year,55,19.15,No,0.06842062350851622,Low
3108-PCCGG,Two year,72,84.45,No,0.06838897862175834,Low
5924-SNGKP,One year,41,20.25,No,0.0683784806600859,Low
2400-XIWIO,Two year,71,90.1,No,0.06834510249324541,Low
7609-YBPXG,Two year,54,87.1,No,0.06832938034720747,Low
3050-RLLXC,Two year,56,81.25,No,0.06830941213686649,Low
4299-OPXEJ,Two year,56,19.55,No,0.06828469377634558,Low
9170-ARBTB,One year,52,19.6,No,0.0681720328103972,Low
2167-FQSTQ,Two year,72,92.4,No,0.06816504286969496,Low
5917-RYRMG,One year,32,19.8,No,0.0681325703942005,Low
3520-FJGCV,Two year,72,112.6,No,0.06812066791078597,Low
8628-MFKAX,Two year,72,116.75,No,0.06808806083171082,Low
6859-QNXIQ,Two year,72,113.1,No,0.0679583051145842,Low
3523-BRGUW,One year,26,19.3,No,0.06793735106647619,Low
9178-JHUVJ,Two year,24,24.1,No,0.06791967778352101,Low
5774-QPLTF,One year,50,20.35,No,0.06785189572642014,Low
3594-BDSOA,One year,24,20.4,No,0.06784192937126896,Low
4302-ZYFEL,One year,69,20.55,No,0.06782848114364969,Low
8464-EETCQ,Two year,57,18.8,No,0.06777456612044443,Low
3813-DHBBB,Two year,67,50.95,No,0.06773189399364117,Low
5781-RFZRP,Two year,71,73.5,No,0.0676207447855312,Low
3719-TDVQB,Two year,54,18.95,No,0.06756532093944324,Low
8390-FESFV,Two year,62,84.5,No,0.0675499996876345,Low
6772-WFQRD,One year,40,20.4,No,0.06751655006229501,Low
1352-HNSAW,Two year,72,115.6,No,0.06747574751673974,Low
6007-TCTST,Two year,72,115.8,No,0.06747574751673974,Low
4188-PCPIG,Two year,57,70.35,No,0.06741197573458141,Low
8882-TLVRW,Two year,69,39.1,No,0.06736706635291567,Low
4526-EXKKN,Two year,40,24.6,No,0.06736552708057215,Low
8046-DNVTL,Two year,62,38.6,No,0.06724521941867646,Low
5016-LIPDW,One year,57,19.4,No,0.06723394141890297,Low
9755-JHNMN,Two year,49,67.4,No,0.0671200473715377,Low
0129-QMPDR,One year,44,20.5,No,0.06704557024721593,Low
7860-UXCRM,Two year,63,74.5,No,0.06680510071864809,Low
7274-CGTOD,Two year,62,43.7,No,0.0667955575740787,Low
8780-YRMTT,Two year,66,47.4,No,0.06677806996422911,Low
5451-YHYPW,Two year,72,115.75,No,0.066742981106195,Low
9739-JLPQJ,Two year,72,117.5,No,0.06670159763079445,Low
5918-VUKWP,One year,32,20.55,No,0.0666822347284405,Low
9805-FILKB,One year,46,20.2,No,0.06660677733754226,Low
7233-PAHHL,Two year,66,84.0,No,0.06656406301618288,Low
7369-TRPFD,One year,19,18.8,No,0.06646976088651409,Low
0621-TSSMU,One year,56,19.95,No,0.06612850265329305,Low
0071-NDAFP,Two year,25,25.5,No,0.0661054976019796,Low
9227-YBAXE,Two year,65,82.5,No,0.06604321723776538,Low
2675-IJRGJ,Two year,53,19.65,No,0.06603874233731681,Low
9424-CMPOG,Two year,9,19.6,No,0.06602728285138258,Low
4940-KHCWD,Two year,60,37.7,No,0.06601491557285592,Low
5177-RVZNU,One year,37,20.3,No,0.06598596389788818,Low
6732-VAILE,Two year,70,85.95,No,0.06593678894830579,Low
1172-VIYBP,Two year,53,69.7,No,0.06592786807552936,Low
3654-ARMGP,Two year,61,88.65,No,0.06587208907560618,Low
0164-XAIRP,Two year,24,19.55,No,0.06580696952355414,Low
5995-LFTLE,Two year,58,25.3,No,0.06576158557771945,Low
8316-BBQAY,Two year,65,59.95,No,0.06569553283484013,Low
0945-TSONX,Two year,47,85.3,No,0.06554721047739424,Low
3902-MIVLE,Two year,63,75.7,No,0.0654423784684496,Low
9945-PSVIP,Two year,25,18.7,No,0.06531215682742819,Low
2987-BJXIK,Two year,70,84.7,No,0.06526101320079743,Low
8969-PRHFK,One year,18,19.65,No,0.06525023000657307,Low
3525-DVKFN,Two year,17,19.4,No,0.06522027087290505,Low
8990-YOZLV,Two year,69,66.9,No,0.06518390510361076,Low
6650-BWFRT,Two year,72,117.15,No,0.06516286156822357,Low
4671-VJLCL,Two year,63,79.85,No,0.06512276147624357,Low
3978-YNKDD,Two year,19,20.85,No,0.06509810060144847,Low
3129-AAQOU,Two year,19,25.6,No,0.06502576590663603,Low
4737-AQCPU,Two year,72,72.1,No,0.06501792742074218,Low
3913-FCUUW,Two year,72,70.45,No,0.06493958599911757,Low
5248-KWLAR,Two year,71,90.35,No,0.06487585358429387,Low
8766-PAFNE,Two year,71,79.1,No,0.06478091678127566,Low
9477-LGWQI,Two year,70,80.15,No,0.06473773897060123,Low
7244-KXYZN,One year,24,20.45,No,0.06471393552268537,Low
6199-IPCAO,Two year,29,26.1,No,0.0646957446627077,Low
0795-LAFGP,Two year,71,90.4,No,0.06454293575510205,Low
2121-JAFOM,Two year,72,115.55,No,0.06436812954970313,Low
3266-FTKHB,Two year,17,19.15,No,0.06432706792693069,Low
4644-OBGFZ,One year,55,19.5,No,0.0642329772371158,Low
2808-CHTDM,Two year,23,25.1,No,0.06407403085566994,Low
9239-GZHZE,Two year,72,113.65,No,0.06405518144599694,Low
1293-HHSHJ,One year,35,21.1,No,0.06402013575541282,Low
7399-QHBJS,Two year,72,66.75,No,0.06394052913201223,Low
8717-VCTXJ,One year,42,19.55,No,0.06369290279340357,Low
6603-YRDCJ,Two year,33,61.05,No,0.06366354543554298,Low
5067-WJEUN,Two year,67,54.2,No,0.06361569122042633,Low
8859-YSTWS,One year,48,19.95,No,0.06360531217527693,Low
3796-ENZGF,Two year,63,67.25,No,0.06358611974773024,Low
7162-WPHPM,Two year,58,71.6,No,0.06351490802461326,Low
7401-JIXNM,Two year,54,91.3,No,0.06347924400591352,Low
1092-WPIVQ,Two year,18,25.1,No,0.06347893381281842,Low
0336-PIKEI,Two year,72,74.4,No,0.06344737999911346,Low
4102-HLENU,Two year,67,65.65,No,0.06339212578101708,Low
3166-PNEOF,Two year,61,86.45,No,0.063387828011504,Low
4194-FJARJ,Two year,54,60.0,No,0.06335940255205723,Low
0675-NCDYU,Two year,72,116.4,No,0.06331390785569034,Low
0017-IUDMW,Two year,72,116.8,No,0.06331390785569034,Low
5736-YEJAX,Two year,69,79.45,No,0.06328513166128454,Low
3533-UVMOM,Two year,68,70.95,No,0.0632682363013891,Low
7560-QJAVJ,Two year,70,79.6,No,0.06325612281102416,Low
6061-PQHMK,One year,25,19.9,No,0.06322658222879413,Low
1686-STUHN,One year,42,19.8,No,0.06297446337300132,Low
3079-BCHLN,One year,47,19.9,No,0.06287975168170758,Low
8191-XWSZG,One year,52,20.65,No,0.06284000083338462,Low
2150-OEGBV,One year,27,20.1,No,0.06281204923203208,Low
2821-WARNZ,One year,49,19.45,No,0.06272338461092077,Low
6288-CHQJB,Two year,54,69.95,No,0.06257917772849278,Low
6292-TOSSS,Two year,50,24.9,No,0.06254526145118917,Low
1231-YNDEK,Two year,58,19.15,No,0.06253921358715453,Low
7157-SMCFK,Two year,61,19.75,No,0.06252901679554809,Low
3521-HTQTV,Two year,34,26.1,No,0.06247881601552507,Low
9091-WTUUY,Two year,64,69.25,No,0.06239166099773599,Low
6169-PGNCD,Two year,57,74.3,No,0.06236925123723225,Low
9110-HSGTV,Two year,69,82.45,No,0.06231407722080229,Low
0602-DDUML,Two year,57,69.75,No,0.06222808053614239,Low
6813-GZQCG,Two year,45,24.65,No,0.06216553440085428,Low
0436-TWFFZ,Two year,67,85.25,No,0.0621492856504381,Low
6925-BAYGL,Two year,53,25.1,No,0.06210833954238229,Low
7328-OWMOM,One year,31,20.1,No,0.06194222322883719,Low
9639-BUJXT,One year,63,20.5,No,0.06187492073533895,Low
3896-ZVNET,Two year,24,24.7,No,0.06186369274475712,Low
9795-NREXC,Two year,64,85.0,No,0.06173339297509976,Low
0383-CLDDA,Two year,69,85.35,No,0.06167506625223869,Low
7018-FPXHH,Two year,56,59.8,No,0.061605603140169975,Low
5334-AFQJB,Two year,72,25.1,No,0.061431424461826735,Low
6223-DHJGV,One year,42,20.65,No,0.0613729278727694,Low
6701-DHKWQ,Two year,61,51.35,No,0.06134230109985621,Low
4521-WFJAI,Two year,56,25.95,No,0.06129952925236915,Low
4636-TVXVG,One year,62,19.95,No,0.061227512638345354,Low
8884-FEEWR,One year,35,20.6,No,0.061111368357941016,Low
5876-QMYLD,One year,23,20.05,No,0.06088158857870649,Low
1439-LCGVL,One year,26,19.2,No,0.06084821319561172,Low
3704-IEAXF,Two year,72,53.65,No,0.06083269841498489,Low
7860-KSUGX,Two year,72,64.45,No,0.06071678331330104,Low
0621-CXBKL,Two year,53,18.7,No,0.06066993056237164,Low
5816-JMLGY,Two year,70,80.4,No,0.06060263531074077,Low
4487-ZYJZK,One year,38,19.6,No,0.060551472593394565,Low
1722-LDZJS,One year,53,20.2,No,0.06054193883348251,Low
6585-WCEWR,Two year,72,20.35,No,0.06048831372234729,Low
8008-OTEZX,One year,35,19.65,No,0.06044429189851536,Low
6855-VLGOS,Two year,72,20.55,No,0.06034128885351166,Low
0379-DJQHR,Two year,67,81.35,No,0.060338677357560294,Low
5914-GXMDA,One year,32,19.3,No,0.0603141397891399,Low
4092-OFQZS,One year,20,20.65,No,0.06022170769414748,Low
6518-PPLMZ,Two year,53,19.4,No,0.06017260348474854,Low
7427-AUFPY,Two year,54,19.65,No,0.06017076584248718,Low
8234-GSZYK,Two year,43,26.45,No,0.060131676054142484,Low
2253-KPMNB,Two year,69,46.25,No,0.0600506628575048,Low
0214-JHPFW,Two year,70,57.8,No,0.06004029682985898,Low
9534-NSXEM,One year,26,20.65,No,0.05990561661824958,Low
6374-AFWOX,Two year,46,65.65,No,0.059881065345981914,Low
2160-GPFXD,Two year,54,65.65,No,0.05983626617948598,Low
3795-GWTRD,Two year,63,75.55,No,0.059810757824162265,Low
6741-QRLUP,Two year,63,80.3,No,0.059799748257007505,Low
8590-YFFQO,Two year,70,64.95,No,0.059705403218133765,Low
8143-ETQTI,Two year,23,19.65,No,0.05963263397524589,Low
2404-JIBFC,Two year,55,85.1,No,0.05956494442906782,Low
6695-FRVEC,Two year,67,60.4,No,0.05953787262784278,Low
2805-AUFQN,Two year,25,19.8,No,0.05940418910321752,Low
5847-MXBEO,One year,22,20.3,No,0.05935654209153205,Low
9993-LHIEB,Two year,67,67.85,No,0.0593129003102528,Low
6631-HMANX,Two year,72,85.45,No,0.05920093712638912,Low
5751-USDBL,Two year,46,81.0,No,0.05918084817180414,Low
4698-KVLLG,Two year,51,19.6,No,0.059147507553370934,Low
3572-UUHRS,One year,45,18.85,No,0.05911784246475196,Low
1245-HARPS,Two year,14,20.4,No,0.05909174618390026,Low
2829-HYVZP,One year,29,19.8,No,0.059088674890974587,Low
3721-WKIIL,Two year,27,19.6,No,0.05903555879739186,Low
1084-MNSMJ,Two year,51,85.5,No,0.05893137322891057,Low
5320-BRKGK,Two year,58,75.8,No,0.0588811550560769,Low
2428-HYUNX,Two year,44,19.35,No,0.05875365575181687,Low
3982-JGSFD,One year,36,20.35,No,0.05874285667467888,Low
3865-ZFZIB,Two year,19,19.65,No,0.05871041153695128,Low
6407-GSJNL,Two year,51,24.95,No,0.0586358722129224,Low
9661-JALZV,Two year,58,24.7,No,0.05841528451716839,Low
3486-HOOGQ,Two year,70,79.7,No,0.0583864492298252,Low
5197-LQXXH,Two year,71,83.3,No,0.05828184779813165,Low
6479-OAUSD,One year,25,19.9,No,0.05828160743744893,Low
7688-AWMDX,Two year,71,54.5,No,0.05825698478827144,Low
1089-XZWHH,Two year,24,19.7,No,0.058243409306574824,Low
5317-FLPJF,Two year,66,61.35,No,0.058231776581343764,Low
5707-ZMDJP,Two year,53,69.7,No,0.058223187804170955,Low
2885-HIJDH,Two year,69,86.9,No,0.05821328686395759,Low
8194-PEEBY,One year,24,19.9,No,0.058128223696910244,Low
3399-BMLVW,Two year,51,60.5,No,0.058094649387046185,Low
0839-QNXME,Two year,30,19.4,No,0.058081293388207215,Low
0486-LGCCH,Two year,11,19.65,No,0.058081077027944294,Low
1843-TLSGD,Two year,13,20.85,No,0.05802840524765389,Low
8022-BECSI,One year,22,19.6,No,0.058013264836637685,Low
1568-BEKZM,Two year,70,90.05,No,0.05790515911947616,Low
2252-NKNSI,Two year,52,85.15,No,0.05768928432355485,Low
6418-PIQSP,Two year,62,81.0,No,0.0576792149079765,Low
6248-BSHKG,One year,61,20.4,No,0.057643550270539,Low
7305-ZWMAJ,One year,30,20.7,No,0.05764190368406538,Low
2819-GWENI,One year,28,19.9,No,0.057628509706463917,Low
9503-XJUME,One year,52,19.65,No,0.05755699766083539,Low
8807-OPMBM,Two year,55,25.65,No,0.05734459581901528,Low
6253-GNHWH,Two year,71,71.1,No,0.057210092902268396,Low
4872-JCVCA,Two year,71,47.6,No,0.057188477999157675,Low
7996-MHXLW,Two year,66,25.15,No,0.05716855176410485,Low
3948-KXDUF,Two year,66,68.75,No,0.05716105051201282,Low
1403-LKLIK,One year,33,20.1,No,0.05711774204060384,Low
7601-DHFWZ,Two year,48,24.0,No,0.0570729232007376,Low
1302-TPUBN,Two year,66,19.35,No,0.057040851835751125,Low
6016-NXBNJ,One year,35,19.15,No,0.057013221912324226,Low
0114-IGABW,Two year,71,58.25,No,0.05700873556529541,Low
9602-WCXPI,One year,50,20.15,No,0.05693816840818765,Low
1814-WFGVS,Two year,72,48.9,No,0.05690693622672764,Low
3778-FOAQW,One year,24,20.15,No,0.05684157479431743,Low
8590-OHDIW,One year,38,20.3,No,0.05680140270300805,Low
5986-WWXDV,One year,39,19.35,No,0.056767556748143225,Low
0531-XBKMM,Two year,66,65.7,No,0.056683920374403486,Low
9140-CZQZZ,Two year,68,79.6,No,0.05668117208656722,Low
7242-EDTYC,Two year,44,19.55,No,0.056482048312492865,Low
2211-RMNHO,Two year,68,85.3,No,0.05634147904748995,Low
4703-MQYKT,Two year,21,19.6,No,0.056231237821773236,Low
8292-ITGYJ,Two year,45,24.65,No,0.056208541346515324,Low
2749-CTKAJ,One year,22,20.15,No,0.05620101724667283,Low
5356-KZCKT,Two year,58,24.45,No,0.05617321374434288,Low
0559-CKHUS,Two year,29,19.55,No,0.05615392279365898,Low
8249-THVEC,One year,51,19.4,No,0.05606461423941396,Low
4335-BSMJS,Two year,62,25.8,No,0.055928490410156836,Low
9795-SHUHB,Two year,66,58.2,No,0.055910469929737826,Low
9499-XPZXM,Two year,72,64.75,No,0.05569509750420208,Low
0219-QAERP,One year,30,19.8,No,0.055680228262858844,Low
5148-HKFIR,Two year,20,19.7,No,0.055672795547680516,Low
7632-YUTXB,One year,25,20.05,No,0.055608616297279014,Low
8336-TAVKX,Two year,72,78.45,No,0.055470727238627594,Low
6080-LNESI,Two year,51,24.75,No,0.05543756058302406,Low
6349-JDHQP,Two year,53,19.85,No,0.055413610048690165,Low
4955-VCWBI,One year,43,20.0,No,0.05527463108809396,Low
0270-THENM,Two year,72,69.85,No,0.05527256350707493,Low
9224-VTYID,Two year,47,90.5,No,0.05524555354438285,Low
4176-RELJR,Two year,67,25.1,No,0.05523322323272377,Low
7109-CQYUZ,Two year,52,89.25,No,0.05522380071756416,Low
0732-OCQOC,Two year,52,25.05,No,0.05521135739548795,Low
1241-FPMOF,Two year,52,19.65,No,0.05517351922966687,Low
9385-NXKDA,Two year,72,82.65,No,0.05516161958979109,Low
1837-YQUCE,Two year,70,58.35,No,0.05505673737709304,Low
7216-KAOID,One year,41,19.5,No,0.05502654589471252,Low
2228-BZDEE,Two year,54,20.1,No,0.05502425439434339,Low
7977-HXJKU,Two year,21,19.6,No,0.05495800058184906,Low
9620-QJREV,One year,47,20.55,No,0.05489631344584835,Low
6283-GITPX,Two year,71,76.9,No,0.05482786402962732,Low
4254-QPEDE,Two year,52,66.25,No,0.05475570864037788,Low
9348-ROUAI,Two year,59,90.3,No,0.05470417368336426,Low
7596-ZYWBB,Two year,65,59.6,No,0.05455252501390898,Low
3911-RSNHI,Two year,71,61.4,No,0.05453198883211137,Low
4891-NLUBA,Two year,61,61.45,No,0.05452695923653445,Low
2263-SFSQZ,Two year,51,24.95,No,0.05446347069400055,Low
2616-FLVQC,Two year,64,19.55,No,0.05445607437725171,Low
9479-HYNYL,Two year,71,80.7,No,0.05438601177357388,Low
7306-YDSOI,Two year,69,59.75,No,0.05430291882606027,Low
0827-ITJPH,Two year,36,18.55,No,0.05428369894979965,Low
3230-IUALN,Two year,45,81.0,No,0.05422928569220759,Low
9347-AERRL,One year,23,19.3,No,0.054227388544532074,Low
3785-KTYSH,Two year,53,24.6,No,0.05422257533930572,Low
9500-WBGRP,Two year,69,19.1,No,0.05422190322836929,Low
8626-XHBIE,Two year,56,24.8,No,0.05421936532150971,Low
9631-RXVJM,Two year,35,19.25,No,0.054004043170212415,Low
5699-BNCAS,Two year,71,24.65,No,0.05397439137741824,Low
2122-SZZZD,One year,44,19.5,No,0.05379195375375173,Low
3429-IFLEM,Two year,71,77.35,No,0.053678265563287475,Low
5010-IPEAQ,Two year,67,54.2,No,0.05365477359838785,Low
7599-NTMDP,Two year,62,48.7,No,0.05361189801441578,Low
2817-LVCPP,Two year,50,19.4,No,0.053563923875471035,Low
7301-ABVAD,Two year,72,86.6,No,0.05354870961177362,Low
0463-TXOAK,Two year,52,25.6,No,0.053450262074097664,Low
2908-WGAXL,Two year,56,24.95,No,0.053448401417470655,Low
4795-UXVCJ,One year,26,19.8,No,0.053438336428032446,Low
3970-XGJDU,Two year,62,19.2,No,0.05342486991333672,Low
7169-YWAMK,Two year,72,68.4,No,0.053344108935603804,Low
2595-KIWPV,Two year,27,19.7,No,0.05325654801449758,Low
7473-ZBDSN,Two year,14,18.8,No,0.05324977389721985,Low
4632-PAOYU,One year,22,19.95,No,0.05322973256991852,Low
9888-ZCUMM,Two year,64,60.05,No,0.0530286164860927,Low
9286-BHDQG,Two year,72,45.25,No,0.05302154888407265,Low
3976-HXHCE,Two year,72,19.3,No,0.05297098536346836,Low
9507-HSMMZ,Two year,54,20.0,No,0.05282817042103697,Low
2000-DHJUY,Two year,70,92.2,No,0.05277950881402811,Low
1970-KKFWL,Two year,35,23.3,No,0.05270490197571699,Low
8039-ACLPL,Two year,72,68.75,No,0.05267710200965893,Low
6963-EZQEE,Two year,70,88.55,No,0.05265204142061924,Low
5893-KCLGT,Two year,72,19.75,No,0.05256948449670917,Low
3458-IDMFK,Two year,25,20.75,No,0.05255391040240107,Low
5849-ASHZJ,One year,27,20.05,No,0.05248403652560547,Low
8999-YPYBV,Two year,45,84.35,No,0.05247088560339262,Low
7560-QRBXH,One year,48,19.95,No,0.05239312021781611,Low
3638-VBZTA,Two year,68,86.5,No,0.05235644291336156,Low
5730-DBDSI,Two year,66,19.7,No,0.052250198659797985,Low
9067-SQTNS,One year,44,20.6,No,0.05218307364892862,Low
6203-HBZPA,Two year,52,63.9,No,0.05215172130242937,Low
3720-DBRWL,Two year,51,83.85,No,0.05213488705792416,Low
9339-FIIJL,Two year,72,85.95,No,0.051971824075126405,Low
1194-BHJYC,Two year,61,62.15,No,0.05192086041081921,Low
1872-EBWSC,One year,29,20.35,No,0.051888904797004885,Low
5930-GBIWP,Two year,69,81.5,No,0.05186632280626964,Low
7639-OPLNG,Two year,70,79.25,No,0.05184046460593279,Low
1985-MBRYP,Two year,43,19.65,No,0.05179332005517189,Low
5003-XZWWO,Two year,71,84.2,No,0.05172448091956881,Low
5915-ANOEI,Two year,70,79.15,No,0.05172003485596661,Low
1635-HDGFT,Two year,19,20.5,No,0.051713320791029416,Low
8174-LNWMW,Two year,31,20.9,No,0.05168547572738543,Low
4335-UPJSI,Two year,24,19.75,No,0.05163424855684078,Low
0909-SELIE,Two year,61,80.8,No,0.051634211061179575,Low
3486-NPGST,One year,36,19.55,No,0.05159847492757738,Low
7190-XHTWJ,One year,38,19.3,No,0.051396932059803946,Low
8512-WIWYV,One year,32,20.35,No,0.051372915732782215,Low
3764-MNMOI,Two year,46,19.2,No,0.05128903057023648,Low
1269-FOYWN,One year,44,20.0,No,0.05123228835175504,Low
0229-LFJAF,Two year,72,69.65,No,0.05122646260349313,Low
2452-MRMZF,Two year,72,25.7,No,0.05116191479273287,Low
1627-AFWVJ,Two year,29,19.4,No,0.05101102572489764,Low
8174-TBVCF,Two year,70,94.8,No,0.05096577023212337,Low
8619-IJNDK,Two year,71,64.05,No,0.05092200627402721,Low
4334-HOWRP,Two year,72,64.95,No,0.0507794787493115,Low
8327-WKMIE,One year,37,20.15,No,0.05076136198718533,Low
5859-HZYLF,Two year,26,19.15,No,0.05071375921847185,Low
0336-KXKFK,Two year,72,61.2,No,0.050689806311203185,Low
6696-YDAYZ,Two year,16,20.5,No,0.05062637717993104,Low
7026-YMSBE,One year,30,19.7,No,0.05050164739678147,Low
5456-ITGIC,Two year,72,64.45,No,0.05045869317729944,Low
6164-HAQTX,Two year,71,53.95,No,0.05042707673071797,Low
6082-OQFBA,One year,23,19.65,No,0.050425232018405174,Low
8067-NIOYM,Two year,24,21.1,No,0.05028343257535863,Low
5095-ETBRJ,Two year,55,56.8,No,0.050092357637472634,Low
8204-YJCLA,Two year,72,64.8,No,0.05006288421353399,Low
0885-HMGPY,Two year,62,69.4,No,0.049991140566556506,Low
3544-FBCAS,Two year,72,83.6,No,0.049959158531728345,Low
8219-VYBVI,Two year,39,25.0,No,0.04994736081816741,Low
6418-HNFED,Two year,51,83.25,No,0.04985205395622876,Low
6549-BTYPG,Two year,60,60.8,No,0.049819405795524026,Low
2481-SBOYW,Two year,61,25.0,No,0.04973800917007107,Low
5322-ZSMZY,Two year,31,25.75,No,0.04972338118166788,Low
7941-RCJOW,Two year,65,19.55,No,0.049692716180390145,Low
3389-KTRXV,Two year,23,23.85,No,0.0496383196636079,Low
9801-NOSHQ,One year,23,19.8,No,0.04961701871486723,Low
1047-RNXZV,Two year,43,19.55,No,0.049538621888649374,Low
5442-PPTJY,Two year,12,19.7,No,0.04953662460076483,Low
0206-OYVOC,Two year,46,19.25,No,0.049468279565367056,Low
3400-ESFUW,Two year,55,57.55,Yes,0.04942270232261429,Low
2143-LJULT,Two year,67,25.25,No,0.0493680386783629,Low
1682-VCOIO,One year,23,20.45,No,0.04932205690864493,Low
6139-ZZRBQ,Two year,64,20.05,No,0.0492788142822379,Low
9548-LIGTA,Two year,61,81.05,No,0.049265184458220285,Low
1998-VHJHK,One year,27,19.15,No,0.049177148783845145,Low
2235-EZAIK,Two year,72,79.2,No,0.04910497514413077,Low
3227-WLKLI,Two year,65,91.55,No,0.04907323985974081,Low
5605-XNWEN,Two year,72,25.0,No,0.04905020678533091,Low
2274-XUATA,Two year,72,63.1,No,0.049023788495685464,Low
4782-OSFXZ,Two year,71,82.7,No,0.049021597905329756,Low
6823-SIDFQ,One year,28,18.25,No,0.04892858113012856,Low
1265-ZFOSD,Two year,64,81.3,No,0.048924648166263116,Low
3563-SVYLG,Two year,68,62.65,No,0.048882735604758976,Low
7139-JZFVG,Two year,60,60.5,No,0.04879281638084743,Low
4716-MRVEN,One year,29,20.0,No,0.0487806522153026,Low
8039-EQPIM,Two year,69,60.25,No,0.048754386066608674,Low
5171-EPLKN,Two year,27,19.85,No,0.048665165089224145,Low
0362-RAOQO,Two year,40,19.65,No,0.04857092508802251,Low
7131-ZQZNK,Two year,60,59.85,No,0.04855059651815639,Low
3308-DGHKL,Two year,69,19.3,No,0.04849221379798402,Low
8859-AXJZP,Two year,39,23.8,No,0.04848634114443129,Low
3985-HOYPM,One year,26,19.4,No,0.04847464477158513,Low
5803-NQJZO,Two year,72,67.8,No,0.04835464965961713,Low
9372-TXXPS,Two year,60,59.85,No,0.048227948144451784,Low
7596-IIWYC,Two year,27,20.25,No,0.04815057693495659,Low
9764-REAFF,Two year,59,18.4,No,0.04813431499897803,Low
3460-TJBWI,Two year,24,24.2,No,0.04813252818930521,Low
1757-TCATG,One year,35,20.05,No,0.04812817191170106,Low
2266-FUBDZ,Two year,15,19.35,No,0.048122154835082705,Low
9385-EHGDO,Two year,35,19.85,No,0.0479322102878556,Low
3498-LZGQZ,Two year,63,19.15,No,0.047890727929350715,Low
9337-SRRNI,Two year,66,25.3,No,0.047794620232052006,Low
5799-JRCZO,Two year,63,19.5,No,0.047756340892970754,Low
3212-KXOCR,Two year,52,21.0,No,0.04771803655541743,Low
7114-AEOZE,Two year,60,19.85,No,0.04761184023239001,Low
3120-FAZKD,Two year,54,24.05,No,0.047528411553307226,Low
0969-RGKCU,One year,37,19.8,No,0.04745839373754146,Low
9504-YAZWB,Two year,53,20.25,No,0.04742947848553604,Low
9509-MPYOD,One year,35,20.75,No,0.04734685058216433,Low
6897-RWMUB,Two year,61,68.05,No,0.04725841492380998,Low
2882-WDTBA,Two year,69,75.75,No,0.04725476641084194,Low
6916-HIJSE,Two year,65,84.85,No,0.04721546818427039,Low
7975-JMZNT,Two year,66,91.7,No,0.04717482366265289,Low
5380-XPJNZ,One year,38,20.05,No,0.047122778891572514,Low
3280-NMUVX,One year,34,19.6,No,0.04706353686181598,Low
0562-FGDCR,Two year,72,74.55,No,0.04705132670746697,Low
2418-TPEUN,Two year,56,19.8,No,0.04694262522197117,Low
5148-ORICT,Two year,64,74.35,No,0.046936323412949614,Low
3148-AOIQT,Two year,69,24.95,No,0.04662699031421562,Low
1619-YWUBB,Two year,68,24.95,No,0.04662699031421562,Low
0854-UYHZD,Two year,13,19.55,No,0.04660749318908362,Low
8361-LBRDI,Two year,58,24.35,No,0.04653604918174368,Low
0839-JTCUD,Two year,66,89.9,No,0.04640826715568765,Low
6762-QVYJO,Two year,58,59.75,No,0.04636430862956941,Low
8626-PTQGE,Two year,69,60.05,No,0.046327649698138365,Low
1699-TLDLZ,Two year,16,19.7,No,0.04617791645953908,Low
4006-HKYHO,Two year,63,86.7,No,0.04603209117965431,Low
2176-OSJUV,Two year,71,65.15,No,0.04600725643016923,Low
5214-CHIWJ,One year,27,20.3,No,0.04595275731881085,Low
1459-QNFQT,Two year,70,59.5,No,0.04589793037664971,Low
5474-LAMUQ,One year,24,20.1,No,0.045783322192998424,Low
7164-BPTUT,Two year,57,89.55,No,0.045564641991683204,Low
0361-HJRDX,Two year,68,64.35,No,0.04554778580267624,Low
7508-DQAKK,Two year,64,86.4,No,0.04550497573032772,Low
2346-CZYIL,Two year,27,20.35,No,0.045443626774518193,Low
1328-EUZHC,Two year,18,20.1,No,0.04537582894232103,Low
2075-PUEPR,Two year,55,19.35,No,0.04534508155058661,Low
8450-LUGUK,Two year,37,24.1,No,0.045318833431552324,Low
5666-MBJPT,Two year,65,25.1,No,0.04531838397510812,Low
1834-WULEG,One year,24,20.25,No,0.04531759271083959,Low
3507-GASNP,Two year,60,19.95,No,0.04530567222499187,Low
2961-VNFKL,Two year,71,25.95,No,0.04528881843409586,Low
8873-TMKGR,One year,29,19.1,No,0.04523295591137882,Low
4962-CHQPW,One year,29,19.85,No,0.04522907979642714,Low
1934-MKPXS,One year,33,20.1,No,0.04515851549670193,Low
7293-LSCDV,Two year,60,19.25,No,0.04492933307887323,Low
4458-KVRBJ,Two year,59,25.0,No,0.04484723467910738,Low
9588-YRFHY,Two year,49,19.9,No,0.04470793379639874,Low
3957-SQXML,Two year,34,24.95,No,0.0446359673935316,Low
2384-OVPSA,Two year,38,20.2,No,0.044588112811979275,Low
3454-JFUBC,Two year,68,20.0,No,0.04449547338553837,Low
5871-DGTXZ,One year,32,19.8,No,0.04446716292097188,Low
6384-VMJHP,Two year,72,73.0,No,0.044373335616796745,Low
2234-EOFPT,Two year,72,79.35,No,0.04423979538785332,Low
3662-FXJFO,Two year,54,20.5,No,0.04415714390381174,Low
1676-MQAOA,Two year,72,75.1,No,0.044009577913961824,Low
3889-VWBID,Two year,68,82.85,No,0.044008698331344326,Low
7416-CKTEP,Two year,57,19.6,No,0.04390379919399655,Low
9824-QCJPK,One year,36,20.0,No,0.04386905968155519,Low
0230-WEQUW,Two year,66,56.6,No,0.043867046184217995,Low
6265-FRMTQ,Two year,31,20.4,No,0.0438660964080853,Low
3359-DSRKA,Two year,58,19.85,No,0.04381260034170981,Low
7945-PRBVF,Two year,35,21.45,No,0.04373690485934873,Low
5457-COLHT,Two year,69,80.65,No,0.04334814976898977,Low
6563-VRERX,One year,33,20.6,No,0.0433080614117108,Low
0780-XNZFN,Two year,57,20.65,No,0.04329071591722473,Low
1240-HCBOH,Two year,67,26.1,No,0.04323877633637693,Low
9418-RUKPH,Two year,38,19.95,No,0.0431528129997388,Low
6087-YPWHO,Two year,72,68.15,No,0.04311596182281859,Low
8146-QQKZH,Two year,71,81.85,No,0.043050439583931614,Low
9397-TZSHA,Two year,69,24.6,No,0.04301614941530216,Low
1395-WSWXR,Two year,24,20.75,No,0.042915273289247866,Low
5208-FVQKB,Two year,70,67.95,No,0.0429146558964098,Low
3938-YFPXD,Two year,72,84.3,No,0.042910132237617936,Low
4990-ALDGW,Two year,57,20.75,No,0.0428162440634439,Low
1755-FZQEC,One year,39,19.9,No,0.04278357822535232,Low
2977-CEBSX,Two year,66,90.05,No,0.042709248588030366,Low
0795-XCCTE,Two year,72,25.4,No,0.04266631014010198,Low
5598-IKHQQ,Two year,72,25.45,No,0.04257442965777588,Low
5485-ITNPC,Two year,66,85.9,No,0.042483852795180986,Low
1080-BWSYE,Two year,64,25.65,No,0.04245907209617992,Low
7167-PCEYD,Two year,67,19.8,No,0.04232617453901357,Low
9950-MTGYX,Two year,28,20.3,No,0.042313476560424765,Low
5567-GZKQY,Two year,58,20.3,No,0.04226387961522723,Low
5656-JAMLX,Two year,62,19.85,No,0.0422262161523317,Low
7008-LZVOZ,Two year,66,25.3,No,0.04219994274346753,Low
1955-IBMMB,Two year,59,20.2,No,0.04215616464050773,Low
4774-HHGGS,Two year,30,19.05,No,0.042104404473061824,Low
1187-WILMM,Two year,63,89.4,No,0.04206778624914493,Low
8181-YHCMF,Two year,68,60.3,No,0.04195929967342311,Low
4518-FZBSX,One year,42,20.25,No,0.041931733173937724,Low
0301-KOBTQ,Two year,32,20.05,No,0.041915760985540035,Low
7552-KEYGT,Two year,27,19.55,No,0.041902897736751384,Low
8514-VZHEB,Two year,59,19.5,No,0.0418602785435593,Low
5680-LQOGP,Two year,68,82.45,No,0.0417779394456854,Low
2525-GVKQU,Two year,60,20.6,No,0.04161529784254436,Low
6614-YWYSC,Two year,61,25.0,No,0.04157653162811348,Low
4807-IZYOZ,Two year,51,20.65,No,0.04148643680686847,Low
8902-ZEOVF,One year,47,20.05,No,0.04138255816817436,Low
1098-KFQEC,Two year,55,19.4,No,0.04123324177816236,Low
1027-LKKQQ,Two year,72,80.45,No,0.0411953959589914,Low
4012-YCFAI,Two year,60,61.35,No,0.04114397696571377,Low
2900-PHPLN,Two year,70,19.55,No,0.04113745160409412,Low
0932-YIXYU,Two year,47,20.25,No,0.0411143917028558,Low
1468-DEFNC,Two year,64,24.4,No,0.04107108874927408,Low
2892-GESUL,Two year,18,19.35,No,0.04101851170182179,Low
5231-FIQPA,Two year,41,19.85,No,0.0409470798574596,Low
2176-LVPNX,Two year,71,89.85,No,0.040920343512117915,Low
3274-NSDWE,Two year,68,19.6,No,0.04091349297593226,Low
8092-NLTGF,Two year,72,24.75,No,0.04085878463721501,Low
7608-RGIRO,Two year,62,24.4,No,0.04065748771636146,Low
0613-WUXUM,Two year,70,19.2,No,0.040636565224636,Low
5494-WOZRZ,Two year,71,82.0,No,0.04060728325172593,Low
7722-VJRQD,Two year,72,60.95,No,0.040547646961083074,Low
6656-GULJQ,Two year,72,83.55,No,0.04046399237675452,Low
8701-DGLVH,Two year,51,20.45,No,0.04045455395299682,Low
0902-RFHOF,One year,38,20.1,No,0.04044411602849747,Low
8125-QPFJD,Two year,72,84.9,No,0.04039358957576416,Low
2068-WWXQZ,Two year,46,20.05,No,0.04030308499752142,Low
8441-SHIPE,Two year,67,25.6,No,0.04024235472788919,Low
0508-SQWPL,Two year,57,20.1,No,0.04020627008737115,Low
7815-PDTHL,Two year,35,20.2,No,0.04020011994616448,Low
9593-CVZKR,Two year,56,24.45,No,0.040199298676433175,Low
8966-KZXXA,Two year,36,25.1,No,0.04013673893968315,Low
8580-QVLOC,Two year,72,92.45,Yes,0.04011115930662002,Low
3284-SVCRO,Two year,45,25.5,No,0.04009223226396398,Low
8577-QSOCG,Two year,38,20.2,No,0.04002446387690622,Low
5146-YYFRZ,Two year,67,19.95,No,0.03998118576178695,Low
7515-LODFU,Two year,69,20.3,No,0.039798117529203314,Low
7647-GYYKX,Two year,54,20.35,No,0.03978818565895643,Low
9916-AYHTC,Two year,48,19.85,No,0.03974152526967901,Low
2626-VEEWG,Two year,67,19.4,No,0.0397316783772251,Low
7606-BPHHN,Two year,72,19.8,No,0.03964525954567227,Low
9084-OAYKL,Two year,58,20.8,No,0.039634893496048026,Low
4641-FROLU,Two year,30,19.3,No,0.0395934001581978,Low
5006-MXVRN,Two year,39,20.7,No,0.03956929143542693,Low
2429-AYKKO,Two year,72,19.85,No,0.039504094958507305,Low
0847-HGRML,Two year,62,20.0,No,0.03943764441084045,Low
6484-LATFU,Two year,68,24.55,No,0.039418451636157176,Low
8404-VIOMB,Two year,66,62.5,No,0.03934706943480817,Low
3967-VQOGC,Two year,67,24.9,No,0.03933572948274112,Low
5529-GIBVH,Two year,47,20.15,No,0.03933053537817852,Low
4900-MSOMT,Two year,72,80.2,No,0.039263845955876564,Low
8999-EXMNO,Two year,19,20.15,No,0.03925488652355614,Low
1839-FBNFR,Two year,39,19.85,No,0.03919813653354641,Low
1767-CJKBA,Two year,66,25.1,No,0.03917333919612481,Low
3219-JQRSL,Two year,72,89.1,No,0.03896619274633702,Low
6961-MJKBO,Two year,47,20.45,No,0.0388891429757566,Low
3472-QPRCH,Two year,40,25.25,No,0.038876478656728046,Low
2796-NNUFI,Two year,46,19.95,No,0.03884847604696458,Low
8207-VVMYB,Two year,70,26.0,No,0.038833472932090975,Low
8859-DZTGQ,Two year,33,20.35,No,0.03882081400113035,Low
7493-GVFIO,Two year,57,20.55,No,0.03872793683356381,Low
4896-CPRPF,Two year,35,25.45,No,0.038567317096303594,Low
7729-XBTWX,Two year,66,19.75,No,0.03851456716735524,Low
8540-ZQGEA,Two year,54,20.05,No,0.038463508685636666,Low
9650-VBUOG,Two year,38,25.05,No,0.0384001683128473,Low
3635-QQRQD,Two year,62,20.05,No,0.03828034044458857,Low
6917-FIJHC,Two year,72,26.0,No,0.03825377624079677,Low
8374-UULRV,Two year,72,86.05,No,0.03816320302882256,Low
9565-AXSMR,Two year,52,19.2,No,0.03809982215565715,Low
7321-KKSDU,Two year,32,20.5,No,0.03803736050248659,Low
9392-XBGTD,Two year,27,20.6,No,0.0379415236515235,Low
7113-HIPFI,Two year,66,65.85,No,0.03792540790496956,Low
1073-XXCZD,Two year,55,25.7,No,0.03790356156298077,Low
1852-QSWCD,Two year,64,24.8,No,0.03777772424993436,Low
3836-FZSDJ,Two year,71,24.85,No,0.03772897408687204,Low
2251-PYLPB,Two year,72,79.55,No,0.03766305823077202,Low
9135-HSWOC,Two year,64,19.7,No,0.03760134045105012,Low
4361-FEBGN,Two year,48,20.15,No,0.03750586422543912,Low
3071-MVJCD,Two year,72,82.3,No,0.037500973985056224,Low
1167-OYZJF,Two year,67,20.05,No,0.03741118114836001,Low
5124-EOGYE,Two year,31,20.45,No,0.03737797427824107,Low
2097-YVPKN,Two year,65,25.75,No,0.03737004155658867,Low
4701-LKOZD,Two year,70,89.75,No,0.03736128644327352,Low
9585-KKMFD,Two year,41,20.0,No,0.037346579225957036,Low
7898-PDWQE,Two year,71,80.4,No,0.03734206652368659,Low
4625-LAMOB,Two year,44,20.4,No,0.03730834423639601,Low
2314-TNDJQ,Two year,72,55.65,No,0.03727495219004989,Low
9786-YWNHU,Two year,63,63.55,No,0.037234986202073064,Low
8857-CUPFQ,Two year,63,19.25,No,0.03719718750842844,Low
9488-FVZCC,Two year,72,79.5,No,0.03711745228544095,Low
8896-RAZCR,Two year,44,19.9,No,0.03708326006937042,Low
2560-WBWXF,Two year,68,24.15,No,0.03704134840753109,Low
4827-DPADN,Two year,72,83.3,No,0.03690016499351883,Low
5939-SXWHM,Two year,48,26.3,No,0.03685784619693351,Low
3973-SKMLN,Two year,71,19.9,No,0.03668549308454594,Low
4804-NCPET,Two year,19,20.2,No,0.03668368911711134,Low
1764-VUUMT,Two year,66,19.95,No,0.03660562899859287,Low
5743-KHMNA,Two year,71,25.55,No,0.03653898290079478,Low
2888-ADFAO,Two year,47,21.3,No,0.036483463551636584,Low
7850-THJMU,Two year,26,19.65,No,0.03629934624342075,Low
2725-TTRIQ,Two year,72,84.2,No,0.036291547722000134,Low
1306-RPWXZ,Two year,49,20.45,No,0.03625375526327105,Low
0442-TDYUO,Two year,48,20.05,No,0.0361895252569645,Low
5044-XDPYX,Two year,51,25.5,No,0.03615792759266754,Low
1635-NZATJ,Two year,71,25.45,No,0.03609742651076247,Low
5542-NKVRU,Two year,42,20.75,No,0.036082187359648465,Low
0123-CRBRT,Two year,61,88.1,No,0.036069583303380136,Low
3612-YVGSJ,Two year,71,24.45,No,0.036064115298495146,Low
3777-XROBG,Two year,58,19.55,No,0.036043524191524096,Low
9624-EGDEQ,Two year,37,19.8,No,0.035828046806764026,Low
8755-OGKNA,Two year,57,19.5,No,0.03574311216608779,Low
7649-SIJJF,Two year,71,80.1,No,0.03573757398366518,Low
9953-ZMKSM,Two year,63,25.25,No,0.03572552088830346,Low
6000-UKLWI,Two year,41,20.15,No,0.03570269944510347,Low
6134-KWTBV,Two year,62,23.4,No,0.035684441412127975,Low
0318-ZOPWS,Two year,49,20.15,No,0.03567465037322948,Low
7205-BAIAD,Two year,40,20.6,No,0.03562445397378662,Low
9430-NKQLY,Two year,72,25.1,No,0.035591388256112765,Low
1223-UNPKS,Two year,20,20.05,No,0.03540975756132128,Low
6725-TPKJO,Two year,44,20.05,No,0.03540707232994327,Low
9548-LERKT,Two year,24,19.75,No,0.03540466842883619,Low
4656-CAURT,Two year,69,23.95,No,0.03539882832183328,Low
6425-JWTDV,Two year,48,19.25,No,0.03537121978595642,Low
2208-MPXIO,Two year,45,20.0,No,0.03528825311181527,Low
0016-QLJIS,Two year,65,90.45,No,0.035283192967485805,Low
8661-BOYNW,Two year,72,84.4,No,0.035275969641607445,Low
3620-EHIMZ,Two year,52,19.35,No,0.03519460242359371,Low
4723-BEGSG,Two year,72,86.65,No,0.0351476129120233,Low
8690-ZVLCL,Two year,68,88.0,No,0.035134080581986554,Low
9964-WBQDJ,Two year,71,24.4,No,0.035131634901436296,Low
7014-ZZXAW,Two year,71,24.25,No,0.035131634901436296,Low
4079-WWQQQ,Two year,72,65.55,No,0.03510705697999107,Low
5296-BFCYD,Two year,46,20.1,No,0.03510670975336687,Low
2226-ICFDO,Two year,72,85.9,No,0.03509559930839698,Low
2535-PBCGC,Two year,70,64.55,No,0.0350748993434648,Low
8232-UTFOZ,Two year,69,19.95,No,0.03504266931632751,Low
9065-ZCPQX,Two year,72,78.85,No,0.03500904582958741,Low
9087-EYCPR,Two year,60,25.0,No,0.034930238456114406,Low
6582-PLFUU,Two year,51,19.55,No,0.03491823537587564,Low
9114-DPSIA,Two year,72,81.0,No,0.03489530034194394,Low
0784-ZQJZX,Two year,72,19.9,No,0.03488565281052558,Low
7998-WNZEM,Two year,71,80.6,No,0.034823334054127034,Low
1270-XKUCC,Two year,30,19.7,No,0.03470159208349802,Low
8957-THMOA,Two year,50,20.15,No,0.034688341139373226,Low
2799-TSLAG,Two year,65,25.3,No,0.034662160578011185,Low
5093-FEGLU,Two year,47,19.65,No,0.034658777268363944,Low
3398-GCPMU,Two year,72,89.55,No,0.034628399646793054,Low
4884-LEVMQ,Two year,39,20.45,No,0.034581925530780065,Low
3097-FQTVJ,Two year,41,20.0,No,0.03458169466823832,Low
3146-MSEGF,Two year,72,88.05,No,0.03455502248926707,Low
3088-FVYWK,Two year,53,25.55,No,0.034505082351382554,Low
3262-EIDHV,Two year,72,84.7,No,0.034436377826280305,Low
9365-CSLBQ,Two year,71,24.35,No,0.03442144012846966,Low
2378-YIZKA,Two year,68,85.0,No,0.03441501617386348,Low
1568-LJSZU,Two year,68,92.2,No,0.03438492749580357,Low
5115-SQAAU,Two year,69,25.6,No,0.03435595131181887,Low
2007-QVGAW,Two year,68,19.35,No,0.034349671677593285,Low
3768-VHXQO,Two year,67,24.85,No,0.03434761078625418,Low
1657-DYMBM,Two year,53,19.9,No,0.034333219825164484,Low
7503-MIOGA,Two year,72,89.85,No,0.03430617021585555,Low
5821-MMEIL,Two year,57,19.9,No,0.03416658644494645,Low
8917-FAEMR,Two year,37,19.85,No,0.034156508405338244,Low
6348-SNFUS,Two year,72,55.45,No,0.03415093058703835,Low
5248-RPYWW,Two year,72,90.15,No,0.03414564298182929,Low
1926-QUZNN,Two year,72,25.25,No,0.03413580909923788,Low
2718-YSKCS,Two year,71,19.6,No,0.034131200502906085,Low
8218-FFJDS,Two year,72,86.4,No,0.03412707488800071,Low
3696-DFHHB,Two year,68,25.5,No,0.034121265316321536,Low
5982-XMDEX,Two year,65,26.5,No,0.03409180983770094,Low
5176-LMJXE,Two year,47,20.55,No,0.03403763343625082,Low
7480-SPLEF,Two year,69,26.0,No,0.03398085879561678,Low
4625-XMOYM,Two year,72,26.25,No,0.03382570417013661,Low
0354-VXMJC,Two year,23,19.6,No,0.03372264721402521,Low
6485-QXWWE,Two year,62,26.0,No,0.03354684144242923,Low
0774-RMNUW,Two year,71,59.7,No,0.03352149247459847,Low
6770-UAYGJ,Two year,49,25.25,No,0.0334928823932349,Low
3580-GICBM,Two year,61,24.2,No,0.03348152882324494,Low
8908-NMQTX,Two year,72,65.6,No,0.03340909743316224,Low
1897-OKVMW,Two year,64,90.6,No,0.03340591637973824,Low
0988-AADSA,Two year,72,80.85,No,0.03337536218259775,Low
4735-BJKOU,Two year,40,20.15,No,0.03336159869995492,Low
9710-NJERN,Two year,39,20.15,No,0.03336159869995492,Low
3070-FNFZQ,Two year,23,20.4,No,0.033302917016963036,Low
1209-VFFOC,Two year,68,56.4,No,0.033299471409133814,Low
0626-QXNGV,Two year,72,24.15,No,0.03324843659535034,Low
6258-PVZWJ,Two year,68,90.8,No,0.03323359297420633,Low
2300-RQGOI,Two year,38,20.05,No,0.03312612401046815,Low
2511-ALLCS,Two year,35,24.3,No,0.03308504196118744,Low
4635-EJYPD,Two year,32,18.95,No,0.03305465695694136,Low
4018-PPNDW,Two year,61,24.1,No,0.033037177421696845,Low
8544-JNBOX,Two year,72,20.8,No,0.03303499521850992,Low
8413-YNHNV,Two year,69,90.65,No,0.03302680781024927,Low
8749-TZYEC,Two year,72,24.8,No,0.03281409601398306,Low
5480-XTFFL,Two year,31,21.0,No,0.03280546625871081,Low
0506-YLVKJ,Two year,46,20.2,No,0.03275932297668411,Low
6695-AMZUF,Two year,70,86.45,No,0.032734204486843325,Low
2146-EGVDT,Two year,59,19.3,No,0.032665032838883286,Low
5848-FHRFC,Two year,68,20.05,No,0.03265666239248277,Low
1705-GUHPV,Two year,63,24.2,No,0.03255492575992039,Low
8129-GMVGI,Two year,56,20.05,No,0.032464263728349596,Low
1399-OUPJN,Two year,57,19.75,No,0.032455171017496065,Low
4933-BSAIP,Two year,40,19.1,No,0.03217211497114424,Low
8100-PNJMH,Two year,68,88.85,No,0.03216509360271737,Low
8874-EJNSR,Two year,39,25.2,No,0.032048947030797754,Low
1131-QQZEB,Two year,71,23.95,No,0.03193579653088863,Low
8917-SZTTJ,Two year,60,19.65,No,0.0318172243274732,Low
2804-ETQDK,Two year,66,20.55,No,0.03178866177385439,Low
0582-AVCLN,Two year,38,20.3,No,0.03172596581333504,Low
2696-RZVZW,Two year,68,25.05,No,0.031690114945396274,Low
6614-YOLAC,Two year,71,58.65,No,0.031630775437206604,Low
4565-NLZBV,Two year,71,24.65,No,0.03157270089969675,Low
9972-EWRJS,Two year,67,19.25,No,0.03155458712180463,Low
3373-DIUUN,Two year,30,21.25,No,0.03146388347811254,Low
6734-JDTTV,Two year,65,19.85,No,0.031421201364625846,Low
0397-ZXWQF,Two year,67,20.5,No,0.03132428770486326,Low
6024-RUGGH,Two year,72,25.2,No,0.031256441930928865,Low
8747-UDCOI,Two year,65,19.35,No,0.03125238714429675,Low
2729-VNVAP,Two year,33,19.8,No,0.031205504132954552,Low
7781-HVGMK,Two year,72,65.2,No,0.031124662349511868,Low
7503-EPSZW,Two year,64,24.05,No,0.031016020772742986,Low
5465-BUBFA,Two year,41,19.3,No,0.031004650247084296,Low
8402-OOOHJ,Two year,41,20.65,No,0.03099212507283918,Low
8173-RXAYP,Two year,24,19.7,No,0.030978803616683627,Low
1215-EXRMO,Two year,50,20.55,No,0.0309599457678086,Low
8043-PNYSD,Two year,63,19.55,No,0.030760309571602373,Low
3027-YNWZU,Two year,64,25.0,No,0.030757091607664714,Low
9646-NMHXE,Two year,47,19.65,No,0.030753055744474463,Low
9823-EALYC,Two year,72,80.85,No,0.030608711624069217,Low
4742-TXUEX,Two year,47,19.3,No,0.030481134067217208,Low
8237-ULIXL,Two year,72,24.85,No,0.030458219622219385,Low
5115-GZDEL,Two year,72,67.2,No,0.03042387234196664,Low
3154-HMWUU,Two year,60,20.5,No,0.030285547385030778,Low
8838-GPHZP,Two year,63,20.6,No,0.030189361824442547,Low
0281-CNTZX,Two year,63,19.95,No,0.0301789339398837,Low
0936-NQLJU,Two year,41,20.65,No,0.030155395046310655,Low
4609-KNNWG,Two year,27,19.9,No,0.030113087667534084,Low
7083-MIOPC,Two year,72,20.25,No,0.029988374500914426,Low
9135-MGVPY,Two year,69,84.7,No,0.02991407308865497,Low
7267-FRMJW,Two year,25,20.1,No,0.029891993306764182,Low
6551-VLJMV,Two year,34,20.05,No,0.029840436519429858,Low
6122-LJADA,Two year,70,90.15,No,0.029823512298161596,Low
5346-BZCHP,Two year,69,19.4,No,0.029801635354473846,Low
8380-MQINP,Two year,55,20.3,No,0.029700144470840583,Low
7328-ZJAJO,Two year,59,19.5,No,0.02967668420670408,Low
4967-WPNCF,Two year,72,63.7,No,0.029607672825710064,Low
5968-HYJRZ,Two year,47,24.55,No,0.029551238247384107,Low
6734-PSBAW,Two year,72,23.55,No,0.029512615152139057,Low
8028-PNXHQ,Two year,62,24.25,No,0.029499508763339944,Low
6369-MCAKO,Two year,68,89.05,No,0.02949631260374082,Low
3451-VAWLI,Two year,35,19.7,No,0.029471597305895377,Low
1248-DYXUB,Two year,52,24.8,No,0.02945984930574415,Low
4291-TPNFG,Two year,72,82.3,No,0.029400365644180432,Low
3118-UHVVQ,Two year,68,25.8,No,0.029265672920779237,Low
3873-WOSBC,Two year,67,25.6,No,0.02924677845007509,Low
0386-CWRGM,Two year,46,19.4,No,0.02924676353434999,Low
6010-DDPPW,Two year,70,25.15,No,0.029199203021557107,Low
7696-CFTAT,Two year,37,19.8,No,0.02916288266676958,Low
6625-FLENO,Two year,58,20.75,No,0.028928721612065472,Low
2208-NKVVH,Two year,43,24.25,No,0.028888971714074174,Low
1987-AUELQ,Two year,71,25.05,No,0.02878250266771817,Low
9938-PRCVK,Two year,41,19.7,No,0.028757199888844027,Low
4652-ODEVH,Two year,45,24.45,No,0.02869649889745066,Low
0301-FIDRB,Two year,72,63.8,No,0.0286445960424929,Low
9625-RZFUK,Two year,63,19.7,No,0.028629705978845614,Low
9257-AZMTZ,Two year,52,20.1,No,0.02848579452830266,Low
4707-MAXGU,Two year,72,25.85,No,0.02847858687629854,Low
2607-DHDAK,Two year,72,19.8,No,0.02846832235263608,Low
9173-IVZVP,Two year,53,20.9,No,0.028405433503831665,Low
6115-ZTBFQ,Two year,72,65.5,No,0.028403808518383464,Low
6685-XSHHU,Two year,60,20.95,No,0.028390757358921815,Low
7695-PKLCZ,Two year,68,20.5,No,0.028353969137900788,Low
5360-XGYAZ,Two year,72,65.65,No,0.028286438601595455,Low
8922-NPKBJ,Two year,42,19.35,No,0.028230724414461346,Low
4836-WNFNO,Two year,72,25.0,No,0.0280329773290519,Low
9975-GPKZU,Two year,46,19.75,No,0.02801059531320558,Low
3279-DYZQM,Two year,71,19.45,No,0.027930958333115617,Low
2181-TIDSV,Two year,68,19.95,No,0.02791332367325434,Low
6848-HJTXY,Two year,64,19.45,No,0.027803901886616772,Low
5549-ZGHFB,Two year,50,24.95,No,0.0277923661971335,Low
9415-ZNBSX,Two year,70,89.0,No,0.027771541270310424,Low
0040-HALCW,Two year,54,20.4,No,0.027768441527695618,Low
2509-TFPJU,Two year,72,25.75,No,0.027755832061134484,Low
8735-SDUFN,Two year,72,24.3,No,0.027659276287961207,Low
0625-AFOHS,Two year,29,20.2,No,0.02762629754991204,Low
9371-BITHB,Two year,52,19.85,No,0.02743693277257103,Low
1087-GRUYI,Two year,38,20.4,No,0.027242449020500464,Low
0374-FIUCA,Two year,65,20.4,No,0.027210566075988905,Low
7601-GNDYK,Two year,35,19.6,No,0.027204595943822938,Low
7558-IMLMT,Two year,67,20.8,No,0.02719603724187654,Low
6762-NSODU,Two year,46,19.4,No,0.02717779929284867,Low
1830-IPXVJ,Two year,61,19.75,No,0.027170279688256187,Low
6923-AQONU,Two year,23,20.9,No,0.02710566498086094,Low
7096-ZNBZI,Two year,72,26.45,No,0.027090786507241612,Low
9242-TKFSV,Two year,72,65.1,No,0.027071301387356996,Low
5275-PMFUT,Two year,72,64.8,No,0.027071301387356996,Low
5787-KXGIY,Two year,72,19.3,No,0.027062233760729193,Low
1945-XISKS,Two year,67,19.65,No,0.02703104905430545,Low
8347-GDTMP,Two year,64,19.45,No,0.026972713203192118,Low
2230-XTUWL,Two year,48,19.55,No,0.026905602299511333,Low
8711-LOBKY,Two year,59,19.85,No,0.026835639066833585,Low
4589-IUAJB,Two year,70,24.25,No,0.026681056896415787,Low
2207-RYYRL,Two year,52,24.55,No,0.026649580640274527,Low
1862-QRWPE,Two year,48,20.65,No,0.026559916830500675,Low
2169-RRLFW,Two year,71,25.6,No,0.02652755470691427,Low
0769-MURVM,Two year,72,65.7,No,0.02638372566785795,Low
8966-SNIZF,Two year,70,19.45,No,0.026326471201469418,Low
3769-MHZNV,Two year,33,20.1,No,0.026320274772323415,Low
1460-UZPRJ,Two year,60,19.95,No,0.02629746488906002,Low
4979-HPRFL,Two year,56,24.15,No,0.02626451591452589,Low
4534-WGCIR,Two year,58,25.15,No,0.026248521152828216,Low
4139-DETXS,Two year,72,64.45,No,0.02624841182268697,Low
1207-BLKSA,Two year,52,23.05,No,0.02605619009468976,Low
4821-WQOYN,Two year,72,20.1,No,0.02587825736116487,Low
2072-ZVJJX,Two year,68,25.25,No,0.02584935464944772,Low
3910-MRQOY,Two year,72,19.4,No,0.025740992454548143,Low
1241-EZFMJ,Two year,61,25.45,No,0.025607252317042552,Low
8532-UEFWH,Two year,52,25.75,No,0.025601057960000593,Low
5804-JMYIO,Two year,39,19.75,No,0.02550703023584581,Low
4973-MGTON,Two year,71,84.4,No,0.025452382270041606,Low
1709-EJDOX,Two year,47,19.75,No,0.025240871300947067,Low
6479-SZPLM,Two year,36,19.45,No,0.025211974032392084,Low
0825-CPPQH,Two year,71,19.1,No,0.025177355870636527,Low
9443-JUBUO,Two year,72,65.25,No,0.025143588604993803,Low
3996-ZNWYK,Two year,71,19.8,No,0.025140484348794394,Low
2642-MAWLJ,Two year,36,20.25,No,0.025122445556069493,Low
7033-CLAMM,Two year,48,20.2,No,0.025060995712321094,Low
5220-AGAAX,Two year,68,24.0,No,0.024956347991409077,Low
1574-DYCWE,Two year,51,19.95,No,0.02493389265482256,Low
9435-JMLSX,Two year,71,86.1,No,0.02492146658544083,Low
3779-OSWCF,Two year,71,93.2,No,0.024916367918478254,Low
7873-CVMAW,Two year,72,88.55,No,0.024843801083306822,Low
1166-PQLGG,Two year,72,19.55,No,0.0247566613954615,Low
2990-IAJSV,Two year,72,92.0,No,0.024727979834181513,Low
7602-DBTOU,Two year,71,19.6,No,0.024727523034958777,Low
4443-EMBNA,Two year,71,24.75,No,0.024699015238891963,Low
0404-AHASP,Two year,72,19.7,No,0.02444823070249345,Low
5793-YOLJN,Two year,55,21.0,No,0.024358139624464065,Low
5846-ABOBJ,Two year,71,24.45,No,0.02430550830199182,Low
2848-YXSMW,Two year,72,19.4,No,0.024142868524217372,Low
2984-RGEYA,Two year,69,19.75,No,0.024008196141618133,Low
1293-BSEUN,Two year,72,20.7,No,0.02385713711551552,Low
4086-WITJG,Two year,71,19.7,No,0.023706635180578767,Low
2569-WGERO,Two year,72,21.15,No,0.023616177870676866,Low
0603-TPMIB,Two year,59,25.45,No,0.02352773112793542,Low
8727-JQFHV,Two year,57,20.75,No,0.023485359426590306,Low
0042-RLHYP,Two year,69,19.7,No,0.023481544514332472,Low
4779-ZGICK,Two year,48,23.55,No,0.023474047585568633,Low
1106-HRLKZ,Two year,40,19.6,No,0.023359664157635362,Low
0704-VCUMB,Two year,61,20.25,No,0.023358080287565506,Low
6370-ZVHDV,Two year,61,25.3,No,0.023317692978678986,Low
2400-FEQME,Two year,55,20.5,No,0.0232060609268263,Low
7980-MHFLQ,Two year,72,24.9,No,0.022976347812066353,Low
5902-WBLSE,Two year,70,20.15,No,0.022690086848610777,Low
9297-EONCV,Two year,72,91.35,No,0.022617889444832187,Low
4312-KFRXN,Two year,72,25.4,No,0.022554455005983368,Low
8774-GSBUN,Two year,72,25.4,No,0.022554455005983368,Low
0744-BIKKF,Two year,72,86.65,No,0.0221837140249034,Low
6340-DACFT,Two year,50,20.55,No,0.022138243525387815,Low
2050-ONYDQ,Two year,65,26.0,No,0.022124056178507982,Low
7115-IRDHS,Two year,72,24.65,No,0.02200022627070483,Low
9068-FHQHD,Two year,40,20.15,No,0.021876576733220156,Low
6928-ONTRW,Two year,72,19.7,No,0.021733341911749804,Low
7579-KKLOE,Two year,71,91.25,No,0.021679142203230053,Low
6169-PPETC,Two year,35,20.5,No,0.021540531524718364,Low
6345-FZOQH,Two year,69,19.9,No,0.021525375153409593,Low
3913-RDSJZ,Two year,64,25.55,No,0.02149029035637816,Low
3457-PQBYH,Two year,58,20.3,No,0.02143299454347558,Low
3173-WSSUE,Two year,71,19.7,No,0.021266512830519967,Low
4674-HGNUA,Two year,71,89.9,No,0.02124992603799224,Low
6997-UVGOX,Two year,71,85.45,No,0.021039211701531377,Low
7398-HPYZQ,Two year,71,90.55,No,0.020991087863369756,Low
4785-FCIFB,Two year,61,24.4,No,0.020891268901275777,Low
8164-OCKUJ,Two year,59,20.6,No,0.020890583164949374,Low
8285-ABVLB,Two year,70,19.85,No,0.020869437908945142,Low
3170-NMYVV,Two year,50,20.15,No,0.02077039599549054,Low
0363-SVHYR,Two year,71,86.85,No,0.02057486216198035,Low
6365-HITVU,Two year,71,87.25,No,0.020546877855173944,Low
0971-QIFJK,Two year,69,24.25,No,0.020496098531423288,Low
3190-ITQXP,Two year,46,20.25,No,0.020478441267622497,Low
7634-HLQJR,Two year,47,20.05,No,0.020470630249866832,Low
0730-BGQGF,Two year,71,90.3,No,0.020465757192552506,Low
5845-BZZIB,Two year,35,20.1,No,0.020440490926226684,Low
6885-PKOAM,Two year,71,85.75,No,0.020431461637401633,Low
9153-BTBVV,Two year,71,25.0,No,0.020280091013050793,Low
2632-TACXW,Two year,62,23.65,No,0.02021173931871642,Low
2194-IIQOF,Two year,71,89.3,No,0.020205097518766927,Low
3508-VLHCZ,Two year,71,90.55,No,0.020165452826865438,Low
7717-BICXI,Two year,60,20.55,No,0.020131390404163643,Low
2346-LOCWC,Two year,58,20.5,No,0.020121503465581007,Low
7161-DFHUF,Two year,71,23.85,No,0.020109878627192504,Low
0244-LGNFY,Two year,72,92.65,No,0.020003001407665453,Low
0505-SPOOW,Two year,70,19.8,No,0.019755642742276768,Low
9251-AWQGT,Two year,48,20.0,No,0.019734665149655228,Low
4231-LZUYM,Two year,72,25.65,No,0.01961463398254527,Low
1820-DJFPH,Two year,72,24.05,No,0.019498367272259783,Low
0485-ZBSLN,Two year,65,24.75,No,0.01949105249257266,Low
7969-FFOWG,Two year,65,19.9,No,0.019380789090573038,Low
6060-QBMGV,Two year,70,19.85,No,0.019287184786462387,Low
6619-RPLQZ,Two year,45,20.85,No,0.019234061507051727,Low
6461-SZMCV,Two year,71,87.95,No,0.0191789838226112,Low
1591-XWLGB,Two year,71,19.85,No,0.019150794773172795,Low
5117-ZSMHQ,Two year,71,89.9,No,0.01899663320861197,Low
3569-JFODW,Two year,72,90.95,No,0.018985224474691795,Low
2545-LXYVJ,Two year,72,20.7,No,0.018896744002875877,Low
7101-HRBLJ,Two year,72,83.7,No,0.01887428984192594,Low
9489-JMTTN,Two year,72,89.75,No,0.018719796769913585,Low
4277-BWBML,Two year,72,19.95,No,0.01870956337454667,Low
3084-DOWLE,Two year,72,92.0,No,0.018671415839563166,Low
3967-KXAPS,Two year,72,92.3,No,0.018650278707954333,Low
6651-RLGGM,Two year,67,26.3,No,0.01860114127186673,Low
6963-KQYQB,Two year,70,24.05,No,0.0185587713730987,Low
5970-GHJAW,Two year,46,19.95,No,0.018508746091566074,Low
8215-NGSPE,Two year,42,20.0,No,0.018481202049504424,Low
9081-WWXKP,Two year,47,20.25,No,0.018452909706482192,Low
6892-BOGQE,Two year,71,20.9,No,0.018328176664131376,Low
0394-YONDK,Two year,70,25.15,No,0.018184348242845948,Low
8780-IHCRN,Two year,63,24.65,No,0.018178530313847332,Low
2925-VDZHY,Two year,72,88.7,No,0.01812264860079681,Low
4817-KEQSP,Two year,71,19.85,No,0.018114498925623803,Low
6621-NRZAK,Two year,63,20.0,No,0.01807447655214269,Low
0831-JNISG,Two year,71,19.8,No,0.01807229484674542,Low
6479-VDGRK,Two year,72,85.3,No,0.01802141676788184,Low
8197-BFWVU,Two year,72,93.25,No,0.017985528747819945,Low
1775-KWJKQ,Two year,72,89.85,No,0.017896284482162104,Low
7408-OFWXJ,Two year,72,89.8,No,0.017829470901129935,Low
0238-WHBIQ,Two year,72,89.7,No,0.017822907324636112,Low
7463-IFMQU,Two year,72,20.05,No,0.01775457688572705,Low
6408-WHTEF,Two year,72,89.4,No,0.017747735533044977,Low
1299-AURJA,Two year,70,24.7,No,0.01772708173852747,Low
6181-AXXYF,Two year,72,24.75,No,0.01771109233749671,Low
3261-CQXOL,Two year,71,25.45,No,0.017651190929689475,Low
9838-BFCQT,Two year,72,26.1,No,0.0175874379932495,Low
7711-GQBZC,Two year,71,24.7,No,0.017573586453929042,Low
5377-NDTOU,Two year,71,91.05,No,0.017373307330354425,Low
3810-PJUHR,Two year,70,25.35,No,0.017347890641339337,Low
5854-KSRBJ,Two year,70,25.4,No,0.017347890641339337,Low
3774-VBNXY,Two year,64,20.2,No,0.01723905538174809,Low
8750-QWZAJ,Two year,70,19.8,No,0.017181789756555644,Low
7225-IILWY,Two year,68,25.75,No,0.017170924687990734,Low
7268-WNTCP,Two year,62,20.45,No,0.017138744523518358,Low
4077-HWUYD,Two year,72,87.55,No,0.017113936772491647,Low
6857-TKDJV,Two year,67,24.65,No,0.01705108529880813,Low
5884-FBCTL,Two year,72,25.1,No,0.017027564718610937,Low
9537-JALFH,Two year,69,19.9,No,0.016982572446156828,Low
5879-HMFFH,Two year,72,88.05,No,0.016965529548230697,Low
4718-WXBGI,Two year,72,91.95,No,0.016633089825687855,Low
6285-FTQBF,Two year,72,25.55,No,0.01652158976693745,Low
5766-FTRTS,Two year,72,84.45,No,0.016379073151019195,Low
1227-UDMZR,Two year,72,91.15,No,0.016256060707326984,Low
6976-BWGLQ,Two year,72,25.2,No,0.01624164181821364,Low
3678-MNGZX,Two year,68,19.95,No,0.016175545324274093,Low
1927-QEWMY,Two year,72,20.5,No,0.01608905088026001,Low
4193-IBKSW,Two year,72,24.75,No,0.016082018229015258,Low
9453-PATOS,Two year,72,85.1,No,0.0159751277618705,Low
0962-CQPWQ,Two year,62,20.3,No,0.01585470384912661,Low
5242-UOWHD,Two year,45,20.35,No,0.01584816042790455,Low
7684-XSZIY,Two year,72,24.3,No,0.015842657416106264,Low
1971-DTCZB,Two year,72,90.95,No,0.015811709305778892,Low
4195-PNGZS,Two year,69,24.45,No,0.015766831566332892,Low
0480-KYJVA,Two year,72,24.25,No,0.015764606340372942,Low
0174-QRVVY,Two year,71,25.35,No,0.015755402528042185,Low
8434-VGEQQ,Two year,61,20.55,No,0.015624959873979183,Low
8946-BFWSG,Two year,63,25.25,No,0.015589944712936243,Low
5997-OPVFA,Two year,72,89.05,No,0.015564650338830812,Low
5980-BDHPY,Two year,72,87.1,No,0.015564650338830812,Low
2236-HILPA,Two year,62,20.65,No,0.015504066013709525,Low
0640-YJTPY,Two year,72,21.0,No,0.015495193442352131,Low
9778-OGKQZ,Two year,72,92.0,No,0.015440074867175706,Low
9574-BOSMD,Two year,68,25.4,No,0.015397153251075506,Low
7064-JHXCE,Two year,62,20.05,No,0.01538933905980828,Low
1951-IEYXM,Two year,72,90.6,No,0.015365102810745018,Low
7010-BRBUU,Two year,72,24.1,No,0.015335908600364207,Low
5727-MYATE,Two year,72,90.8,No,0.01529172565321903,Low
7876-DNYAP,Two year,69,19.8,No,0.015214238478610547,Low
3642-BYHDO,Two year,71,19.9,No,0.014981529992172348,Low
4878-BUNFV,Two year,42,20.7,No,0.014767925540250143,Low
0402-OAMEN,Two year,72,24.45,No,0.014725641039991104,Low
0794-YVSGE,Two year,72,20.3,No,0.01468442830617794,Low
0902-XKXPN,Two year,69,20.2,No,0.014532180676882556,Low
8224-KDLKN,Two year,72,25.0,No,0.014463992669757472,Low
0464-WJTKO,Two year,72,20.1,No,0.014263483650182329,Low
5248-YGIJN,Two year,72,90.25,No,0.014098710694706878,Low
6701-YVNQG,Two year,72,88.7,No,0.014098710694706878,Low
1555-HAPSU,Two year,71,23.9,No,0.01406528987173609,Low
0264-CNITK,Two year,71,20.1,No,0.01379665456895249,Low
0562-HKHML,Two year,71,23.9,No,0.01363659213172735,Low
1052-QJIBV,Two year,71,19.9,No,0.013422719160100911,Low
7673-BQGKU,Two year,69,20.15,No,0.013359121060949634,Low
8165-ZJRNM,Two year,72,23.75,No,0.013333760532198976,Low
6980-IMXXE,Two year,69,20.2,No,0.012766129623647617,Low
9800-OUIGR,Two year,66,20.0,No,0.012710562782483092,Low
1403-GYAFU,Two year,70,20.05,No,0.012151777594833322,Low
8229-BUJHX,Two year,71,20.5,No,0.012010773798842047,Low
4957-SREEC,Two year,70,20.35,No,0.011330954741501842,Low
